0ProcessExecTime,1AveragePolicyStd,1Entropy,ComputeUpdatedDistTime,1AverageReturn,1EnvExecTime,0EnvExecTime,0NumTrajs,0AveragePolicyStd,1ExplainedVariance,1StdReturn,MeanKL,MeanKLBefore,0Perplexity,0AverageReturn,0MinReturn,0StdReturn,LossAfter,0MaxReturn,1MaxReturn,1PolicyExecTime,1NumTrajs,0Entropy,1ProcessExecTime,0ExplainedVariance,0PolicyExecTime,dLoss,1Perplexity,1MinReturn,LossBefore,ItrTime,Time
0.7167603969573975,1.00064,11.3565,0.8824326992034912,-8.75397207341,82.03912544250488,81.97218537330627,200,1.0,0.169939100205,51.892993043,0.00790112279356,-3.89991461347e-09,85093.6,-7.35294091079,-208.496108727,52.5467622817,-0.0118081094697,125.875017775,159.917740105,26.963796138763428,200,11.3515,0.6666886806488037,0.155063977075,19.082890510559082,0.0118081101864,85521.4,-180.72312613,7.16681824997e-10,219.10094475746155,219.1009395122528
0.6974697113037109,1.0019,11.3666,0.09807991981506348,-10.8486644445,81.9766845703125,82.3201515674591,200,1.00179,0.181704133285,50.4170793285,0.00770552782342,2.93949309338e-09,86312.7,-10.3493670451,-219.99647606,54.4683881643,-0.0109227374196,135.622441079,106.364832166,26.742629289627075,200,11.3657,0.6467790603637695,0.19079341142,22.757012128829956,0.0109227366629,86387.3,-203.078559203,-7.56699591875e-10,223.68079352378845,443.3704524040222
0.6884348392486572,1.00199,11.3671,0.0994715690612793,-7.71827731458,83.2114908695221,81.65251207351685,200,1.00233,0.19715430431,50.2582774916,0.00864595174789,2.43308111436e-08,86678.0,-8.7603279238,-145.683157519,49.6176968231,-0.0127473436296,148.559768163,112.668219302,27.835639238357544,200,11.37,0.6766514778137207,0.178506593642,18.655320644378662,0.0127473394386,86431.2,-171.389777521,-4.19095158577e-09,220.89563584327698,664.7518784999847
0.687030553817749,1.00451,11.3872,0.09914612770080566,-5.3834230133,82.5017831325531,82.71856117248535,200,1.00385,0.16043676361,48.8495254143,0.00773653574288,2.692073231e-10,87726.9,-7.55952828656,-176.071323643,50.3083970108,-0.0120721943676,127.083213945,195.74637392,27.153565406799316,200,11.382,0.6719975471496582,0.191304370511,23.49297022819519,0.0120721965795,88183.2,-201.326252028,2.21189111471e-09,225.86766815185547,891.0901391506195
0.7258090972900391,1.00472,11.3888,0.11956191062927246,-13.8377003809,86.4837396144867,83.4962375164032,200,1.00558,0.238109924568,55.0249666119,0.00817018095404,4.3364480895e-09,88944.4,-7.89760423654,-212.176326768,52.4042816382,-0.0119039043784,112.113785066,184.977203555,30.114089488983154,200,11.3958,0.6975195407867432,0.193774591972,22.261028051376343,0.0119039051206,88330.6,-206.287900154,7.42147676647e-10,231.03132271766663,1122.7754774093628
0.7387385368347168,1.00494,11.3904,0.10338354110717773,-6.69033485117,85.64600110054016,85.04566955566406,200,1.00447,0.189339742981,42.9000963518,0.00880749151111,2.20607088153e-08,88149.9,-4.54543416286,-128.896803733,45.5587542692,-0.0117047978565,122.651656634,125.179627761,29.729296922683716,200,11.3868,0.7063190937042236,0.174645859269,20.391141414642334,0.0117048014072,88468.4,-119.967094604,3.55066731572e-09,232.37754774093628,1355.5685060024261
0.7539060115814209,1.00283,11.373,0.10721206665039062,2.58801523195,86.79422450065613,85.44580030441284,200,1.0041,0.172965040963,56.9644742288,0.00820060260594,-1.30966766321e-08,87836.6,-0.620332225277,-188.596463633,53.0164271729,-0.0122053716332,167.271950845,182.902051504,36.024123191833496,200,11.3832,0.7215452194213867,0.184230179511,20.288286685943604,0.0122053685191,86946.5,-174.942862948,-3.11410985887e-09,237.84989023208618,1593.8773002624512
0.7618238925933838,1.01011,11.4308,0.10934138298034668,-2.54056571783,85.93987941741943,85.89052033424377,200,1.00923,0.177860425492,51.7010814787,0.00868063233793,4.01631927716e-09,91485.9,-8.07348741255,-183.342507263,47.6021370334,-0.0120270885527,129.859493359,170.303683501,28.258573532104492,200,11.4239,0.7134966850280762,0.186701005389,21.592097759246826,0.0120270923362,92113.7,-209.703899625,3.78349795938e-09,232.96832394599915,1827.5704402923584
0.7431907653808594,1.01023,11.4319,0.10764575004577637,-6.9422098068,90.8251326084137,85.4074010848999,200,1.00988,0.161064171579,45.3088814542,0.00926409848034,-3.70200936572e-08,91970.2,-7.39548424357,-134.765948267,51.3282511978,-0.0125617347658,124.108788735,144.03403464,33.18714380264282,200,11.4292,0.7820653915405273,0.169567870422,25.841776371002197,0.0125617320882,92217.9,-180.591878724,-2.67755240202e-09,245.2594118118286,2073.315259218216
0.8298740386962891,1.01048,11.434,0.1304013729095459,-4.28708144042,91.30558013916016,92.19607353210449,200,1.00957,0.1687940319,52.3223468043,0.00826492998749,2.40979645127e-08,91754.7,-7.46964281034,-149.633384041,45.5661332767,-0.0122158899903,123.018864695,194.296610141,34.06053042411804,200,11.4269,0.7428054809570312,0.161005120667,25.502246618270874,0.0122158926097,92408.7,-184.514142861,2.61934474111e-09,254.03128099441528,2327.890462398529
0.7683145999908447,1.01327,11.4556,0.10234236717224121,-8.14563335773,91.21031856536865,90.40118718147278,200,1.01166,0.160835143091,46.6779620713,0.00762952119112,-3.53902294137e-08,93269.4,-2.10466554693,-165.710916146,51.5164028682,-0.0120672937483,153.597557082,135.144663271,37.48477029800415,200,11.4432,0.7508184909820557,0.162558417837,24.596113681793213,0.0120672986377,94424.4,-158.257676791,4.88944351673e-09,255.08787560462952,2583.508708715439
0.7735075950622559,1.0106,11.4351,0.12260079383850098,1.73941670849,90.61406421661377,89.86952662467957,200,1.01142,0.163575674863,44.8783548176,0.0074188252911,-4.19095114168e-09,93103.7,-8.05185040785,-212.310878506,53.5581241727,-0.0116089936346,111.932824131,159.098299941,37.68182563781738,200,11.4415,0.7171556949615479,0.180210398593,25.015713453292847,0.0116089960793,92511.8,-170.188651146,2.44472175837e-09,254.24499440193176,2838.515653848648
0.7439315319061279,1.01453,11.4654,0.10082197189331055,0.0637657758637,90.38085961341858,90.14820599555969,200,1.01366,0.161865023764,51.1260618446,0.00764425517991,-3.89991372529e-09,94719.0,0.50129235902,-116.327284931,46.4753991231,-0.0115311173722,127.559904664,169.380160653,39.647988080978394,200,11.4587,0.7357230186462402,0.171924157106,24.710826873779297,0.0115311242407,95354.0,-178.878412215,6.86850398779e-09,254.43808960914612,3093.42919921875
0.6595208644866943,1.01296,11.4536,0.09206843376159668,-4.59092853591,84.38743138313293,85.31873965263367,200,1.01327,0.173374930241,52.5696774973,0.00753235630691,-2.85217383045e-09,94458.1,0.949961055178,-164.80996912,48.7216830023,-0.0119427647442,145.209944173,153.564053238,27.363765001296997,200,11.4559,0.6326472759246826,0.165460646996,18.79901909828186,0.0119427682366,94240.2,-209.536326461,3.49245965481e-09,224.85634326934814,3318.768691778183
0.679757833480835,1.01562,11.4742,0.10406208038330078,-2.67138807481,84.9419777393341,84.50754857063293,200,1.01562,0.139780009812,50.3490003877,0.00848428253084,1.43627607585e-08,96199.9,-7.65759028137,-173.391642888,53.7353351772,-0.0115786138922,125.348196478,181.708008051,31.242884159088135,200,11.4742,0.6286664009094238,0.186070508253,20.179075002670288,0.0115786233218,96206.2,-189.231024675,9.42964106798e-09,229.52855277061462,3548.9777767658234
0.6486997604370117,1.01713,11.4862,0.11705160140991211,-12.8983319614,84.30407977104187,83.42703771591187,200,1.01685,0.19943965099,56.2426529287,0.00804611388594,-1.92085236606e-09,97152.8,-7.74125817839,-211.695736339,52.9429869614,-0.0123788183555,160.135331979,136.50371819,27.29750156402588,200,11.484,0.6333298683166504,0.194082362704,25.18805718421936,0.012378819476,97362.9,-205.077845079,1.12049747258e-09,228.9685137271881,3778.4431953430176
0.6479623317718506,1.01562,11.4746,0.11928701400756836,-0.982018706671,84.97629904747009,85.30958294868469,200,1.01691,0.156304697655,49.4998309442,0.00800714641809,4.22014534429e-10,97238.6,-3.84375557115,-191.175309469,54.4604420678,-0.0123290270567,160.895258768,146.303763977,32.14754128456116,200,11.4849,0.630852460861206,0.164829261173,18.758951663970947,0.0123290219344,96242.3,-173.22859884,-5.12227416039e-09,230.082377910614,4008.998594522476
0.649338960647583,1.0145,11.4658,0.11909699440002441,-1.73653085736,84.74016165733337,84.14221239089966,200,1.0141,0.152683858752,46.500226565,0.00816140603274,-2.561141077e-09,95103.6,-3.1926799445,-147.848677838,48.2738411105,-0.0133420173079,121.543443934,112.699680106,26.03290843963623,200,11.4627,0.6365220546722412,0.165481236099,19.785982131958008,0.0133420156199,95401.0,-128.229211649,-1.68802216649e-09,223.71489191055298,4233.193724870682
0.6675400733947754,1.01319,11.4547,0.10919857025146484,-5.78971303736,84.34052181243896,84.95781087875366,200,1.01235,0.161098194824,55.0281718963,0.00751977227628,-5.56610295632e-08,93775.9,-5.2559740189,-194.580818017,48.5102209869,-0.0122558604926,94.1473235206,134.012593693,30.681879997253418,200,11.4487,0.6262753009796143,0.198694101213,25.42478060722351,0.0122558642179,94345.9,-198.705157616,3.72529029846e-09,235.52503108978271,4469.327528476715
0.65509033203125,1.01303,11.4542,0.09824657440185547,-2.17525492763,85.30549478530884,84.26358723640442,200,1.01389,0.143009106653,42.4689387347,0.00888849236071,4.71482053399e-09,94938.3,-1.67092696803,-174.209391108,50.1360124904,-0.0130747724324,120.878904744,125.557522522,27.62072205543518,200,11.461,0.6499769687652588,0.132094473352,18.389443397521973,0.013074772316,94299.5,-132.424244138,-1.16415321827e-10,224.29579734802246,4694.047695875168
0.658970832824707,1.01136,11.4411,0.09152483940124512,3.24849983818,84.72667050361633,83.64863419532776,200,1.01317,0.140721028907,43.5660225946,0.00808698683977,1.06519975063e-08,94416.9,-3.9021740749,-199.771854106,50.6614283925,-0.011782377027,122.629835533,126.555691079,27.460572004318237,200,11.4555,0.6283929347991943,0.177837336834,26.194759607315063,0.0117823774926,93073.5,-135.739850463,4.65661287308e-10,232.11806678771973,4926.6303651332855
0.6388680934906006,1.01345,11.4576,0.12260103225708008,-4.47528940843,85.60420227050781,84.07401442527771,200,1.01416,0.170631559208,47.984931839,0.00804323609918,-8.20728285333e-09,95162.6,-3.35557301203,-228.334481619,55.5664193555,-0.0129998829216,172.945779961,99.0806551641,33.3588604927063,200,11.4633,0.6516611576080322,0.176450627624,18.135647535324097,0.0129998792545,94613.6,-190.766263592,-3.66708263755e-09,230.32027626037598,5157.394561052322
0.6481385231018066,1.01525,11.4719,0.10166239738464355,-1.5819504988,84.48972773551941,84.32894802093506,200,1.0151,0.161183270176,56.275827815,0.00794915761799,-3.95811916576e-09,95873.5,-3.50520569315,-162.466468092,42.1241852217,-0.0118000796065,85.2029637094,166.987303335,30.905025482177734,200,11.4708,0.6349310874938965,0.144742852528,19.797144651412964,0.0118000748334,95985.0,-190.367632502,-4.7730281949e-09,228.1594865322113,5386.261068344116
0.6428532600402832,1.01129,11.4406,0.11321091651916504,2.46311721067,85.79268145561218,83.69153094291687,200,1.01192,0.149695071326,46.1559590394,0.00744667556137,-2.23517488962e-08,93493.1,-9.44520544526,-206.903885893,55.5316051881,-0.0127598959953,162.391027035,201.495770177,27.70925521850586,200,11.4456,0.6433615684509277,0.171508221622,19.391744136810303,0.0127598963882,93019.2,-145.561604567,3.92901711166e-10,225.10009217262268,5611.856765985489
0.6627590656280518,1.01265,11.4514,0.13160061836242676,-4.75554039173,84.42276644706726,84.03917026519775,200,1.01345,0.160552171352,48.8443399586,0.00780530553311,-1.88301729764e-08,94618.9,-4.98079221614,-180.687559412,50.1456928858,-0.0120385279879,118.084426946,125.110648795,27.382002115249634,200,11.4576,0.6313726902008057,0.166755039824,24.95929741859436,0.0120385274058,94035.1,-175.6289179,-5.82076609135e-10,229.96697354316711,5842.2724351882935
0.6528775691986084,1.01065,11.4352,0.10583305358886719,0.41853668308,85.68567085266113,84.126953125,200,1.01,0.145800455081,47.8404386771,0.00823873840272,-1.62399569348e-08,92041.4,1.93819313486,-115.797751621,44.8594156857,-0.0132351312786,141.537512643,126.167438933,31.8527090549469,200,11.43,0.6619703769683838,0.164265829572,19.6605327129364,0.0132351359352,92518.5,-169.334616834,4.65661287308e-09,230.3501467704773,6073.085649967194
0.6716306209564209,1.01028,11.4324,0.10590815544128418,-0.182024507634,85.15640497207642,84.03650665283203,200,1.01148,0.153836811847,51.5351203437,0.00804741866887,6.7446048746e-15,93129.6,-1.64623709924,-188.905705331,55.7987976724,-0.0127176046371,189.944219869,166.818562692,27.4049129486084,200,11.4417,0.6349520683288574,0.163787297126,25.267472982406616,0.0127176137103,92260.8,-207.272772486,9.07311914489e-09,231.29260897636414,6304.865443944931
0.6494772434234619,1.00964,11.4272,0.08965754508972168,-1.91790608977,85.06502056121826,84.56774735450745,200,1.01131,0.172177462557,53.3594481324,0.00813567731529,-4.78975863416e-08,93026.0,-0.686156811375,-182.760311128,54.0153023083,-0.0138517748564,178.998007683,232.412949253,33.71052813529968,200,11.4406,0.6320929527282715,0.15645043588,18.314669847488403,0.0138517787564,91780.1,-151.252646386,3.8999132812e-09,229.81523489952087,6535.128084182739
0.6513826847076416,1.0145,11.4655,0.10984992980957031,-2.76140532673,85.01434469223022,84.0671284198761,200,1.01443,0.142977454654,46.5974612092,0.00788374990225,-8.38189961883e-09,95333.3,-1.93484683814,-192.537316725,47.7283274998,-0.0128899440169,152.095408792,128.454838855,25.954879760742188,200,11.4651,0.6306107044219971,0.15834969308,19.695316791534424,0.0128899473348,95366.0,-160.683932823,3.31783667207e-09,223.48658418655396,6759.082559347153
0.6636874675750732,1.01743,11.4883,0.11910748481750488,0.7009314275,84.29174661636353,84.82408785820007,200,1.01686,0.153110850771,50.7367621728,0.00851301196963,-2.07219397197e-08,97181.0,3.64124539937,-156.101320601,45.3941006971,-0.0129072591662,130.656920354,120.053603792,32.670796394348145,200,11.4843,0.6442031860351562,0.156426125888,25.572232007980347,0.0129072611453,97569.0,-152.82323834,1.97906047106e-09,236.15243434906006,6995.738705635071
0.649681806564331,1.01615,11.4782,0.10893940925598145,0.459998600328,85.48690557479858,84.1120502948761,200,1.01626,0.16254753036,49.0565783552,0.00791444256902,-6.00411738105e-08,96679.5,-4.20156261244,-185.786376746,50.5380885821,-0.0134530570358,154.798007762,181.96241147,27.535815477371216,200,11.4792,0.6359245777130127,0.160282208825,17.994569063186646,0.0134530600626,96590.1,-162.076160056,3.0267983675e-09,224.58673238754272,7220.835465669632
0.6648132801055908,1.01755,11.4896,0.10699820518493652,4.76984243538,84.19700741767883,84.0506763458252,200,1.018,0.150367310905,45.8899064541,0.00756122590974,-2.38651214346e-08,98014.7,-1.18645928102,-179.275643994,54.8614708561,-0.0122329760343,155.350998284,159.911774837,32.40329599380493,200,11.4929,0.6333870887756348,0.156556022941,19.885759115219116,0.0122329741716,97690.6,-179.706198913,-1.86264514923e-09,228.38060188293457,7449.684019327164
0.6529450416564941,1.01897,11.5005,0.11786341667175293,0.36701938339,84.69146990776062,84.37899327278137,200,1.01896,0.153872675357,47.4431231707,0.00877951644361,-2.27009895326e-08,98784.5,2.23299385829,-160.393111223,47.2831811743,-0.0118503021076,155.214306946,144.374287322,30.782431602478027,200,11.5007,0.6469898223876953,0.130267835749,18.879368543624878,0.0118503022823,98767.4,-141.632356723,1.7462298274e-10,229.71659541130066,7679.849120616913
0.6730434894561768,1.01695,11.4846,0.1914515495300293,1.41888006976,85.06893038749695,84.65305089950562,200,1.0165,0.15194068528,41.8635246596,0.00789495464414,-1.93249540814e-08,96888.6,-1.03164672947,-131.846978899,47.7845096318,-0.013072126545,142.850600604,142.249475168,27.85276508331299,200,11.4813,0.6335809230804443,0.148649664786,23.740449905395508,0.0130721247406,97202.7,-117.348751722,-1.80443748832e-09,230.00065660476685,7910.273783922195
0.6428937911987305,1.01874,11.4988,0.09276342391967773,-1.42515718551,85.66303062438965,84.02803301811218,200,1.02046,0.168368585325,58.8045960231,0.00859631970525,1.57161128556e-09,99951.6,5.2634790567,-171.603417955,45.8210371616,-0.012832198292,140.728887138,149.702620589,27.579654216766357,200,11.5124,0.6580548286437988,0.140721723828,18.679605722427368,0.012832194363,98601.9,-222.322408703,-3.92901711166e-09,226.004647731781,8136.682337999344
0.6522762775421143,1.01841,11.4961,0.1122283935546875,5.91850657932,84.773428440094,84.34116649627686,200,1.01896,0.163076697192,40.6773277887,0.00751689821482,1.77533976409e-09,98751.4,-3.07180989393,-217.038128338,51.1375328375,-0.0117889521644,139.908122199,127.279744811,28.105706453323364,200,11.5004,0.6318292617797852,0.1805506465,24.47958779335022,0.0117889557732,98331.4,-142.451110235,3.60887497663e-09,228.90088272094727,8366.051021814346
0.6456832885742188,1.02023,11.5097,0.11024785041809082,-1.86504966273,85.04904007911682,84.29189229011536,200,1.01996,0.150888880988,48.3268739442,0.00855995900929,-3.73693254119e-08,99470.8,1.53014833065,-157.816621658,47.2090151957,-0.0127074662596,227.616257963,135.302356627,38.5936176776886,200,11.5076,0.6463911533355713,0.14179838998,17.575889348983765,0.0127074628836,99673.3,-160.76103867,-3.37604433298e-09,236.1273558139801,8602.65831565857
0.6534178256988525,1.01882,11.4986,0.1024618148803711,7.91970388048,84.98144292831421,84.57791185379028,200,1.01892,0.159267317154,52.3429150746,0.00721017504111,4.61295091014e-09,98691.6,5.3249490053,-155.092224745,46.2548801307,-0.011460820213,143.112997159,142.513911436,28.343406677246094,200,11.4998,0.6495349407196045,0.128756564839,18.90454077720642,0.0114608227741,98582.5,-166.552101476,2.56113708019e-09,226.32336115837097,8829.446113109589
0.6609988212585449,1.02084,11.5149,0.09619832038879395,5.47204127656,85.08678841590881,85.27638125419617,200,1.02044,0.142111172774,48.8834556786,0.00809828098863,2.52621372709e-08,99878.0,1.416167544,-217.274910673,54.5811480705,-0.0135464128107,174.67482521,132.761039081,28.585663557052612,200,11.5117,0.6422567367553711,0.167107019992,17.743391036987305,0.0135464186387,100202.0,-210.775816753,5.82804204896e-09,226.59817481040955,9056.467102766037
0.6496376991271973,1.022,11.524,0.11709356307983398,-4.98989741917,81.98547744750977,83.65104842185974,200,1.02124,0.147943259078,49.0253287925,0.00774641800672,1.98487963843e-08,100516.0,1.49221857074,-191.269877482,51.1909110205,-0.0129886716604,142.860398659,128.158456919,24.170047760009766,200,11.5181,0.6081094741821289,0.141416829008,24.021394729614258,0.0129886675859,101119.0,-210.591301298,-4.07453626394e-09,221.8760085105896,9278.823732852936
0.6156108379364014,1.02216,11.5249,0.10685873031616211,2.79112954065,82.27642798423767,82.26892447471619,200,1.02072,0.135140713764,44.6753746195,0.0076053654775,-2.00380032567e-08,100059.0,6.03356339255,-147.930751239,50.1540165731,-0.0118570365012,173.980326462,112.231104041,23.914921283721924,200,11.5135,0.6093261241912842,0.156468062758,26.71369433403015,0.0118570345221,101205.0,-142.10904241,-1.97906047106e-09,222.31171894073486,9501.549212217331
0.6213116645812988,1.01904,11.5,0.10001587867736816,3.01036882843,83.12906837463379,81.96798753738403,200,1.01976,0.146786742409,43.1217995355,0.00830933451653,-4.19094137172e-09,99257.5,7.18480834103,-154.113127654,47.483029633,-0.0118952635676,133.867256667,124.684444989,24.57558298110962,200,11.5055,0.6107585430145264,0.141133245667,15.34290885925293,0.0118952677585,98716.5,-126.007980646,4.19095158577e-09,212.8878722190857,9714.87671136856
0.6308448314666748,1.01661,11.4808,0.09877824783325195,4.47059899121,81.93137979507446,81.12227702140808,200,1.01764,0.157967823017,52.9966481045,0.00844502914697,-1.12341078662e-08,97611.8,-0.497777453966,-165.470384585,47.6225471545,-0.0117473863065,141.628910649,151.736390005,30.38500475883484,200,11.4888,0.5962541103363037,0.142396496096,15.625611066818237,0.0117473879218,96834.9,-204.917426472,1.61526259035e-09,216.48728466033936,9932.101551294327
0.6154627799987793,1.01761,11.4878,0.1221616268157959,5.12359626891,81.87883734703064,81.17508363723755,200,1.01778,0.135792398546,49.1940911395,0.00832644663751,5.23870280489e-09,97669.4,6.76422685246,-141.323810951,50.092032255,-0.0125837717205,198.846178145,152.711349913,34.3956503868103,200,11.4893,0.6238317489624023,0.162812627074,15.512139320373535,0.0125837746309,97517.0,-157.532669363,2.91038304567e-09,221.05768394470215,10153.561337947845
0.632366418838501,1.0179,11.49,0.09461426734924316,4.87379499886,82.16917753219604,82.57284331321716,200,1.01733,0.135832318422,41.6383619094,0.00789951439947,5.76255532181e-09,97327.9,7.38226334075,-139.211463546,45.7954200727,-0.0118436980993,144.375310466,104.831747454,23.814306020736694,200,11.4858,0.5891427993774414,0.13919001527,15.363001108169556,0.0118436953053,97731.8,-125.351833694,-2.79396772385e-09,211.49255418777466,10365.432923078537
0.6196701526641846,1.01543,11.4701,0.10445737838745117,9.99321622972,81.54264855384827,81.77720046043396,200,1.0158,0.143625914222,50.46193264,0.00932546705008,-6.61820749315e-08,96103.0,7.15292140878,-180.245871366,54.0083505081,-0.0128992348909,150.8522201,145.821982166,24.187565565109253,200,11.4732,0.5972123146057129,0.154532992087,15.70981240272522,0.0128992363389,95804.6,-213.646471267,1.44791556522e-09,210.3593671321869,10576.250453233719
0.6276860237121582,1.01524,11.4687,0.10564255714416504,11.5452234446,81.47277426719666,81.00071382522583,200,1.01555,0.147831022817,43.2424972438,0.00894084013999,5.35512212352e-09,95918.2,13.5969556446,-130.852163281,46.1215358032,-0.0129642244428,174.109981379,165.515614032,29.06973958015442,200,11.4713,0.6054377555847168,0.153993702058,22.02306318283081,0.0129642209504,95671.8,-111.5729887,-3.49245965481e-09,221.37902450561523,10798.32976770401
0.623995304107666,1.01057,11.4323,0.13157939910888672,6.96895438836,82.35126543045044,81.84315395355225,200,1.0135,0.132806290597,49.7873813246,0.00645327428356,-4.0716209071e-08,94395.2,7.49726598857,-183.490984187,48.9904922014,-0.0106885917485,167.847171318,162.386016605,24.150356769561768,200,11.4552,0.6247029304504395,0.159671004111,21.01796293258667,0.0106885983259,92255.5,-167.912722819,6.57746568322e-09,216.2331943511963,11015.03341960907
0.6258199214935303,1.01485,11.4651,0.1150815486907959,8.6160368969,81.89805459976196,82.03063344955444,200,1.01273,0.172489365019,55.490959545,0.00847276020795,-6.60657972773e-09,93816.6,5.61332081864,-154.349209141,50.8649761405,-0.0121689429507,171.998279931,159.825884484,24.250133514404297,200,11.4491,0.5960960388183594,0.145681379075,15.354826211929321,0.0121689425287,95330.0,-162.019793834,-4.22005541623e-10,211.64832043647766,11227.126148462296
0.6169946193695068,1.01594,11.4744,0.10279035568237305,6.68178598398,81.55066919326782,81.09382748603821,200,1.01411,0.142415509617,50.9495433178,0.00828361790627,-5.23869170266e-09,94860.7,5.46840933889,-175.373308224,51.0234662196,-0.0130240432918,120.667476551,143.939860218,30.270803928375244,200,11.4602,0.6013855934143066,0.159342520018,15.570484638214111,0.0130240446888,96220.9,-188.032249453,1.39698386192e-09,216.27580904960632,11443.877695560455
0.6253283023834229,1.01113,11.4354,0.10964703559875488,9.8163520569,82.57422089576721,82.06109738349915,200,1.01206,0.137978567798,41.2612982527,0.00942665990442,4.63332234801e-08,93225.7,9.76170165258,-105.51777953,45.2171500911,-0.013390025124,120.074841244,118.636855267,29.070900440216064,200,11.4428,0.60056471824646,0.158661621847,21.279845237731934,0.0133900204673,92542.4,-178.223608668,-4.65661287308e-09,222.70088982582092,11667.030485868454
0.627427339553833,1.0099,11.4253,0.10476040840148926,12.0958831672,82.80092239379883,83.17082738876343,200,1.01109,0.135443550075,41.8980243543,0.00820439029485,-1.16415410645e-08,92516.6,10.2448744472,-154.273167529,50.1510098686,-0.0123367775232,181.296812013,125.883266637,24.10441541671753,200,11.4351,0.6084039211273193,0.159019306224,15.349550485610962,0.0123367798515,91607.8,-122.624336646,2.32830643654e-09,213.90137243270874,11881.407597064972
0.6445386409759521,1.01126,11.4359,0.11108994483947754,10.8481327622,80.9260139465332,82.79222702980042,200,1.01227,0.15030468249,43.7994109443,0.0086639681831,-1.66474283247e-08,93358.2,15.7496031505,-101.528327342,43.7351844269,-0.0118023892865,149.634338726,138.854536942,24.173038005828857,200,11.4442,0.6041774749755859,0.153341661891,15.78331732749939,0.0118023916148,92590.3,-126.742794759,2.32830643654e-09,211.21294045448303,12093.05688405037
0.6312499046325684,1.01208,11.4425,0.0890345573425293,11.7957511217,82.438960313797,81.35867762565613,200,1.01295,0.130324115649,43.9371782691,0.00803482625633,2.7357598853e-08,93873.9,5.28604026843,-129.606177926,45.9552255685,-0.0122427642345,103.453762159,132.478125799,29.057610511779785,200,11.4497,0.6171042919158936,0.135621306383,22.074604272842407,0.0122427642345,93204.2,-128.836344146,0.0,223.58731245994568,12317.048779726028
0.6225123405456543,1.01253,11.4456,0.10576629638671875,10.9078897444,82.48033237457275,82.55951571464539,200,1.01366,0.135145924546,49.7167170967,0.00760420691222,-2.16532285435e-08,94352.1,11.0947731653,-195.022537254,49.6283548424,-0.011859068647,189.535993272,188.794696809,23.80831503868103,200,11.4548,0.6141839027404785,0.159056084628,20.89015555381775,0.0118590730053,93491.0,-208.110808933,4.3582986109e-09,216.85229063034058,12534.34053850174
0.6366446018218994,1.01487,11.4641,0.11334109306335449,10.7190854424,82.25428318977356,82.49594759941101,200,1.01398,0.139779718384,48.1269467689,0.00799331255257,-5.82076342681e-09,94595.1,8.3423149157,-198.944474174,48.8893531428,-0.013540122658,152.991738166,129.254389561,24.53963017463684,200,11.4574,0.6004397869110107,0.15317924822,15.627557754516602,0.0135401200314,95233.8,-182.817824031,-2.62662069872e-09,213.64432835578918,12748.649742364883
0.61564040184021,1.01523,11.4664,0.12037158012390137,13.4322676805,81.94705653190613,81.3857011795044,200,1.01414,0.154481275821,48.3989430833,0.00813615694642,-1.39698501656e-08,94706.8,16.9371490984,-107.360300082,43.0174008986,-0.0137777384371,153.63352359,136.466289425,30.34914541244507,200,11.4585,0.6132030487060547,0.175488069092,15.56710934638977,0.0137777413474,95451.9,-132.048266445,2.91038304567e-09,218.69986987113953,12967.789386987686
0.6190710067749023,1.01274,11.448,0.11468362808227539,12.5498815714,83.00590801239014,81.92768907546997,200,1.01442,0.145894567357,42.2215148699,0.00794269517064,-4.07453670803e-09,94950.9,11.3058496185,-119.183161269,44.4197040379,-0.012374734506,127.407485352,125.949272598,28.883543968200684,200,11.4611,0.62526535987854,0.138688353218,19.186803340911865,0.0123747396428,93713.7,-152.841631448,5.13682607561e-09,220.20465755462646,13188.383579969406
0.6243255138397217,1.01234,11.4451,0.10379314422607422,10.4415762128,82.55907440185547,82.74418520927429,200,1.01258,0.145376624341,46.6799563958,0.00848943181336,-3.4924615977e-10,93581.2,7.90872308039,-153.901972476,46.0374945964,-0.0131923779845,127.613797895,105.945493928,24.640048503875732,200,11.4466,0.6130781173706055,0.130845029333,15.082501411437988,0.0131923812442,93438.3,-187.908326037,3.25962901115e-09,213.05072212219238,13401.919596195221
0.6159515380859375,1.01307,11.4502,0.12487244606018066,14.8506493212,81.75388050079346,81.84775948524475,200,1.01296,0.139468053499,45.9035897555,0.0092158112675,3.48664315197e-08,93842.9,14.5624145053,-209.685126369,48.1295319382,-0.0133631061763,127.373403871,109.726129189,24.474398612976074,200,11.4494,0.5932116508483887,0.141703984751,15.365678310394287,0.0133631095523,93917.8,-175.804530238,3.37604433298e-09,211.28019881248474,13613.694658994675
0.6303107738494873,1.01307,11.4498,0.10217785835266113,7.52988431595,82.62634205818176,81.34564185142517,200,1.01145,0.128582564608,46.1038707458,0.00821970868856,2.15950315408e-08,92732.0,14.0174712283,-135.230418366,45.9042384749,-0.0120072942227,121.227637841,127.431442292,30.296752452850342,200,11.4375,0.6179850101470947,0.138212994269,21.101059198379517,0.0120072913123,93884.0,-117.4409129,-2.91038304567e-09,223.13657999038696,13837.57055592537
0.6283504962921143,1.00864,11.4154,0.09222793579101562,18.9029545555,82.76752758026123,82.53332042694092,200,1.00834,0.177265888869,45.6263310759,0.00779129238799,-2.25845440127e-08,90528.7,8.01305274515,-183.415822587,45.9007232264,-0.0126593187451,134.970491716,194.261686275,23.844611406326294,200,11.4134,0.6149775981903076,0.138887890936,21.168585538864136,0.0126593256427,90710.5,-105.619087588,6.89760781825e-09,218.11679768562317,14056.172710180283
0.6515569686889648,1.0067,11.4003,0.11471080780029297,13.2880620405,82.40375304222107,82.51689982414246,200,1.00805,0.141576015743,48.9151293026,0.00780009012669,3.562306361e-08,90332.8,6.63101087319,-168.284030386,47.2227489354,-0.0131497513503,150.96269392,130.913818123,24.5762996673584,200,11.4113,0.6047465801239014,0.135163969467,15.554885625839233,0.0131497503899,89350.7,-156.341458286,-9.60426405072e-10,213.81871795654297,14270.477041244507
0.6120421886444092,1.00878,11.4176,0.10000252723693848,20.225205364,81.50671195983887,80.83848333358765,200,1.00789,0.15990220059,46.7734135529,0.00744605669752,-1.66473839158e-08,90251.6,18.3743811858,-115.675758748,44.6617713638,-0.0117292385548,124.695432292,208.462488738,29.261053800582886,200,11.4104,0.6010279655456543,0.141777774345,15.57258653640747,0.0117292304058,90907.1,-83.4210513155,-8.14907252789e-09,215.03250980377197,14485.981667995453
0.6337041854858398,1.00796,11.4106,0.11951136589050293,14.6451541581,83.1645119190216,82.11073970794678,200,1.00719,0.138286767214,46.6027831553,0.00776895415038,-5.78584113953e-08,89726.8,15.950601484,-113.440446054,45.5792881943,-0.0113863628358,151.900542109,151.883701862,29.444127798080444,200,11.4045,0.6330704689025879,0.148086572735,21.884358882904053,0.0113863694787,90276.6,-197.5740423,6.64294930175e-09,224.75860166549683,14711.20547580719
0.634061336517334,1.00814,11.4116,0.09803509712219238,17.9023660521,81.91919946670532,82.9983777999878,200,1.00712,0.147324789509,49.578083483,0.00756290368736,-1.60653179648e-08,89623.0,16.3316743276,-86.2569768073,40.9531215083,-0.0118327457458,151.47246969,218.251737926,24.469101905822754,200,11.4034,0.6124482154846191,0.152310327934,15.284623146057129,0.0118327515665,90368.3,-199.285315067,5.82076609135e-09,213.6096637248993,14925.249638080597
0.6256203651428223,1.00635,11.3967,0.11880183219909668,17.3189507937,81.43997931480408,82.3816647529602,200,1.00547,0.179883456675,50.8509453511,0.00818763114512,1.39698386192e-09,88432.4,15.4453443812,-168.161694665,48.683805141,-0.0133145600557,148.816185239,143.4787761,24.439029216766357,200,11.39,0.6153390407562256,0.160849841349,15.463815927505493,0.0133145551663,89024.0,-203.906515296,-4.88944351673e-09,211.38643097877502,15137.075180053711
0.6228632926940918,1.00468,11.3841,0.09644269943237305,10.2618396008,83.08245754241943,81.6675374507904,200,1.00362,0.139765933393,45.3460667567,0.0091059403494,5.82075676547e-09,87154.5,15.063983075,-139.643760926,48.1821031381,-0.01341772452,131.540525252,162.84128758,30.154786825180054,200,11.3754,0.5999622344970703,0.141198066893,21.00297975540161,0.0134177282453,87914.4,-133.874036284,3.72529029846e-09,224.35502815246582,15361.878493309021
0.6256365776062012,1.00482,11.3848,0.11934351921081543,15.8696671769,82.64464521408081,82.93346667289734,200,1.00457,0.151453651325,43.8014161096,0.00763376383111,1.11758984289e-08,87802.2,15.6770128894,-101.649525635,42.7436601466,-0.0125673208386,128.172490247,127.611577319,24.098633527755737,200,11.3828,0.616417646408081,0.143810703711,21.001739501953125,0.0125673221773,87973.3,-128.794655248,1.33877620101e-09,219.3174877166748,15581.666736364365
0.6332132816314697,1.00505,11.3865,0.11057496070861816,19.2525380442,82.76882457733154,82.9363112449646,200,1.00465,0.183112953769,41.8161637559,0.00907030701637,3.74857265228e-08,87865.4,28.3480007425,-174.378233501,46.945178366,-0.0137151610106,158.862525405,132.166957791,24.733441591262817,200,11.3836,0.6331706047058105,0.210872109651,15.615882396697998,0.0137151622912,88126.5,-90.1458872356,1.2805685401e-09,213.7748281955719,15795.88527059555
0.6287429332733154,1.00724,11.4036,0.09173274040222168,12.616120489,81.73575329780579,81.45815134048462,200,1.00563,0.140331667926,43.3354776507,0.00883562862873,4.42378178533e-09,88534.2,20.6011066985,-143.455739223,47.1510865886,-0.0132233947515,170.477420305,120.794400811,24.139358520507812,200,11.3911,0.6038787364959717,0.164525788036,21.32444405555725,0.0132233951008,89641.9,-140.739233925,3.49245965481e-10,215.82274556159973,16012.328331708908
0.6364145278930664,1.00212,11.3632,0.12010741233825684,16.1793945335,82.75459289550781,82.07613611221313,200,1.00307,0.16129084036,47.0514904125,0.00894781854004,3.92319883247e-08,86776.8,14.5714215617,-149.536748002,42.1612654594,-0.0125569533557,142.862488891,157.790158793,29.298689365386963,200,11.3711,0.6082611083984375,0.153126288574,21.871575832366943,0.0125569527154,86096.6,-140.387277073,-6.40284270048e-10,223.82311820983887,16236.615431070328
0.6282272338867188,0.997156,11.3227,0.12405133247375488,13.7271979025,82.6887469291687,82.43767213821411,200,0.998754,0.143107914747,45.5595204803,0.00799865275621,3.60887533191e-08,83727.9,19.2415429419,-180.462955232,43.8526070033,-0.0127179529518,158.606534096,163.022035394,24.09851574897766,200,11.3353,0.6074459552764893,0.152298092488,15.347958326339722,0.0127179498086,82680.4,-106.258476338,-3.14321368933e-09,212.39762783050537,16449.438627243042
0.6280906200408936,0.994131,11.2987,0.09857010841369629,16.6551368699,81.60675024986267,81.6414487361908,200,0.995589,0.13585310047,47.0479741252,0.00820064730942,3.81260605309e-08,81651.1,21.8861280241,-111.418854122,42.5684370141,-0.0130414934829,149.212548243,188.14507736,29.665424585342407,200,11.3102,0.5968935489654541,0.17900563993,15.433317422866821,0.013041491271,80713.9,-176.268502473,-2.21189111471e-09,216.62356781959534,16666.50722026825
0.6242694854736328,0.997609,11.325,0.10088801383972168,15.2958966351,82.11706829071045,81.41087293624878,200,0.996159,0.151676134299,43.3354554479,0.00909567251801,2.06055048579e-08,81896.8,21.5666507519,-180.10379173,45.0174688478,-0.0126781016588,137.602820266,129.927953776,30.22752594947815,200,11.3132,0.6021099090576172,0.184078852532,15.400561332702637,0.0126781087602,82865.5,-124.28852207,7.10133463144e-09,217.91013193130493,16884.87170767784
0.6166982650756836,0.996589,11.3164,0.11693930625915527,22.9149065775,81.73453068733215,81.78920316696167,200,0.99636,0.14803200798,47.5045643744,0.00878117885441,-1.33877886555e-08,82074.5,20.1333301608,-133.019499064,42.9850797297,-0.0127807790413,144.365987811,163.879283902,23.970122814178467,200,11.3154,0.5923597812652588,0.165534198374,20.681721687316895,0.0127807794779,82161.5,-112.031628961,4.36557456851e-10,215.83581805229187,17101.46480035782
0.6251516342163086,0.998827,11.3356,0.11503911018371582,17.6274767247,81.91155958175659,82.71551561355591,200,0.99736,0.171049560924,50.5376065828,0.0077291415073,-5.26779508903e-09,82766.7,17.9236187688,-81.4655816566,45.0283837028,-0.0123469019309,140.030683811,187.947097951,24.061883449554443,200,11.3238,0.6144607067108154,0.152298245935,15.547181129455566,0.0123469019309,83750.5,-153.368519183,0.0,211.65099167823792,17313.589864730835
0.630328893661499,0.994864,11.3033,0.09490847587585449,22.6470416383,81.56371545791626,82.16236543655396,200,0.995537,0.174580448789,43.5711326104,0.00824543461204,2.91042967504e-09,81533.0,23.2987464078,-107.585624524,41.0561182596,-0.0128487963229,155.750338267,129.253951626,23.96368908882141,200,11.3088,0.588294267654419,0.197473622968,21.285077571868896,0.0128487960319,81088.4,-127.299631774,-2.91038304567e-10,216.9271993637085,17530.973175287247
0.6035585403442383,0.994002,11.2966,0.11397790908813477,27.4735173188,82.42935848236084,82.10792183876038,200,0.995514,0.206390263797,49.0289840237,0.00817009899765,-9.13860365159e-09,81549.2,20.9925915681,-106.216271047,47.3793231474,-0.0120241455734,143.537425184,186.984149189,27.723621129989624,200,11.309,0.6060113906860352,0.16615473121,21.7849178314209,0.0120241359546,80550.9,-93.13173197,-9.61881596595e-09,223.12214589118958,17754.525203704834
0.6332509517669678,0.99499,11.3053,0.11768984794616699,23.3429900025,82.83348202705383,82.3124189376831,200,0.995177,0.175240686953,45.764090733,0.00846314057708,1.79861565641e-08,81396.1,20.8556040093,-91.8373851822,42.6573804318,-0.0131513411179,174.553387169,150.205417538,24.077507495880127,200,11.3071,0.6138339042663574,0.202600008484,16.061332941055298,0.0131513449596,81249.8,-145.99347774,3.84170562029e-09,213.25522255897522,17968.216154575348
0.6103715896606445,0.995613,11.3102,0.09947061538696289,17.0026152228,81.62904620170593,81.68164491653442,200,0.995197,0.155897196837,44.7755551252,0.00803342089057,3.49244522191e-10,81392.5,20.0094957309,-96.7614209668,45.1011665772,-0.0115169323981,190.41494409,150.152170273,28.61896586418152,200,11.307,0.5972058773040771,0.174785300997,15.488280296325684,0.0115169337951,81649.8,-151.706433108,1.39698386192e-09,216.2134144306183,18185.187177419662
0.6216034889221191,0.998045,11.3295,0.10555791854858398,15.6389767783,82.10991764068604,81.6564245223999,200,0.99748,0.142059599482,42.9023258135,0.00846816971898,4.65660887627e-09,82894.7,24.0367456279,-162.546076363,49.7054892247,-0.0139935873449,172.739641219,180.915352124,29.70114016532898,200,11.3253,0.6168270111083984,0.18781667607,15.301059484481812,0.0139935878396,83240.4,-95.1174331794,4.94765117764e-10,217.1427366733551,18402.796620607376
0.610337495803833,0.994757,11.3035,0.1148223876953125,21.3768171174,81.58142066001892,81.64856171607971,200,0.995938,0.163947847222,43.3898090624,0.00792814325541,-2.78232761275e-08,81880.7,21.4119184028,-86.3230232792,44.4547309601,-0.0135982651263,149.862666188,141.643454214,27.92211890220642,200,11.313,0.5948801040649414,0.160209460272,15.9982271194458,0.0135982630163,81105.6,-160.091838089,-2.11002770811e-09,215.9492371082306,18619.255232334137
0.6194519996643066,0.99597,11.3135,0.09442949295043945,21.7290443381,81.69977712631226,82.05659794807434,200,0.99677,0.168812561853,43.4401805579,0.00731769716367,-1.86261639445e-09,82493.2,27.8863940843,-126.432440032,43.6002031768,-0.011605261825,147.61053041,159.191927696,28.710634469985962,200,11.3205,0.6061675548553467,0.186126221575,15.804153680801392,0.0116052660305,81917.7,-178.145909085,4.205503501e-09,217.21444368362427,18836.895409822464
0.6282956600189209,0.994594,11.3028,0.10421562194824219,26.1376825731,81.5996925830841,82.2688398361206,200,0.996057,0.181559669204,42.9356058756,0.00773573946208,2.76195102344e-08,82043.4,17.4044295643,-100.495013825,44.0206606003,-0.0121109560132,142.465870008,150.65603529,23.52619504928589,200,11.315,0.6019368171691895,0.156979020469,16.264453172683716,0.0121109605534,81045.8,-116.985924874,4.54019755125e-09,211.67910194396973,19049.026814460754
0.6336750984191895,0.999101,11.3395,0.11755156517028809,23.4996077414,81.4791533946991,81.8058602809906,200,0.998989,0.170592861388,41.3206054646,0.00805885344744,-1.45518908035e-09,84057.6,21.1912941722,-80.4330343827,42.3723005934,-0.0125200487673,153.729794902,137.401883854,28.721259593963623,200,11.3393,0.6151201725006104,0.163243951587,16.180294275283813,0.0125200482944,84081.0,-106.903632118,-4.72937244922e-10,216.09004402160645,19265.915016651154
0.6185178756713867,0.997231,11.3243,0.10019755363464355,20.0956734596,82.36866044998169,81.91716599464417,200,0.995559,0.17604404733,44.0872799062,0.00773295853287,-2.18278941588e-08,81716.1,23.7038352744,-144.348752915,46.1899377252,-0.0123323090374,162.84217766,147.08965058,23.473514318466187,200,11.311,0.6079676151275635,0.17161337261,21.896973609924316,0.0123323094449,82812.5,-199.713145918,4.07453626394e-10,217.3862612247467,19483.907045841217
0.6243605613708496,0.99623,11.316,0.11737489700317383,16.8353332451,81.87821841239929,82.56162881851196,200,0.995181,0.162394947771,47.4528170937,0.00857110600919,-1.49012002737e-08,81449.5,22.374680911,-111.681745826,43.1879844973,-0.012010615319,128.779376665,130.89410419,23.71730351448059,200,11.3077,0.5928280353546143,0.171810212068,21.601088285446167,0.0120106163668,82125.5,-211.67272737,1.04773789644e-09,217.32333612442017,19701.650916337967
0.6130688190460205,0.996387,11.3157,0.10469651222229004,24.694254727,81.02270531654358,81.76551818847656,200,0.996727,0.157413356066,44.0457374963,0.00842938851565,4.12110345849e-08,82370.5,19.0371086965,-145.90157466,44.3897310617,-0.0127053298056,132.038921018,146.929343263,23.613163709640503,200,11.319,0.5979907512664795,0.142447759007,16.05202317237854,0.0127053300967,82098.3,-107.010940559,2.91038304567e-10,210.17127394676208,19912.250580072403
0.6287679672241211,0.999475,11.3394,0.10644316673278809,27.6898917551,82.62558460235596,82.40204572677612,200,0.998507,0.180724447511,44.4192206667,0.0078194886446,2.09547454944e-08,83419.2,25.6183998615,-94.0288510675,46.7713549509,-0.0124341510236,192.130126769,144.79035225,28.513034105300903,200,11.3316,0.6159138679504395,0.187861089529,22.916752576828003,0.0124341510818,84066.9,-120.997955705,5.82076609135e-11,224.3019678592682,20136.990823984146
0.6128127574920654,1.00302,11.3675,0.45023369789123535,22.3410745439,83.34533333778381,82.75919246673584,200,1.0026,0.154309167134,46.7619813295,0.00770925730467,1.33659590063e-08,86117.1,24.4815067274,-92.1638060023,42.2118186522,-0.0118613485247,135.49309407,170.667526323,28.614647150039673,200,11.3635,0.6125819683074951,0.167912541563,15.905804634094238,0.011861349165,86463.9,-99.9845115153,6.40284270048e-10,218.78661942481995,20356.21083712578
0.6280825138092041,1.00283,11.3644,0.1014859676361084,20.792979111,82.46312808990479,82.52393317222595,200,1.00406,0.162497523274,47.8418618719,0.00836791936308,-5.73926790537e-08,87049.1,26.0034399398,-150.86306755,48.0473418674,-0.0124941794202,171.668884887,177.791494719,23.717161655426025,200,11.3742,0.6189351081848145,0.184167085293,16.294684648513794,0.0124941797985,86197.9,-92.6564846717,3.78349795938e-10,213.66295385360718,20570.253264665604
0.6237027645111084,1.00645,11.3938,0.11254405975341797,21.2987451223,81.87266492843628,81.28439545631409,200,1.00639,0.160898318853,44.6285980182,0.0088705830276,-5.70434828262e-08,88693.7,19.3599566728,-119.523641429,42.1787545493,-0.0134020838886,132.585332194,141.160722083,29.856976985931396,200,11.3929,0.6079270839691162,0.167002516145,16.126180171966553,0.0134020784681,88765.3,-166.323179033,-5.42058842257e-09,217.54755353927612,20788.201986312866
0.6351363658905029,1.0095,11.4174,0.10266661643981934,17.497371856,81.82526707649231,82.82828307151794,200,1.0085,0.144110208598,46.743369801,0.0084710996598,-5.19503817742e-09,90231.6,32.4557277456,-97.3765732152,41.3740923509,-0.0124749178067,143.520740129,156.918027534,25.154126167297363,200,11.4101,0.6064915657043457,0.221560799208,21.895174980163574,0.0124749213574,90892.9,-167.17227019,3.55066731572e-09,221.59838438034058,21010.192618608475
0.634941577911377,1.00716,11.3994,0.11158967018127441,23.3973426471,82.58519005775452,83.08273458480835,200,1.00731,0.205725608582,51.7162100355,0.00788020249456,-1.52503965012e-08,89325.3,21.0930297704,-112.39354792,45.3354263496,-0.0114505263045,181.717420526,160.866998278,23.930033206939697,200,11.4,0.5960276126861572,0.184141486949,17.764191150665283,0.0114505261881,89264.5,-152.247393145,-1.16415321827e-10,214.55058193206787,21225.210650920868
0.6131730079650879,1.00572,11.3868,0.12551355361938477,18.2951535255,81.04519772529602,81.16402959823608,200,1.00662,0.163190768203,47.101031016,0.00897889770567,6.51925402551e-09,88805.4,29.2252522206,-80.3073662978,47.076516544,-0.0125900562853,193.796203858,198.365376661,23.768497467041016,200,11.3942,0.601020336151123,0.209227255461,15.987484455108643,0.0125900588464,88148.4,-96.0063706218,2.56113708019e-09,210.5240535736084,21436.20000910759
0.6325395107269287,1.0058,11.3872,0.11246275901794434,21.7090867125,82.81057262420654,81.49137258529663,200,1.00508,0.163904478379,45.1290165565,0.00848545879126,-7.10133063464e-09,87739.9,28.4593718969,-177.860456276,50.4788502088,-0.0126865226775,166.422800248,219.234734056,28.571581840515137,200,11.3821,0.6084740161895752,0.185444443625,22.881617069244385,0.012686521688,88188.3,-81.3742345992,-9.89530235529e-10,223.50748920440674,21660.44762659073
0.6189208030700684,1.00535,11.3834,0.1255629062652588,26.809448029,83.11104202270508,81.81100940704346,200,1.00564,0.188556284761,47.6894802026,0.00883179530501,-2.21186580163e-09,88134.0,27.1762987951,-180.069284118,51.6246712941,-0.0123223029077,173.745509649,191.656837186,23.64381170272827,200,11.3866,0.6121735572814941,0.191271090014,21.402980089187622,0.0123223023256,87849.5,-135.145524883,-5.82076609135e-10,217.75663924217224,21878.6352956295
0.6276323795318604,1.00569,11.3863,0.09197282791137695,22.767098224,81.77845859527588,82.73572301864624,200,1.00608,0.169252060838,48.5898820133,0.00802500825375,-2.59024379723e-09,88398.0,26.9906213873,-180.223623622,45.9256319134,-0.0116634704173,184.658998421,181.350360286,23.690481424331665,200,11.3896,0.6057417392730713,0.186658957243,16.20943021774292,0.0116634775477,88110.7,-216.022912093,7.1304384619e-09,212.0515923500061,22091.119983434677
0.6186990737915039,1.00584,11.3888,0.09722614288330078,21.149350937,81.11599159240723,80.60483407974243,200,1.00681,0.15542370175,44.4057282903,0.00914833694696,3.66126187146e-08,89013.9,25.7234312521,-101.178105437,42.8106062401,-0.0128637049347,152.839730458,151.52806307,29.873466968536377,200,11.3965,0.5936625003814697,0.185924140198,16.068541765213013,0.0128637067974,88328.2,-193.215937382,1.86264514923e-09,215.672443151474,22307.287360668182
