LossBefore,1MaxReturn,MeanKLBefore,1StdReturn,1AveragePolicyStd,1Perplexity,1ExplainedVariance,0AverageReturn,Time,1NumTrajs,1Entropy,0Entropy,0ExplainedVariance,0MaxReturn,1MinReturn,ItrTime,LossAfter,1ProcessExecTime,1PolicyExecTime,0ProcessExecTime,1AverageReturn,0Perplexity,0MinReturn,1EnvExecTime,dLoss,0EnvExecTime,ComputeUpdatedDistTime,MeanKL,0StdReturn,0PolicyExecTime,0NumTrajs,0AveragePolicyStd
0.0,0.0,0.0,0.0,1.0,17.0795,1,0.0,12.662085771560669,120,2.83788,2.83788,1,0.0,0.0,12.662088871002197,0.0,0.08843564987182617,3.59010910987854,0.09360337257385254,0.0,17.0795,0.0,2.032076120376587,0.0,2.1214139461517334,0.728416919708252,0.0,0.0,2.4882540702819824,120,1.0
0.0,0.0,0.0,0.0,1.0,17.0795,1,0.0,23.545633554458618,120,2.83788,2.83788,1,0.0,0.0,10.487198829650879,0.0,0.08600783348083496,3.3545005321502686,0.09366297721862793,0.0,17.0795,0.0,1.9485697746276855,0.0,2.0480101108551025,0.10399723052978516,0.0,0.0,2.158461093902588,120,1.0
0.0,0.0,0.0,0.0,1.0,17.0795,1,0.0,34.21553111076355,120,2.83788,2.83788,1,0.0,0.0,10.395033597946167,0.0,0.08452010154724121,3.553039312362671,0.0833122730255127,0.0,17.0795,0.0,1.9475417137145996,0.0,1.8751473426818848,0.09688091278076172,0.0,0.0,1.9826221466064453,120,1.0
-1.86264514923e-09,100.0,0.0,9.09059342886,1.0,17.0795,0.0865414879803,0.0,44.719732999801636,120,2.83788,2.83788,1,0.0,0.0,10.235169649124146,-0.00701407343149,0.08785581588745117,3.4785540103912354,0.08651852607727051,0.833333333333,17.0795,0.0,2.028425455093384,0.00701407156885,1.8757951259613037,0.08592581748962402,0.00576028274372,0.0,2.045856237411499,120,1.0
0.0,200.0,9.31322574615e-10,20.2587429686,0.996093,16.9439,0.146099000742,5.83333333333,54.7007942199707,120,2.82991,2.83969,0.0814294247145,700.0,0.0,9.63647723197937,-0.00433820299804,0.08959722518920898,3.48701548576355,0.07274937629699707,2.5,17.1105,0.0,2.029989242553711,0.00433820299804,1.5374274253845215,0.09665846824645996,0.00605500489473,63.634154002,1.6685771942138672,120,1.00095
4.65661287308e-10,1000.0,-2.79396794589e-09,94.6888178309,0.998366,17.0182,0.0886833950006,5.0,65.87434959411621,120,2.83429,2.83179,0.0614470340755,600.0,0.0,10.897706031799316,-0.00305771827698,0.0865793228149414,3.659572124481201,0.0919954776763916,10.8333333333,16.9758,0.0,1.9776265621185303,0.00305771874264,2.0158772468566895,0.27774810791015625,0.00613374449313,54.5435605732,2.135847330093384,120,0.996975
0.0,2300.0,2.61934474111e-10,323.006707877,1.00318,17.1876,0.292500592941,11.6666666667,76.62702512741089,120,2.84419,2.84289,0.0951272355603,900.0,0.0,10.414374351501465,-0.00716420542449,0.09088420867919922,3.5769052505493164,0.08309412002563477,100.0,17.1653,0.0,2.0616016387939453,0.00716420542449,1.8661861419677734,0.11406064033508301,0.00749324960634,93.2588988903,2.0223093032836914,120,1.00251
-1.86264514923e-09,300.0,2.70520104095e-08,27.2717802866,0.999362,17.0558,0.106769612394,11.6666666667,87.30622291564941,120,2.83649,2.84006,0.0872692185837,800.0,0.0,10.404945611953735,-0.00625773239881,0.08629846572875977,3.519577741622925,0.09209108352661133,2.5,17.1167,0.0,2.0089588165283203,0.00625773053616,1.9448888301849365,0.08327364921569824,0.00610849866644,90.5385123703,2.0679314136505127,120,1.00112
3.72529029846e-09,1300.0,-1.86264514923e-09,241.107110822,1.00066,17.1004,0.188094680979,10.0,98.09809350967407,120,2.8391,2.83917,0.0356585248897,800.0,0.0,10.512337446212769,-0.00779411569238,0.08122563362121582,3.2835519313812256,0.09660482406616211,69.1666666667,17.1016,0.0,1.8390488624572754,0.00779411941767,2.0840137004852295,0.11182880401611328,0.00690735178068,77.888809637,2.224735736846924,120,1.00066
-4.65661287308e-09,2300.0,2.20024958253e-08,686.908836746,1.0148,17.5816,0.48376985685,26.6666666667,109.31205153465271,120,2.86685,2.84883,0.120091735909,800.0,0.0,10.926344394683838,-0.0115340435877,0.09784889221191406,3.795027494430542,0.08918952941894531,437.5,17.2675,0.0,2.2041776180267334,0.0115340389311,1.8994855880737305,0.0986943244934082,0.00842222571373,124.988888395,2.171396493911743,120,1.00549
2.32830643654e-09,1900.0,-1.6298146166e-09,395.157317477,0.988554,16.6857,0.205803970123,25.8333333333,118.68386149406433,120,2.81455,2.82814,0.115274402974,1600.0,0.0,9.029149770736694,-0.017404248938,0.07524704933166504,3.0451879501342773,0.2622222900390625,154.166666667,16.914,0.0,1.6876492500305176,0.0174042512663,1.527768611907959,0.09279990196228027,0.00990120880306,170.046970635,1.7236967086791992,120,0.995201
1.62981450558e-09,1400.0,4.65661287308e-10,293.087017795,0.979649,16.3867,0.230974194714,15.0,129.2812750339508,120,2.79647,2.80688,0.0754276806938,1000.0,0.0,10.276376008987427,-0.0111847836524,0.08649301528930664,3.509366512298584,0.08696293830871582,90.0,16.5583,0.0,2.008232593536377,0.0111847852822,1.872236967086792,0.1051335334777832,0.00816671736538,110.792599031,1.9937448501586914,120,0.984635
2.32830643654e-10,1800.0,-1.86264514923e-09,431.997942382,0.981155,16.4387,0.247521403943,37.5,140.25681829452515,120,2.79964,2.79659,0.0836749284064,1300.0,0.0,10.694854021072388,-0.00760499248281,0.08704209327697754,3.487820625305176,0.09204483032226562,176.666666667,16.3886,0.0,1.9593746662139893,0.00760499271564,1.9769763946533203,0.1077580451965332,0.00839620828629,188.44207775,2.3818602561950684,120,0.979655
-1.86264514923e-09,2000.0,4.65661231797e-10,659.152970781,0.980299,16.4118,0.364234832048,34.1666666667,150.8847668170929,120,2.798,2.79816,0.0516472588523,900.0,0.0,10.337473154067993,-0.0116323344409,0.0866689682006836,3.5877528190612793,0.08534884452819824,479.166666667,16.4144,0.0,2.005760431289673,0.0116323325783,1.833531141281128,0.08753156661987305,0.00674590654671,153.022783344,2.0201518535614014,120,0.980341
2.32830643654e-09,2400.0,9.31322574615e-10,672.276398184,0.976109,16.2721,0.450549814027,27.5,162.21649813652039,120,2.78945,2.78854,0.074383260822,1400.0,0.0,11.02675986289978,-0.0132268816233,0.09054946899414062,3.748427629470825,0.09581923484802246,393.333333333,16.2573,0.0,2.106332540512085,0.0132268839516,2.0852577686309814,0.10228776931762695,0.00929342862219,172.70519197,2.21573805809021,120,0.975639
4.65661287308e-09,2300.0,9.31322574615e-10,671.794859562,0.962479,15.821,0.390353133456,24.1666666667,173.75555396080017,120,2.76134,2.7646,0.170673271535,1200.0,0.0,11.260796308517456,-0.0108669763431,0.09592318534851074,3.8454229831695557,0.09202957153320312,405.0,15.8727,0.0,2.168041467666626,0.0108669809997,2.002311944961548,0.3049018383026123,0.00723221572116,145.48529899,2.1248393058776855,120,0.964025
-3.72529029846e-09,2800.0,9.31322574615e-10,1034.80238317,0.946443,15.2985,0.527401159493,45.8333333333,184.57287859916687,120,2.72775,2.72854,0.0804307742062,1700.0,0.0,10.528099060058594,-0.00999690871686,0.09010648727416992,3.4904394149780273,0.09080648422241211,645.833333333,15.3105,0.0,2.0261411666870117,0.00999690499157,1.9678804874420166,0.0992281436920166,0.00707381684333,228.36222445,2.1264443397521973,120,0.946801
-1.39698386192e-09,1900.0,0.0,612.63943991,0.931819,14.8294,0.403302887392,65.8333333333,195.1919994354248,120,2.69661,2.69454,0.115609657291,1500.0,0.0,10.330453634262085,-0.0126843750477,0.08656525611877441,3.5280938148498535,0.0852518081665039,347.5,14.7988,0.0,2.0074028968811035,0.0126843736507,1.8729884624481201,0.08772850036621094,0.0089563857764,248.1584955,2.022658348083496,120,0.930844
-5.23868948221e-09,1600.0,-2.23517417908e-08,331.03268553,0.923044,14.5496,0.198125209702,19.1666666667,206.0655539035797,120,2.67756,2.67539,0.0298960830679,1200.0,0.0,10.52962851524353,-0.0101789897308,0.08767533302307129,3.646944284439087,0.09104204177856445,100.833333333,14.518,0.0,1.9523828029632568,0.0101789844921,1.9725191593170166,0.09044742584228516,0.00690878462046,120.620502219,2.0796561241149902,120,0.92197
-2.09547579288e-09,1800.0,1.86264514923e-09,533.384763145,0.918271,14.4013,0.35052928381,59.1666666667,215.2210729122162,120,2.66732,2.67484,0.0829017397279,1400.0,0.0,8.849422454833984,-0.0142665589228,0.07050538063049316,2.691427230834961,0.08772420883178711,315.833333333,14.51,0.0,1.5434222221374512,0.0142665568274,1.839606761932373,0.09397006034851074,0.00929096527398,227.118116602,1.9763405323028564,120,0.921738
-1.62981450558e-09,2400.0,-9.31322574615e-10,803.533861556,0.901128,13.859,0.395096384686,119.166666667,225.57296586036682,120,2.62893,2.64624,0.153263620438,1700.0,0.0,10.065796852111816,-0.0159929599613,0.08464288711547852,3.368896245956421,0.08798646926879883,900.0,14.1009,0.0,1.9396464824676514,0.0159929583315,1.8715126514434814,0.10724043846130371,0.0068377321586,354.799434736,1.9956440925598145,120,0.908657
-5.47152012587e-09,2800.0,0.0,951.810774261,0.893703,13.6368,0.489363690108,29.1666666667,236.68352103233337,120,2.61277,2.62588,0.0462977404032,1200.0,0.0,10.6120445728302,-0.0122849233449,0.08245515823364258,3.5872395038604736,0.09337854385375977,657.5,13.8167,0.0,1.9061212539672852,0.0122849178733,2.0620481967926025,0.09966564178466797,0.00736003275961,145.714237084,2.199075222015381,120,0.899439
-1.39698386192e-09,2600.0,1.86264514923e-09,795.996492873,0.896363,13.7113,0.443362805864,59.1666666667,244.51682925224304,120,2.61822,2.60883,0.0476192427903,1200.0,0.0,7.580460786819458,-0.0118138063699,0.06015610694885254,2.4440784454345703,0.06900453567504883,882.5,13.5832,0.0,1.372649908065796,0.0118138049729,1.4306621551513672,0.08904433250427246,0.00688078207895,213.890873007,1.5100808143615723,120,0.891895
-7.45058059692e-09,2400.0,3.72529074255e-09,686.051504383,0.882103,13.2841,0.343498105481,50.0,251.91397261619568,120,2.58657,2.58344,0.0965588855583,1600.0,0.0,7.1032726764678955,-0.0119722951204,0.055461883544921875,2.2408976554870605,0.06693649291992188,550.0,13.2426,0.0,1.2901279926300049,0.0119722876698,1.349614143371582,0.09032583236694336,0.00670978985727,240.138848724,1.453536033630371,120,0.880659
2.79396772385e-09,2500.0,1.49011611938e-08,689.745826776,0.870337,12.9363,0.386631977443,65.0,259.1112062931061,120,2.56004,2.56695,0.152648385313,1700.0,0.0,6.835831642150879,-0.0141844712198,0.055529117584228516,2.2660703659057617,0.05884552001953125,374.166666667,13.026,0.0,1.248612403869629,0.0141844740137,1.2827022075653076,0.08033490180969238,0.00973870977759,260.016025147,1.3572254180908203,120,0.873356
-4.65661287308e-10,2700.0,1.86264514923e-09,845.397671053,0.866688,12.8261,0.535428581569,114.166666667,266.59473729133606,120,2.55148,2.54365,0.157745812517,1600.0,0.0,7.171323299407959,-0.0131568852812,0.055786848068237305,2.255402088165283,0.05877065658569336,1078.33333333,12.726,0.0,1.280066728591919,0.0131568848155,1.2626569271087646,0.07675457000732422,0.00638997508213,349.116941567,1.6538102626800537,120,0.863252
2.32830643654e-10,2700.0,-3.72529029846e-09,848.879981047,0.85413,12.4571,0.477180596536,35.8333333333,274.1537735462189,120,2.52229,2.53451,0.0639052561352,1100.0,0.0,7.2777581214904785,-0.00435480708256,0.05650734901428223,2.3389110565185547,0.28168153762817383,458.333333333,12.6102,0.0,1.2775769233703613,0.00435480731539,1.3156955242156982,0.08027482032775879,0.0095426691696,176.444435698,1.3727240562438965,120,0.859279
1.57160684466e-09,2100.0,-3.72529074255e-09,649.139922427,0.865096,12.7633,0.399424899858,30.0,281.44526767730713,120,2.54658,2.53669,0.047303939634,1500.0,0.0,6.9509594440460205,-0.0146785555407,0.058660030364990234,2.2899603843688965,0.05782723426818848,460.833333333,12.6378,0.0,1.2763981819152832,0.0146785571123,1.2716102600097656,0.10281658172607422,0.00946465879679,190.438091428,1.3333163261413574,120,0.860318
-8.14907252789e-10,1800.0,-3.72529074255e-09,504.807444037,0.856935,12.5316,0.201238763801,37.5,288.9989743232727,120,2.52825,2.54126,0.064698519429,1000.0,0.0,7.2646167278289795,-0.0117858797312,0.05514025688171387,2.2619903087615967,0.0611269474029541,281.666666667,12.6957,0.0,1.2807812690734863,0.0117858789163,1.3072736263275146,0.08222413063049316,0.00743768317625,169.834478243,1.7097327709197998,120,0.862322
4.65661287308e-09,2700.0,-7.4505814851e-09,942.14736993,0.856574,12.5266,0.48352351409,65.8333333333,296.39335441589355,120,2.52785,2.52322,0.126031349521,1500.0,0.0,7.033228635787964,-0.0130163431168,0.056728363037109375,2.2781925201416016,0.06195425987243652,905.0,12.4686,0.0,1.2933039665222168,0.0130163477734,1.3253614902496338,0.07822108268737793,0.00704195629805,268.792309331,1.3864119052886963,120,0.854563
2.32830643654e-09,2700.0,0.0,1060.53412905,0.844864,12.1799,0.549484617059,79.1666666667,303.56336522102356,120,2.49978,2.49967,0.122589766185,1400.0,0.0,6.860334157943726,-0.0136363897473,0.05279183387756348,2.204977512359619,0.056287288665771484,1270.83333333,12.1785,0.0,1.2337510585784912,0.0136363920756,1.2675092220306396,0.09519505500793457,0.00676175625995,278.057498051,1.3542490005493164,120,0.844658
4.65661287308e-10,2000.0,7.4505814851e-09,651.254665157,0.845851,12.2152,0.425274403563,10.8333333333,311.90535950660706,120,2.50268,2.48952,0.0354306980694,800.0,0.0,8.067761421203613,-0.0125974128023,0.06508731842041016,2.7030539512634277,0.06583738327026367,369.166666667,12.0554,0.0,1.498039722442627,0.0125974132679,1.3557801246643066,0.09469223022460938,0.00689193420112,77.2397062541,1.7203049659729004,120,0.840406
-9.31322574615e-10,2800.0,0.0,1084.3581691,0.850534,12.3424,0.53836286006,17.5,319.9399371147156,120,2.51304,2.52281,0.062639216161,1100.0,0.0,7.527001142501831,-0.0059079574421,0.05742287635803223,2.3223845958709717,0.07120680809020996,624.166666667,12.4636,0.0,1.294543981552124,0.00590795651078,1.5818097591400146,0.07933640480041504,0.0093978382647,118.787274852,1.611776351928711,120,0.854687
3.20142135024e-09,2700.0,0.0,1027.96691203,0.843406,12.1394,0.565104953213,48.3333333333,327.1137583255768,120,2.49646,2.49264,0.117676594573,1400.0,0.0,6.865493297576904,-0.0103572458029,0.05468249320983887,2.324857473373413,0.05619645118713379,860.833333333,12.0932,0.0,1.27409029006958,0.0103572490043,1.223766565322876,0.08278870582580566,0.00857361964881,223.600586364,1.3239541053771973,120,0.84183
1.39698386192e-09,2700.0,3.72528963233e-09,1002.07250514,0.821091,11.5039,0.530287631887,22.5,334.65460324287415,120,2.44268,2.43645,0.0746604295981,1600.0,0.0,7.226947069168091,-0.00987008120865,0.05708432197570801,2.565044403076172,0.05772113800048828,579.166666667,11.4324,0.0,1.2924141883850098,0.00987008260563,1.2636919021606445,0.10397458076477051,0.00951151363552,160.96712915,1.3490087985992432,120,0.818426
-8.84756445885e-09,2400.0,-1.07552855511e-16,799.978732356,0.825218,11.6165,0.51282094449,26.6666666667,341.86558175086975,120,2.45243,2.45896,0.0682150262951,1400.0,0.0,6.9251933097839355,-0.0161149073392,0.055252790451049805,2.3247740268707275,0.059185028076171875,969.166666667,11.6927,0.0,1.2811460494995117,0.0161148984917,1.27001953125,0.09497714042663574,0.00830665696412,147.610598837,1.3210234642028809,120,0.827817
-1.86264514923e-09,2600.0,0.0,768.938662487,0.829556,11.7474,0.490634627154,15.8333333333,349.0734875202179,120,2.46363,2.45182,0.0529223030302,1300.0,0.0,6.858376502990723,-0.0126817021519,0.05383658409118652,2.26350736618042,0.05877518653869629,480.0,11.6095,0.0,1.2404050827026367,0.0126817002892,1.2797009944915771,0.08294081687927246,0.00978472642601,126.488361344,1.355651617050171,120,0.824712
-8.14907252789e-10,2800.0,0.0,934.299722906,0.824675,11.6073,0.55606845357,53.3333333333,356.7137842178345,120,2.45163,2.45252,0.152595255021,1600.0,0.0,7.301087141036987,-0.0153094958514,0.05833029747009277,2.73240065574646,0.05743885040283203,1465.83333333,11.6176,0.0,1.3492867946624756,0.0153094950365,1.234670877456665,0.08109426498413086,0.00910525862128,236.971634496,1.3089444637298584,120,0.825021
-4.19095158577e-09,2600.0,3.72529029846e-09,850.651710945,0.814177,11.2975,0.534974446034,21.6666666667,364.06506061553955,120,2.42458,2.41,0.0862477076669,1500.0,0.0,6.829560995101929,-0.011663518846,0.053462982177734375,2.235980749130249,0.05706644058227539,735.0,11.134,0.0,1.2515268325805664,0.0116635146551,1.2837257385253906,0.08054733276367188,0.00701514352113,168.415821373,1.331984043121338,120,0.807781
-2.67755240202e-09,2700.0,-3.72528985437e-09,976.365141168,0.792998,10.7251,0.582444305187,44.1666666667,371.38361501693726,120,2.37259,2.38979,0.0853426784793,1400.0,0.0,7.0251688957214355,-0.0124141890556,0.05479621887207031,2.2475461959838867,0.06065845489501953,1176.66666667,10.9112,0.0,1.2650787830352783,0.012414186378,1.3306663036346436,0.07571816444396973,0.00637015141547,217.10052715,1.4182963371276855,120,0.799966
-5.58793544769e-09,2800.0,1.11758708954e-08,976.393235331,0.791525,10.6848,0.543537528478,32.5,379.8403911590576,120,2.36883,2.36629,0.154323720451,1400.0,0.0,8.096267700195312,-0.01035356801,0.06450366973876953,2.879425287246704,0.07097005844116211,862.5,10.6578,0.0,1.4690167903900146,0.0103535624221,1.4254345893859863,0.09604573249816895,0.00729034375399,203.372605497,1.4736030101776123,120,0.790586
2.79396772385e-09,1000.0,0.0,105.619863452,0.781264,10.4056,0.289942822449,0.0,387.7008490562439,120,2.34235,2.34235,1,0.0,0.0,7.568037271499634,-0.0115072727203,0.056871652603149414,2.3395540714263916,0.07308435440063477,13.3333333333,10.4056,0.0,1.290785551071167,0.0115072755143,1.563288688659668,0.08896636962890625,0.0077071483247,0.0,1.6310060024261475,120,0.781264
-5.58793544769e-09,1700.0,0.0,202.235767251,0.791847,10.6856,0.0709272481643,30.8333333333,394.9609577655792,120,2.3689,2.36523,0.150083610186,1500.0,0.0,6.887112855911255,-0.00766656640917,0.05373835563659668,2.236661672592163,0.0617673397064209,29.1666666667,10.6465,0.0,1.2345688343048096,0.00766656082124,1.3182051181793213,0.08185505867004395,0.00884173065424,196.551873277,1.3970837593078613,120,0.790284
6.51925802231e-09,2100.0,0.0,368.687612425,0.787647,10.5712,0.238185419971,29.1666666667,402.29244446754456,120,2.35814,2.36737,0.196119350208,1600.0,0.0,7.025986433029175,-0.0133732873946,0.05585455894470215,2.3901989459991455,0.05830550193786621,141.666666667,10.6693,0.0,1.2875535488128662,0.0133732939139,1.2532014846801758,0.08620238304138184,0.00962982699275,185.020644494,1.344637155532837,120,0.791264
4.65661287308e-10,2700.0,3.72529029846e-09,832.672654769,0.787264,10.5677,0.512999538727,32.5,410.2841076850891,120,2.3578,2.35568,0.0711565154104,1500.0,0.0,7.72554612159729,-0.00933054368943,0.05589485168457031,2.3058114051818848,0.2953789234161377,462.5,10.5453,0.0,1.255998134613037,0.00933054415509,1.455329418182373,0.09823489189147949,0.00705342041329,205.816463546,1.7532763481140137,120,0.786563
9.31322574615e-10,3000.0,0.0,1311.40721703,0.782019,10.4373,0.621526670594,50.0,417.38642859458923,120,2.34538,2.33886,0.228652435584,1400.0,0.0,6.829982280731201,-0.00725112902001,0.05622100830078125,2.3190503120422363,0.054379940032958984,1306.66666667,10.3694,0.0,1.2813503742218018,0.00725112995133,1.207686424255371,0.09885120391845703,0.00830140803009,245.628445693,1.2965400218963623,120,0.779532
-1.86264514923e-09,2900.0,0.0,1042.60590989,0.762413,9.92711,0.541748159462,34.1666666667,424.6247489452362,120,2.29527,2.29594,0.178697450414,1300.0,0.0,6.976337909698486,-0.00711360108107,0.05842018127441406,2.3425943851470947,0.056542158126831055,592.5,9.93382,0.0,1.3018896579742432,0.00711359921843,1.2313706874847412,0.08952522277832031,0.00739975925535,189.074867594,1.3278439044952393,120,0.762679
-3.0267983675e-09,2600.0,0.0,819.390017025,0.752371,9.6605,0.562855101732,18.3333333333,432.1785662174225,120,2.26805,2.26982,0.135430268051,1400.0,0.0,7.247878313064575,-0.00863110553473,0.05561947822570801,2.334458112716675,0.058353424072265625,460.0,9.67764,0.0,1.2876875400543213,0.00863110250793,1.251208782196045,0.07871627807617188,0.00656390096992,137.224471417,1.6654589176177979,120,0.75289
2.32830643654e-10,2500.0,-7.45058059692e-09,813.591147663,0.74714,9.52769,0.558669785375,67.5,439.51159620285034,120,2.2542,2.24984,0.159902675567,1600.0,0.0,6.985152721405029,-0.0133653432131,0.05615496635437012,2.3284082412719727,0.060448646545410156,1308.33333333,9.4862,0.0,1.285679578781128,0.0133653434459,1.285060167312622,0.08416485786437988,0.00689052417874,279.929306552,1.3656187057495117,120,0.745434
-2.79396772385e-09,1900.0,0.0,652.556936639,0.747749,9.5426,0.482819256395,0.833333333333,447.6790261268616,120,2.25577,2.25511,0.0430494284842,100.0,0.0,7.829570293426514,-0.011577039957,0.06428027153015137,2.7209043502807617,0.06913113594055176,351.666666667,9.53638,0.0,1.4883708953857422,0.0115770371631,1.4218761920928955,0.08107542991638184,0.00771006429568,9.09059342886,1.4920430183410645,120,0.747455
6.86850398779e-09,2700.0,0.0,937.407402834,0.751402,9.63386,0.547194473855,38.3333333333,455.58254885673523,120,2.26528,2.27213,0.182416615098,1500.0,0.0,7.629913806915283,-0.010050708428,0.0592954158782959,2.66064453125,0.06807565689086914,804.166666667,9.70007,0.0,1.327131986618042,0.0100507152965,1.410332202911377,0.09520316123962402,0.0063376785256,209.038805542,1.4675965309143066,120,0.753971
5.12227416039e-09,2700.0,0.0,869.673869269,0.755762,9.74378,0.559131317922,15.0,463.13316774368286,120,2.27663,2.28203,0.032209080781,800.0,0.0,6.992592811584473,-0.00936401821673,0.05556368827819824,2.316553831100464,0.06143951416015625,509.166666667,9.79658,0.0,1.2610406875610352,0.009364023339,1.3115506172180176,0.07914876937866211,0.0076137506403,97.168238981,1.371734619140625,120,0.757726
-6.51925802231e-09,2500.0,0.0,668.35411439,0.74937,9.57306,0.405392002128,60.8333333333,470.26139974594116,120,2.25895,2.26786,0.144890018366,1400.0,0.0,6.848713159561157,-0.0125287724659,0.05440855026245117,2.299344062805176,0.05625200271606445,521.666666667,9.65868,0.0,1.2366564273834229,0.0125287659466,1.2280898094177246,0.08063960075378418,0.00943505298346,257.971520823,1.327305555343628,120,0.752637
-1.86264514923e-09,2100.0,0.0,757.715407583,0.757868,9.79045,0.489895084097,74.1666666667,477.932466506958,120,2.28141,2.26973,0.16982482383,1400.0,0.0,7.31632924079895,-0.0131894722581,0.05858778953552246,2.662477970123291,0.058356523513793945,469.166666667,9.67675,0.0,1.3484470844268799,0.0131894703954,1.2621471881866455,0.08272624015808105,0.00831448845565,285.334842286,1.3464159965515137,120,0.753334
4.75847627968e-09,2800.0,-7.45058059692e-09,1045.35347557,0.759699,9.8471,0.464893382584,59.1666666667,485.4482295513153,120,2.28718,2.28074,0.137315574449,1300.0,0.0,7.140027761459351,-0.00921716727316,0.06008028984069824,2.4283201694488525,0.05938601493835449,608.333333333,9.78391,0.0,1.3519151210784912,0.00921717203164,1.276665210723877,0.09389162063598633,0.00955283548683,252.48624825,1.343512773513794,120,0.757295
2.79396772385e-09,2200.0,3.72529029846e-09,790.778449097,0.764362,9.96182,0.465219308914,43.3333333333,492.8708143234253,120,2.29876,2.30081,0.0418292690185,1400.0,0.0,7.081991672515869,-0.0122995665297,0.05710411071777344,2.3821780681610107,0.06267952919006348,681.666666667,9.98227,0.0,1.310462236404419,0.0122995693237,1.3034138679504395,0.08669829368591309,0.00985348410904,196.100881068,1.3793983459472656,120,0.765069
-5.58793544769e-09,2800.0,-7.45058059692e-09,1071.67800668,0.762457,9.91936,0.591503824068,70.0,500.2791950702667,120,2.29449,2.29263,0.11493621956,1600.0,0.0,7.105092763900757,-0.0154294678941,0.05526137351989746,2.621751546859741,0.056218624114990234,627.5,9.90095,0.0,1.281127691268921,0.0154294623062,1.2162106037139893,0.07510519027709961,0.00966694857925,257.423127684,1.2988505363464355,120,0.761674
-9.31322574615e-10,1300.0,0.0,201.411684534,0.760289,9.86899,0.2148362925,24.1666666667,507.9123725891113,120,2.2894,2.30267,0.0719454571268,1300.0,0.0,7.304307222366333,-0.0135910557583,0.05546164512634277,2.4181711673736572,0.05885028839111328,40.0,10.0008,0.0,1.2970693111419678,0.013591054827,1.3053078651428223,0.2992072105407715,0.00894230324775,139.639913906,1.3724229335784912,120,0.765321
1.04773789644e-09,2800.0,0.0,1271.38348747,0.768345,10.0812,0.565170263738,35.0,517.7683243751526,120,2.31068,2.30058,0.0440760433411,1500.0,0.0,9.602086544036865,-0.0103110168129,0.08554196357727051,3.566762685775757,0.07333517074584961,1259.16666667,9.97996,0.0,2.017457962036133,0.0103110178607,1.4951491355895996,0.11365103721618652,0.0095465965569,208.426645769,1.647505521774292,120,0.764416
6.98491930962e-09,2800.0,-7.45058059692e-09,943.904420773,0.741378,9.3826,0.512437460189,75.8333333333,528.5259261131287,120,2.23886,2.24182,0.102575709435,1400.0,0.0,10.47648572921753,-0.011757787317,0.08571577072143555,3.560507297515869,0.08338618278503418,906.666666667,9.41045,0.0,1.9547009468078613,0.011757794302,1.8897342681884766,0.09353899955749512,0.00664103263989,275.377266471,2.0209038257598877,120,0.742418
1.12049747258e-09,2100.0,0.0,631.215758147,0.743992,9.44518,0.330256241114,37.5,539.3527612686157,120,2.2455,2.24019,0.114367987514,1200.0,0.0,10.530454874038696,-0.00816084071994,0.09307122230529785,3.821244478225708,0.0818643569946289,320.0,9.39514,0.0,2.143958806991577,0.00816084184044,1.7377257347106934,0.08167409896850586,0.0074633108452,183.513169373,2.0085866451263428,120,0.741883
0.0,0.0,0.0,0.0,0.743095,9.42676,1,30.8333333333,550.323077917099,120,2.24355,2.23175,0.0296179141452,1200.0,0.0,10.692928314208984,0.0,0.09078669548034668,3.7833099365234375,0.08473467826843262,0.0,9.31618,0.0,2.103968858718872,0.0,1.8414158821105957,0.08963274955749512,0.0,160.621622316,2.015533447265625,120,0.738726
-5.58793544769e-09,2200.0,0.0,676.682573705,0.740885,9.37076,0.341073398694,48.3333333333,561.7165250778198,120,2.23759,2.23175,0.103887075294,1400.0,0.0,11.105077743530273,-0.0078458301723,0.09285259246826172,3.9109225273132324,0.08930444717407227,504.166666667,9.31618,0.0,2.179445266723633,0.00784582458436,1.9616329669952393,0.09722042083740234,0.00677170045674,225.45632738,2.103182792663574,120,0.738726
-5.58793544769e-09,2700.0,0.0,1025.58384456,0.74377,9.44564,0.520083633196,55.8333333333,573.0665526390076,120,2.24555,2.23237,0.0822900336971,1300.0,0.0,11.033498525619507,-0.0104376133531,0.09644460678100586,3.897969961166382,0.08669066429138184,953.333333333,9.32196,0.0,2.17059326171875,0.0104376077652,1.8322319984436035,0.09379124641418457,0.00794744584709,235.865722158,2.2597408294677734,120,0.738821
2.79396772385e-09,2900.0,0.0,965.071960472,0.749806,9.59391,0.451482036432,55.8333333333,584.242449760437,120,2.26113,2.27048,0.161185767884,1600.0,0.0,10.89594554901123,-0.0118720158935,0.08689355850219727,3.704835891723633,0.08676385879516602,728.333333333,9.68405,0.0,2.0533270835876465,0.0118720186874,1.868732213973999,0.38287830352783203,0.00767733389512,259.742126391,2.0613741874694824,120,0.753482
-5.70435076952e-09,2200.0,0.0,770.78423267,0.756245,9.7537,0.412394626822,76.6666666667,595.6281661987305,120,2.27765,2.28203,0.262461680955,1500.0,0.0,11.093883752822876,-0.00802426133305,0.08948421478271484,3.6966888904571533,0.0969538688659668,635.0,9.79651,0.0,2.040050506591797,0.0080242556287,2.1605660915374756,0.10568404197692871,0.00830742251128,284.233863023,2.294006109237671,120,0.75778
6.17001205683e-09,2300.0,0.0,744.139603838,0.760763,9.88056,0.560701963755,31.6666666667,607.1239926815033,120,2.29057,2.29159,0.193458590041,1700.0,0.0,11.212054967880249,-0.00584182888269,0.09888935089111328,3.9998059272766113,0.08354473114013672,397.5,9.89067,0.0,2.239445686340332,0.00584183505271,1.849602460861206,0.0844874382019043,0.00761402165517,202.888858464,2.263254404067993,120,0.761241
-2.79396772385e-09,2500.0,0.0,770.192977261,0.750805,9.62286,0.562529431449,13.3333333333,617.7293498516083,120,2.26414,2.27393,0.103080049647,1500.0,0.0,10.305275440216064,-0.00428120419383,0.0821371078491211,3.471393346786499,0.08895611763000488,438.333333333,9.71749,0.0,1.8849246501922607,0.00428120139986,1.9700493812561035,0.08327198028564453,0.00802554003894,136.585341657,2.163999557495117,120,0.754438
-3.72529029846e-09,2600.0,0.0,944.515969514,0.743435,9.43126,0.563434870393,57.5,628.7325575351715,120,2.24403,2.25105,0.208874567296,1600.0,0.0,10.724109411239624,-0.00903325714171,0.09172368049621582,3.7733359336853027,0.0889441967010498,542.5,9.4977,0.0,2.122091293334961,0.00903325341642,1.927682638168335,0.08352375030517578,0.00963550619781,277.987559674,2.077411413192749,120,0.746028
-1.86264514923e-09,2100.0,0.0,510.38928498,0.727958,9.04451,0.277636103098,46.6666666667,640.0268795490265,120,2.20216,2.22217,0.117341517115,1500.0,0.0,10.96692156791687,-0.0128793902695,0.08781027793884277,3.835327625274658,0.09706759452819824,218.333333333,9.22731,0.0,1.9619405269622803,0.0128793884069,2.090954065322876,0.08286476135253906,0.00911029428244,231.996168551,2.2046759128570557,120,0.735282
0.0,0.0,0.0,0.0,0.72935,9.0833,1,32.5,650.9280331134796,120,2.20644,2.20199,0.124673079534,1500.0,0.0,10.606372833251953,0.0,0.08888792991638184,3.724815607070923,0.08469462394714355,0.0,9.04297,0.0,2.004965305328369,0.0,1.8618626594543457,0.09223628044128418,0.0,188.486294816,2.034463882446289,120,0.727718
-4.65661287308e-10,2000.0,-7.45058059692e-09,737.488229661,0.726905,9.02233,0.519894944263,34.1666666667,662.0604028701782,120,2.1997,2.20199,0.241663747678,1500.0,0.0,10.85746169090271,-0.00627861404791,0.08823060989379883,3.5992591381073,0.09444952011108398,383.333333333,9.04297,0.0,1.9893889427185059,0.00627861358225,2.128178596496582,0.1179659366607666,0.00788479857147,209.163346587,2.2386531829833984,120,0.727718
0.0,2800.0,0.0,1026.86010083,0.724684,8.96601,0.542695555503,69.1666666667,673.5557024478912,120,2.19344,2.19126,0.151236496024,1700.0,0.0,10.898929834365845,-0.00621385965496,0.09234929084777832,3.9095962047576904,0.0892636775970459,585.0,8.94644,0.0,2.059765577316284,0.00621385965496,1.9785397052764893,0.08106756210327148,0.00662658596411,291.774979888,2.106009006500244,120,0.723749
1.86264514923e-09,1200.0,0.0,109.087121146,0.724566,8.96494,0.0485164164537,12.5,685.1053125858307,120,2.19332,2.19832,0.0249801013461,800.0,0.0,11.264114141464233,-0.00570979947224,0.09310460090637207,3.8857834339141846,0.09533381462097168,10.0,9.00982,0.0,2.14037823677063,0.00570980133489,2.058708667755127,0.09834671020507812,0.0098930336535,96.2310587423,2.231065511703491,120,0.726352
0.0,0.0,0.0,0.0,0.725549,8.98657,1,87.5,696.358291387558,120,2.19573,2.19095,0.160668568858,1600.0,0.0,10.958175897598267,0.0,0.08847332000732422,3.723527669906616,0.09469985961914062,0.0,8.94369,0.0,2.053764581680298,0.0,2.0116071701049805,0.1050260066986084,0.0,293.98483521,2.136730194091797,120,0.723775
6.51925802231e-09,2800.0,7.45058059692e-09,1122.12472074,0.727087,9.02441,0.611844402935,81.6666666667,707.7199172973633,120,2.19993,2.19095,0.18510098637,1700.0,0.0,11.069891691207886,-0.0137993972749,0.09087228775024414,3.961350679397583,0.09229350090026855,1048.33333333,8.94369,0.0,2.0540549755096436,0.0137994037941,2.0391149520874023,0.08594179153442383,0.00980227254331,319.63086348,2.166879177093506,120,0.723775
-4.65661287308e-10,2700.0,0.0,1092.62394415,0.71208,8.65803,0.558662895323,90.8333333333,718.2809851169586,120,2.15849,2.1664,0.114972100108,2000.0,0.0,10.291019916534424,-0.00490020122379,0.08603167533874512,3.702256679534912,0.08367013931274414,627.5,8.72679,0.0,1.9974884986877441,0.00490020075813,1.8231544494628906,0.08507299423217773,0.00491040246561,331.410076625,1.968428611755371,120,0.71487
4.65661287308e-09,2800.0,7.45058059692e-09,1092.14874852,0.715424,8.73983,0.529919750649,60.8333333333,729.0779333114624,120,2.16789,2.17081,0.0568629997547,1500.0,0.0,10.454132318496704,-0.0139298113063,0.089935302734375,3.8392813205718994,0.08675098419189453,956.666666667,8.76537,0.0,2.139267921447754,0.0139298159629,1.735137939453125,0.08306241035461426,0.00960673950613,241.624996407,1.8608715534210205,120,0.716436
-2.79396772385e-09,2900.0,7.45058059692e-09,1147.0239269,0.711135,8.63049,0.608615174005,41.6666666667,740.1226716041565,120,2.1553,2.15473,0.0450287443083,1900.0,0.0,10.765029191970825,-0.00962924584746,0.08734297752380371,3.9389026165008545,0.08597493171691895,831.666666667,8.6256,0.0,2.037842273712158,0.0096292430535,1.8661270141601562,0.08239531517028809,0.00688618607819,226.415301799,1.9744212627410889,120,0.710754
1.49011611938e-08,2900.0,0.0,1223.14911192,0.698881,8.33705,0.550611802912,44.1666666667,751.3686103820801,120,2.12071,2.11938,0.0488987504242,1400.0,0.0,10.604687929153442,-0.0109901167452,0.08396434783935547,3.6755266189575195,0.08968949317932129,1187.5,8.32596,0.0,1.999690294265747,0.0109901316464,1.9626216888427734,0.1023867130279541,0.00710608577356,208.084851817,2.1116085052490234,120,0.698467
3.25962901115e-09,1900.0,7.45058059692e-09,503.973103339,0.699603,8.34599,0.384702019153,52.5,761.799712896347,120,2.12178,2.10782,0.0590235918659,1300.0,0.0,10.151804208755493,-0.00461589125916,0.07678675651550293,3.409666061401367,0.09188985824584961,236.666666667,8.23027,0.0,1.8493752479553223,0.00461589451879,1.9752655029296875,0.11805152893066406,0.00483288476244,227.655624427,2.0828888416290283,120,0.694583
-9.31322574615e-10,2700.0,2.23517435671e-08,1002.22530179,0.688184,8.05458,0.618201449114,40.0,773.3596186637878,120,2.08624,2.06444,0.0989654746369,1600.0,0.0,11.246956586837769,-0.00738706439734,0.08621883392333984,3.799302816390991,0.09760570526123047,573.333333333,7.88087,0.0,2.076925277709961,0.00738706346601,2.0945448875427246,0.09227752685546875,0.00878043379635,210.317220725,2.195348024368286,120,0.680335
8.49831849337e-09,2900.0,0.0,1325.73643057,0.683497,7.94319,0.572799904406,65.8333333333,784.1983864307404,120,2.07231,2.09116,0.188164039857,1800.0,0.0,10.507789611816406,-0.00286987912841,0.08612751960754395,3.6363816261291504,0.08918499946594238,1322.5,8.09431,0.0,1.9460978507995605,0.00286988762673,1.9351670742034912,0.09555602073669434,0.00703320885077,298.187813672,2.094682216644287,120,0.690208
-3.72529029846e-09,1500.0,0.0,240.462517292,0.683615,7.93498,0.298729329419,73.3333333333,795.3257811069489,120,2.07128,2.0666,0.113360901304,1600.0,0.0,10.85177731513977,-0.00708026112989,0.08777546882629395,3.8080625534057617,0.09037470817565918,46.6666666667,7.89794,0.0,2.106227159500122,0.0070802574046,1.9584362506866455,0.08399581909179688,0.00856481306255,274.388208363,2.1333024501800537,120,0.681657
-2.19006324187e-09,1800.0,7.45058059692e-09,495.630210495,0.687166,8.02701,0.454134844204,67.5,806.2868537902832,120,2.08281,2.09238,0.0806078493233,1600.0,0.0,10.68706488609314,-0.00591741036624,0.08994793891906738,3.7803056240081787,0.08698368072509766,245.833333333,8.10417,0.0,2.0566067695617676,0.00591740817617,1.9351146221160889,0.10639429092407227,0.00969670992345,277.83763244,2.0425620079040527,120,0.690394
-1.86264514923e-09,1600.0,-2.23517435671e-08,458.832304152,0.687952,8.04326,0.482947433455,55.8333333333,817.5807209014893,120,2.08484,2.09651,0.0449263576559,1500.0,0.0,11.015110492706299,-0.00730013288558,0.09407496452331543,3.938464403152466,0.08573508262634277,207.5,8.13771,0.0,2.144134998321533,0.00730013102293,1.8318779468536377,0.08648037910461426,0.00939617864788,245.559169154,2.2218809127807617,120,0.69192
-1.07102096081e-08,2900.0,0.0,1328.10955873,0.707884,8.50651,0.595175701291,48.3333333333,828.8349282741547,120,2.14083,2.12993,0.248208847383,1500.0,0.0,10.984167575836182,-0.00339113757946,0.09047937393188477,3.759638547897339,0.0940241813659668,1325.0,8.41425,0.0,2.0599582195281982,0.00339112686925,2.0420145988464355,0.09184050559997559,0.00956393871456,219.842115063,2.212263345718384,120,0.703644
6.51925802231e-09,2500.0,0.0,983.318855826,0.709414,8.52125,0.546033669002,34.1666666667,840.2871141433716,120,2.14256,2.13703,0.0823655870179,1400.0,0.0,10.853334665298462,-0.0086204521358,0.08954811096191406,3.7627813816070557,0.09225964546203613,959.166666667,8.47425,0.0,2.0494673252105713,0.00862045865506,2.0233988761901855,0.08109784126281738,0.00696958228946,186.411656169,2.174743413925171,120,0.707322
-4.65661287308e-09,1300.0,0.0,118.177714575,0.699288,8.2705,0.188150569456,83.3333333333,851.3826022148132,120,2.1127,2.10646,0.129139608688,2100.0,0.0,10.821573257446289,-0.00569325499237,0.08961939811706543,3.8326666355133057,0.08639264106750488,10.8333333333,8.21907,0.0,2.0597870349884033,0.00569325033575,1.8572413921356201,0.0835573673248291,0.00739494292066,307.227747589,2.2220070362091064,120,0.697134
-3.25962901115e-09,2800.0,0.0,978.434123144,0.695781,8.19662,0.484874584805,34.1666666667,862.5931308269501,120,2.10372,2.11079,0.0560478271197,1300.0,0.0,10.937853336334229,-0.010739563033,0.09039521217346191,3.788350820541382,0.09279656410217285,850.0,8.25476,0.0,2.0456464290618896,0.0107395597734,2.038323402404785,0.09403514862060547,0.00803848728538,185.065679032,2.18337082862854,120,0.69849
-6.51925802231e-09,2800.0,0.0,1174.43958267,0.708639,8.51058,0.571427035393,37.5,873.6664803028107,120,2.14131,2.12285,0.0580357886077,1500.0,0.0,10.794937133789062,-0.00794518459588,0.08507800102233887,3.655001640319824,0.09305739402770996,695.0,8.35492,0.0,1.9780871868133545,0.00794517807662,2.0598978996276855,0.10936832427978516,0.00718745449558,214.111536354,2.1955695152282715,120,0.702528
1.39698386192e-09,1600.0,0.0,154.91036835,0.704523,8.41429,0.10253932037,4.16666666667,884.8467240333557,120,2.12993,2.13644,0.0229195860871,500.0,0.0,10.884908199310303,-0.00811833888292,0.09130454063415527,3.7513012886047363,0.09082245826721191,18.3333333333,8.46922,0.0,2.0442278385162354,0.00811834027991,1.9848682880401611,0.0839836597442627,0.00684716226533,45.4529671443,2.22510027885437,120,0.706641
1.11758708954e-08,1700.0,-2.23517435671e-08,355.058680596,0.704339,8.42009,0.167271947616,70.0,895.1676602363586,120,2.13062,2.11896,0.164499619794,1400.0,0.0,10.028448343276978,-0.00899118371308,0.08394432067871094,3.6242125034332275,0.07994437217712402,110.0,8.32245,0.0,1.9159605503082275,0.00899119488895,1.7527499198913574,0.07234597206115723,0.00890335254371,266.958174002,1.952833890914917,120,0.700248
2.32830643654e-09,2000.0,3.72529029846e-09,673.48544074,0.697742,8.23619,0.403108544465,54.1666666667,905.8507499694824,120,2.10854,2.11714,0.0504098128788,1400.0,0.0,10.400630474090576,-0.00989664252847,0.07572603225708008,3.3848114013671875,0.09696173667907715,559.166666667,8.30736,0.0,1.7861406803131104,0.00989664485678,2.13415265083313,0.07836413383483887,0.0063343718648,226.162122283,2.2433462142944336,120,0.700572
-3.95812094212e-09,2900.0,0.0,1110.24396718,0.689015,8.0312,0.535056827855,73.3333333333,917.0871572494507,120,2.08333,2.08857,0.135545848776,1400.0,0.0,10.961929559707642,-0.00448285602033,0.09152698516845703,4.094461441040039,0.08595705032348633,945.0,8.07336,0.0,2.105808973312378,0.00448285206221,1.8496856689453125,0.09904742240905762,0.00554073415697,261.3214283,1.9697251319885254,120,0.690722
-4.19095158577e-09,2800.0,-1.49011629702e-08,1100.38345589,0.679956,7.81744,0.497380179516,59.1666666667,928.5172920227051,120,2.05636,2.07468,0.0638375691339,1500.0,0.0,10.825270652770996,-0.010853827931,0.08951449394226074,3.7524569034576416,0.09078788757324219,962.5,7.96197,0.0,2.015949249267578,0.01085382374,1.982875108718872,0.09766411781311035,0.00714112818241,241.693963976,2.161912679672241,120,0.686106
2.32830643654e-09,2900.0,1.49011611938e-08,1149.44159148,0.68231,7.87622,0.523802546163,72.5,939.7518701553345,120,2.06385,2.06973,0.0568079867654,1700.0,0.0,10.930104732513428,-0.00712379999459,0.09006977081298828,3.857670545578003,0.09035682678222656,1080.83333333,7.92268,0.0,2.1121881008148193,0.00712380232289,2.005176544189453,0.09687948226928711,0.00917397253215,303.579341634,2.110494613647461,120,0.684342
9.31322574615e-10,2900.0,0.0,1351.41875038,0.688364,8.02143,0.584830232003,92.5,950.9451041221619,120,2.08212,2.0692,0.19735341299,1600.0,0.0,10.831642627716064,-0.00576778594404,0.08096122741699219,3.780733346939087,0.0943453311920166,1349.16666667,7.91845,0.0,1.9047441482543945,0.00576778687537,2.0614700317382812,0.11249947547912598,0.00820947065949,321.237840237,2.169492721557617,120,0.683576
6.51925802231e-09,2800.0,0.0,1085.25438646,0.678124,7.78654,0.529449705597,56.6666666667,962.1009850502014,120,2.0524,2.04969,0.0997323177944,1500.0,0.0,10.88372278213501,-0.0113340197131,0.08989214897155762,3.8786871433258057,0.08615565299987793,782.5,7.76546,0.0,2.0629966259002686,0.0113340262324,1.949371099472046,0.08416628837585449,0.0094527900219,259.401019445,2.139695405960083,120,0.677102
-6.75208866596e-09,2800.0,0.0,1133.35294101,0.672539,7.64232,0.542870427638,85.0,972.7642781734467,120,2.0337,2.03329,0.111951824411,1600.0,0.0,10.34214186668396,-0.00444685015827,0.09046530723571777,3.7856788635253906,0.07833003997802734,653.333333333,7.63916,0.0,2.068969488143921,0.00444684340619,1.6920220851898193,0.09721493721008301,0.00768275745213,281.262036779,1.8233575820922852,120,0.67234
