LossBefore,1AveragePolicyStd,MeanKLBefore,0EnvExecTime,1ExplainedVariance,0AveragePolicyStd,LossAfter,0MinReturn,0ExplainedVariance,MeanKL,1Entropy,0NumTrajs,0StdReturn,1Perplexity,Time,ComputeUpdatedDistTime,1EnvExecTime,0PolicyExecTime,0AverageReturn,1PolicyExecTime,1StdReturn,1MaxReturn,1MinReturn,0MaxReturn,0Entropy,dLoss,1NumTrajs,ItrTime,0Perplexity,1AverageReturn,1ProcessExecTime,0ProcessExecTime
-4.36557456851e-10,0.999581,6.29370278116e-10,3.8851280212402344,0.0333849895536,1.0,-0.00332122063264,0.0,0.0798257497526,0.00978550501168,2.837,320,27.2717802866,17.0644,21.768897771835327,3.4063119888305664,3.725355386734009,1.462336540222168,2.5,4.3691933155059814,58.4667373384,1000.0,0.0,400.0,2.83788,0.00332122019609,320,21.768898487091064,17.0795,4.375,0.12166523933410645,0.1444849967956543
-4.07453626394e-10,0.99086,6.92671298097e-09,4.236334800720215,0.191245124583,0.990412,-0.00257168989629,0.0,0.077018131019,0.00874111521989,2.81926,320,147.542035853,16.7644,40.23070287704468,0.2582225799560547,4.504352331161499,1.697601079940796,19.6875,5.423221588134766,222.513166745,2000.0,0.0,1500.0,2.81858,0.00257168948883,320,17.96218729019165,16.753,39.375,0.14949917793273926,0.1545238494873047
-1.0768417269e-09,0.991887,1.01863406599e-09,3.954883098602295,0.159557252677,0.991323,-0.00809190794826,0.0,0.0615195668115,0.00970865041018,2.82151,320,96.6908532062,16.8023,56.565194845199585,0.24713945388793945,3.9215853214263916,1.2641191482543945,10.9375,4.594140529632568,211.162842597,2000.0,0.0,1200.0,2.82045,0.00809190687141,320,15.843281507492065,16.7843,44.0625,0.12395358085632324,0.147721529006958
-1.54250301421e-09,0.987263,-6.40284270048e-10,4.588715314865112,0.196635838554,0.985806,-0.00499783270061,0.0,0.0968190872667,0.00947634316981,2.8121,320,198.303104095,16.6449,74.11385035514832,0.2615532875061035,3.9678425788879395,1.2176063060760498,30.9375,5.0943121910095215,282.46802225,2000.0,0.0,2000.0,2.80927,0.00499783115811,320,17.029130935668945,16.5978,66.5625,0.12754535675048828,0.14179730415344238
-1.04773789644e-09,0.975037,6.57746479504e-09,4.1005566120147705,0.2019685889,0.974245,-0.00533960293978,0.0,0.0877758874334,0.00937848165631,2.78715,320,158.260811242,16.2347,90.84330940246582,0.2740058898925781,3.9810869693756104,1.2730648517608643,31.875,4.827146530151367,341.400922441,2400.0,0.0,1300.0,2.78568,0.00533960189205,320,16.237239122390747,16.2108,87.1875,0.12429261207580566,0.14573979377746582
2.21189111471e-09,0.968381,-8.0326554297e-09,4.426543235778809,0.262824209792,0.969339,-0.00649854866788,0.0,0.130196586818,0.00902280118316,2.77349,320,192.931486787,16.0144,107.7604444026947,0.24946808815002441,3.854849100112915,1.3416666984558105,31.5625,4.641523838043213,451.890019633,2900.0,0.0,2200.0,2.77556,0.00649855087977,320,16.41135001182556,16.0476,132.8125,0.12410855293273926,0.16351938247680664
9.02218744159e-10,0.965152,4.65661342819e-10,3.9773528575897217,0.158076404069,0.964792,-0.00542615773156,0.0,0.0425837665081,0.00763137359172,2.76673,320,160.854347451,15.9065,125.56606888771057,0.2540910243988037,4.4669647216796875,1.5133793354034424,29.0625,5.2682812213897705,376.779113009,2300.0,0.0,1300.0,2.76618,0.00542615863378,320,17.345783710479736,15.8978,115.0,0.1380918025970459,0.14898228645324707
-3.66708263755e-09,0.956707,-5.82077164246e-10,4.168620824813843,0.199783707603,0.960682,-0.00949482806027,0.0,0.143658400544,0.00855703465641,2.74895,320,339.294851263,15.6262,141.929212808609,0.240098237991333,3.6864216327667236,1.2881219387054443,105.9375,4.5568764209747314,490.077222072,2500.0,0.0,2100.0,2.75759,0.00949482439319,320,15.873839855194092,15.7618,193.4375,0.11882352828979492,0.15147805213928223
1.26601662487e-09,0.95661,-1.80443759934e-09,4.0417258739471436,0.294724115461,0.960697,-0.00827639736235,0.0,0.116673267797,0.00822413992137,2.7486,320,307.32575729,15.6208,160.00058603286743,0.7243208885192871,4.1649534702301025,1.216710090637207,90.9375,5.324146747589111,615.934249738,2500.0,0.0,2000.0,2.75752,0.00827639862837,320,17.4483585357666,15.7606,300.0,0.1379086971282959,0.14560389518737793
1.54250301421e-09,0.95579,2.32830588143e-10,4.396773815155029,0.274816641821,0.954523,-0.00715208984911,0.0,0.104187559247,0.00714894710109,2.74699,320,329.485868437,15.5957,176.99388885498047,0.2530674934387207,3.914919137954712,1.3764009475708008,101.25,4.7152955532073975,684.78754689,2800.0,0.0,2000.0,2.74476,0.00715209139162,320,16.497056245803833,15.5609,358.125,0.12444114685058594,0.15228509902954102
4.65661287308e-10,0.971827,1.04773789644e-09,4.062170505523682,0.254371356231,0.966139,-0.0101147722453,0.0,0.139884802154,0.00925087742507,2.78014,320,332.890835851,16.1213,194.2124650478363,0.2624239921569824,3.946789503097534,1.21516752243042,118.4375,4.961780786514282,590.268659039,2500.0,0.0,1700.0,2.76898,0.0101147727109,320,16.522982835769653,15.9423,272.8125,0.1325087547302246,0.14878582954406738
-9.74978320301e-10,0.966088,1.33877620101e-08,4.3598387241363525,0.355326351329,0.966277,-0.00759217701852,0.0,0.0991558177507,0.00798286963254,2.76852,320,342.174657293,15.9351,212.0178611278534,0.25802040100097656,4.261425256729126,1.3137226104736328,114.0625,5.344582557678223,831.014475562,2800.0,0.0,1800.0,2.76926,0.00759217604354,320,17.336129903793335,15.9468,508.4375,0.13790321350097656,0.1591639518737793
-3.76894604415e-09,0.942484,-4.65661342819e-10,3.890671968460083,0.357282639321,0.950277,-0.00703246658668,0.0,0.279168368082,0.00707639800385,2.71906,320,501.686121837,15.1661,228.01563501358032,0.2548506259918213,3.78253173828125,1.1532573699951172,242.1875,4.587462663650513,814.007975621,2800.0,0.0,2400.0,2.73587,0.00703246281773,320,15.564276456832886,15.4232,531.875,0.12023234367370605,0.1427631378173828
-7.56699591875e-10,0.953626,5.82076664646e-10,4.295689821243286,0.285140176676,0.954222,-0.00816155411303,0.0,0.0889758197465,0.00667086848989,2.74267,320,458.20546275,15.5285,246.57488441467285,0.25222277641296387,4.527463674545288,1.6631596088409424,175.9375,5.459576368331909,823.292207296,2700.0,0.0,2100.0,2.74416,0.00816155335633,320,18.04684090614319,15.5515,451.5625,0.14357805252075195,0.14479804039001465
-1.92085281014e-09,0.949683,-1.16415332929e-09,4.253085613250732,0.302539291537,0.948907,-0.00749995466322,0.0,0.0652467259343,0.00731667224318,2.73451,320,380.104709052,15.4022,262.813072681427,0.24849963188171387,3.456768751144409,1.2989158630371094,107.1875,4.259282827377319,697.593449721,2800.0,0.0,2100.0,2.73299,0.00749995274236,320,15.26029658317566,15.3788,290.9375,0.11033248901367188,0.15134263038635254
-1.52795109898e-09,0.956167,7.45240136268e-09,3.5445051193237305,0.223238523435,0.957342,-0.00829851161689,0.0,0.124917890621,0.00928842369467,2.74781,320,437.146173887,15.6085,278.27631306648254,0.23911595344543457,3.7896203994750977,1.0341641902923584,155.3125,4.727248668670654,723.99924195,2800.0,0.0,2000.0,2.75069,0.00829851008893,320,14.985663652420044,15.6534,389.6875,0.1212160587310791,0.13779282569885254
-5.82076609135e-09,0.948144,4.4237831176e-09,3.9319870471954346,0.227897244514,0.949223,-0.00561120128259,0.0,0.148201281452,0.00761545263231,2.73115,320,496.347597456,15.3505,294.29403948783875,0.2473461627960205,3.722677230834961,1.1615417003631592,196.25,4.68246865272522,775.443358566,2700.0,0.0,2400.0,2.73363,0.00561119546182,320,15.449280261993408,15.3887,390.3125,0.12662935256958008,0.13905835151672363
-1.04773789644e-09,0.943692,2.91038260158e-09,3.516753673553467,0.295397247404,0.948098,-0.00537225976586,0.0,0.131854589003,0.00987050868571,2.7217,320,567.464119873,15.2061,308.81271862983704,0.2700352668762207,3.3187389373779297,1.0335631370544434,225.3125,4.066328287124634,908.103223672,2700.0,0.0,2300.0,2.73126,0.00537225871813,320,14.017902135848999,15.3522,597.8125,0.10670828819274902,0.1313319206237793
1.01863406599e-09,0.93295,-6.98491986473e-10,3.4788429737091064,0.236670989873,0.938909,-0.00797088630497,0.0,0.0863640725106,0.0088203875348,2.69873,320,489.330597443,14.8609,324.17629528045654,0.265214204788208,3.3681187629699707,1.6042230129241943,183.4375,4.132121562957764,796.946320338,2700.0,0.0,2700.0,2.71178,0.00797088732361,320,14.881211280822754,15.0561,401.25,0.10813069343566895,0.12932252883911133
3.50701157004e-09,0.937573,-3.72529074255e-09,3.4989163875579834,0.261886788258,0.938338,-0.00547225773335,0.0,0.0889453874934,0.00754690356553,2.70871,320,463.174234056,15.0099,339.2106840610504,0.8128452301025391,3.290111541748047,1.0430841445922852,179.0625,4.09886622428894,903.373668188,2900.0,0.0,2100.0,2.71056,0.00547226124036,320,14.514771938323975,15.0378,528.125,0.11011290550231934,0.12918472290039062
-2.67755240202e-09,0.924774,-5.82076697953e-09,3.577974796295166,0.212765003555,0.928268,-0.00631184969097,0.0,0.0721997155721,0.00670911092311,2.68075,320,381.853901831,14.596,354.44168496131897,0.3014397621154785,3.4184045791625977,1.0568573474884033,109.6875,4.578866481781006,728.964845582,2600.0,0.0,2300.0,2.68886,0.00631184701342,320,14.751690149307251,14.7149,324.0625,0.11505722999572754,0.13019895553588867
4.1036400944e-09,0.923723,3.25962901115e-09,4.018403768539429,0.316748860232,0.926959,-0.00614284351468,0.0,0.140334710232,0.00712766870856,2.67892,320,568.035179231,14.5694,369.75904965400696,0.25447630882263184,3.447077989578247,1.1748363971710205,237.8125,4.280262231826782,986.691916203,2800.0,0.0,2400.0,2.68612,0.00614284761832,320,14.882206201553345,14.6746,623.75,0.11464881896972656,0.15386271476745605
4.36557456851e-11,0.917534,-9.77888614528e-09,3.5106801986694336,0.255950296927,0.923156,-0.007336453069,0.0,0.144700555459,0.00817981362343,2.66516,320,522.181422017,14.3703,385.0122404098511,0.27909183502197266,3.33514404296875,1.0336430072784424,196.25,4.802628040313721,793.695310616,2900.0,0.0,2300.0,2.67776,0.00733645311266,320,14.644835948944092,14.5525,424.0625,0.10771965980529785,0.13469314575195312
-2.21189111471e-09,0.910317,2.09547579288e-09,3.5139284133911133,0.292717024798,0.915167,-0.00635000504553,0.0,0.235494616268,0.00998406112194,2.64959,320,626.44707478,14.1482,399.48869705200195,0.24924230575561523,3.3866541385650635,1.0453131198883057,263.75,4.195566892623901,819.347050915,2700.0,0.0,2600.0,2.66052,0.00635000283364,320,13.999880313873291,14.3037,467.1875,0.1159369945526123,0.13069367408752441
1.45519152284e-09,0.899929,-1.39698408397e-09,3.6589879989624023,0.39874598848,0.902807,-0.00795650202781,0.0,0.0411987353312,0.00944893993437,2.62665,320,406.254687473,13.8273,414.2879638671875,0.25721144676208496,3.477672576904297,1.05462646484375,119.0625,4.185127019882202,979.62046222,2900.0,0.0,2100.0,2.63336,0.007956503483,320,14.273946285247803,13.9205,637.5,0.11201310157775879,0.13413596153259277
1.86628312804e-09,0.89984,-4.6566139833e-10,3.5800435543060303,0.175952399478,0.899462,-0.004319306463,0.0,0.0988776865834,0.00666021183133,2.62658,320,330.883641746,13.8265,430.9475724697113,0.2449808120727539,3.6309714317321777,1.5608038902282715,68.125,5.160055637359619,632.461631124,2700.0,0.0,2200.0,2.62589,0.00431930832929,320,16.09681224822998,13.8168,212.1875,0.12498044967651367,0.13810372352600098
-3.7980498746e-09,0.898359,-2.32830574265e-10,3.5914809703826904,0.312472769333,0.893596,-0.00643788464367,0.0,0.203916651144,0.0073152333498,2.62302,320,624.311417558,13.7772,446.00411581993103,0.24926400184631348,3.498018980026245,1.0745539665222168,275.9375,4.2936317920684814,1002.95807606,2800.0,0.0,2500.0,2.61254,0.00643788084562,320,14.490758180618286,13.6336,669.6875,0.11135435104370117,0.13240337371826172
-2.18278728426e-09,0.896227,-1.6298146166e-09,3.586043119430542,0.2791748658,0.897404,-0.00761841470376,0.0,0.118552709362,0.00689940154552,2.61719,320,447.280738009,13.6971,461.6816449165344,0.24291205406188965,3.446950674057007,1.134988784790039,148.4375,4.948637008666992,961.639174714,2800.0,0.0,2300.0,2.6207,0.00761841252097,320,15.206791162490845,13.7454,650.3125,0.11555004119873047,0.13161897659301758
-3.84170562029e-09,0.886382,-2.79396816794e-09,3.826446771621704,0.287186597563,0.886281,-0.00545382732525,0.0,0.0615466339415,0.00656646629795,2.59573,320,428.382563947,13.4064,477.41263246536255,0.2574913501739502,3.656663417816162,1.0906651020050049,130.9375,4.601053714752197,974.714250996,2800.0,0.0,2300.0,2.59571,0.00545382348355,320,15.241087436676025,13.4062,660.9375,0.1252000331878662,0.14150476455688477
5.96628524363e-10,0.888019,2.79396816794e-09,3.3889920711517334,0.185598291142,0.888088,-0.00602348847315,0.0,0.0880314812284,0.0074433865957,2.59886,320,525.84000879,13.4484,492.5785665512085,0.24401354789733887,3.475166082382202,0.9873504638671875,187.8125,4.496399879455566,803.115029121,2800.0,0.0,2500.0,2.59913,0.00602348906978,320,14.67811393737793,13.452,402.5,0.12037873268127441,0.1226341724395752
2.45199771598e-09,0.887226,6.98491975371e-09,3.5610392093658447,0.257248591544,0.887762,-0.00584940286353,0.0,0.251365613401,0.00776704400778,2.5972,320,581.914187053,13.4261,507.9205904006958,0.2611238956451416,3.577691078186035,1.037858247756958,229.0625,4.820502758026123,888.994340533,2700.0,0.0,2500.0,2.59866,0.00584940531553,320,14.885183095932007,13.4457,561.25,0.11144566535949707,0.12759113311767578
-1.89174897969e-09,0.878914,-9.31322685638e-10,3.3335936069488525,0.30424787439,0.876622,-0.00525045301765,0.0,0.113790427094,0.00631935661659,2.57886,320,559.236976687,13.1821,522.841715335846,0.2735912799835205,3.664314031600952,0.986609935760498,194.0625,4.517361164093018,995.991771741,2900.0,0.0,2400.0,2.57378,0.0052504511259,320,14.44006872177124,13.1153,580.625,0.1211235523223877,0.12445735931396484
6.40284270048e-10,0.874855,-9.3132279666e-10,3.5129475593566895,0.258670564246,0.878869,-0.00650778599083,0.0,0.283668085007,0.00893599633127,2.56915,320,666.037430911,13.0547,539.214742898941,0.24271535873413086,3.5914483070373535,1.6983001232147217,304.375,4.451016426086426,979.19290745,2800.0,0.0,2600.0,2.57853,0.00650778663112,320,15.197343826293945,13.1778,642.5,0.1312718391418457,0.12639760971069336
1.45519152284e-10,0.889099,-1.86264514923e-09,3.6519012451171875,0.27686873805,0.887959,-0.00501354970038,0.0,0.101237843412,0.00665041059256,2.60156,320,511.496635955,13.4848,554.3794867992401,0.24787378311157227,3.490557909011841,1.1685633659362793,178.4375,4.383103370666504,1012.24490421,2900.0,0.0,2700.0,2.59935,0.0050135498459,320,14.562778234481812,13.4549,595.9375,0.1192617416381836,0.13050103187561035
-2.18278728426e-09,0.897149,1.86264514923e-09,3.389634370803833,0.333716351794,0.899081,-0.00855149328709,0.0,0.20548400135,0.00890982523561,2.61841,320,615.931395835,13.714,569.428239107132,0.23643755912780762,3.4804136753082275,1.0841443538665771,248.125,4.654536485671997,1042.9074069,2900.0,0.0,2500.0,2.62292,0.0085514911043,320,14.598429918289185,13.776,755.625,0.12055468559265137,0.11809015274047852
-2.76486389339e-10,0.902577,-1.97906047106e-09,3.4065656661987305,0.314061943369,0.903518,-0.00839815288782,0.0,0.154225394422,0.00752350408584,2.63004,320,639.232938763,13.8743,584.46329164505,0.2275540828704834,3.551542282104492,1.0925278663635254,297.5,4.515713453292847,1012.36684117,2700.0,0.0,2500.0,2.63187,0.00839815261133,320,14.544917821884155,13.8998,809.0625,0.11469435691833496,0.12276363372802734
-1.22236087918e-09,0.906421,9.31322685638e-10,3.608330726623535,0.262227230194,0.907573,-0.00448152143508,0.0,0.0324352812461,0.00712981401011,2.63757,320,335.968167205,13.9792,600.1001794338226,0.22807025909423828,3.4980416297912598,1.1285789012908936,80.625,4.452404975891113,801.57047998,2800.0,0.0,2100.0,2.63985,0.00448152021272,320,15.078237533569336,14.0112,343.125,0.1255638599395752,0.13106465339660645
1.2296368368e-09,0.90925,3.25962945524e-09,3.912885904312134,0.20763070718,0.905369,-0.00665047764778,0.0,0.0640300998919,0.00771610345691,2.64412,320,448.011993248,14.071,616.1125092506409,0.3863708972930908,3.645336627960205,1.1994874477386475,144.0625,4.638051509857178,793.98858373,2800.0,0.0,2500.0,2.63568,0.00665047887742,320,15.433876276016235,13.9528,340.9375,0.11998438835144043,0.13928842544555664
-1.36788003147e-09,0.903805,-7.33416705145e-09,3.354581832885742,0.328546201879,0.900893,-0.00452598184347,0.0,0.0423371664327,0.00603175954893,2.63239,320,450.186484797,13.9069,630.9279136657715,0.25433897972106934,3.541517734527588,1.0983998775482178,140.9375,4.334807395935059,936.241655504,2800.0,0.0,2200.0,2.62628,0.00452598047559,320,14.341269969940186,13.8222,516.25,0.11594319343566895,0.12391114234924316
5.67524693906e-10,0.88583,-4.65661342819e-10,3.5319366455078125,0.289965292014,0.891492,-0.00543933734298,0.0,0.148264698445,0.00713048502803,2.59259,320,657.787187755,13.3643,647.6977379322052,0.24160218238830566,3.598217725753784,1.5406064987182617,341.875,4.734375,1090.2844651,2900.0,0.0,2400.0,2.60492,0.0054393379105,320,15.630094766616821,13.5302,807.8125,0.11965441703796387,0.11903786659240723
-1.97906047106e-09,0.881908,1.86264537128e-09,4.061816930770874,0.295421559673,0.879768,-0.00592324044555,0.0,0.118241055621,0.00912476051599,2.58385,320,580.664271411,13.248,663.4797050952911,0.24636530876159668,3.4375505447387695,1.2396183013916016,245.9375,4.531865358352661,1055.84196076,3000.0,0.0,2400.0,2.57895,0.00592323846649,320,15.287687540054321,13.1833,664.0625,0.11154651641845703,0.14158272743225098
5.52972778678e-10,0.871829,0.0,3.497878074645996,0.299618480796,0.874325,-0.00815435685217,0.0,0.149073355789,0.00914478953928,2.56097,320,677.160604565,12.9484,678.5330033302307,0.23951220512390137,3.323184013366699,1.053814172744751,311.875,4.7082085609436035,1023.01637328,2900.0,0.0,2600.0,2.56616,0.00815435740515,320,14.506049156188965,13.0158,675.0,0.1094822883605957,0.1313948631286621
-1.51339918375e-09,0.872607,1.21071925818e-08,4.1134538650512695,0.264531647508,0.872945,-0.00547049939632,0.0,0.0653547766106,0.00925158523023,2.56065,320,336.582085085,12.9442,694.0778396129608,0.23893427848815918,3.388842821121216,1.2221693992614746,80.0,4.365760326385498,870.810898585,2800.0,0.0,2300.0,2.56189,0.00547049788292,320,15.011628866195679,12.9603,370.9375,0.1112520694732666,0.15154051780700684
2.64844857156e-09,0.853378,-3.72529074255e-09,3.756603479385376,0.294304979715,0.856615,-0.00706309219822,0.0,0.193331925225,0.00925798527896,2.51687,320,719.782953396,12.3898,709.482813835144,0.22605443000793457,3.34464168548584,1.1164600849151611,385.0,4.416061639785767,1078.17078707,2900.0,0.0,2600.0,2.52477,0.00706309484667,320,14.921740055084229,12.4881,904.0625,0.09906506538391113,0.1464829444885254
-2.76486389339e-10,0.834135,-4.65661204041e-10,4.025502920150757,0.367857123795,0.842039,-0.00867437012494,0.0,0.206784588481,0.00909734610468,2.47097,320,747.887650319,11.8339,725.7178571224213,0.24839496612548828,3.6277294158935547,1.205723524093628,481.25,4.612178564071655,1133.26116115,2800.0,0.0,2600.0,2.49044,0.00867436984845,320,15.602911949157715,12.0666,1205.625,0.11875391006469727,0.13817071914672852
-2.44472175837e-09,0.837775,-9.31322663433e-09,3.6302106380462646,0.343213378035,0.838383,-0.00741100590676,0.0,0.159155694926,0.00975461862981,2.48087,320,775.220167819,11.9517,740.7087485790253,0.24544000625610352,3.4902889728546143,1.0636680126190186,501.5625,4.428326606750488,1122.65015004,2800.0,0.0,2600.0,2.48249,0.00741100346204,320,14.547218084335327,11.971,844.375,0.11934590339660645,0.13161158561706543
5.55883161724e-09,0.832772,4.65661065263e-10,3.5452630519866943,0.267140120726,0.835306,-0.00455552898347,0.0,0.15186978612,0.0054472181946,2.46877,320,698.312628658,11.808,757.4243221282959,0.334749698638916,3.5561106204986572,1.5991544723510742,334.6875,4.6463611125946045,1037.59619283,2900.0,0.0,2600.0,2.47472,0.00455553454231,320,15.501485109329224,11.8784,654.375,0.11596345901489258,0.13332152366638184
-6.11180439591e-10,0.83326,0.0,3.686619520187378,0.240262578496,0.830905,-0.00715545052662,0.0,0.061166998842,0.0089188599959,2.46974,320,575.092044263,11.8194,772.7330484390259,0.2388448715209961,3.3963356018066406,1.119835376739502,214.375,4.507610559463501,890.222003123,2900.0,0.0,2400.0,2.46448,0.00715544991544,320,14.808971881866455,11.7573,432.1875,0.10979318618774414,0.13128948211669922
3.49245965481e-09,0.826538,-1.39698397295e-09,3.3503761291503906,0.275263521414,0.828577,-0.00712293386459,0.0,0.0889000825312,0.0067505124025,2.45372,320,695.566035237,11.6316,788.2962055206299,0.26846909523010254,3.5726521015167236,0.9688401222229004,330.625,5.1757495403289795,1027.24976994,2900.0,0.0,2600.0,2.45848,0.00712293735705,320,15.02405858039856,11.687,647.1875,0.1158304214477539,0.11926913261413574
7.42147676647e-10,0.819122,0.0,3.7516446113586426,0.285735456821,0.820165,-0.0051382239908,0.0,0.163737474221,0.00892985425889,2.43575,320,757.206974574,11.4244,803.2744569778442,0.24093985557556152,3.2957730293273926,1.0582799911499023,410.3125,4.491541147232056,1087.1687714,2800.0,0.0,2500.0,2.438,0.00513822473295,320,14.506420612335205,11.4501,723.75,0.10769867897033691,0.1349201202392578
-4.27826307714e-09,0.816043,3.72529074255e-09,3.427887201309204,0.259951995558,0.820098,-0.00491124624386,0.0,0.161350193309,0.00793261546642,2.42737,320,689.11146368,11.3291,818.74689245224,0.24367642402648926,3.489061117172241,0.9889562129974365,349.375,4.880227565765381,1077.56942207,2800.0,0.0,2400.0,2.43743,0.0049112419656,320,14.994355201721191,11.4436,775.625,0.11124348640441895,0.12647104263305664
-5.82076609135e-11,0.814596,2.79396772385e-09,3.539303779602051,0.344522170121,0.811694,-0.00661260262132,0.0,0.0775778732332,0.00754601834342,2.42154,320,593.018957855,11.2632,834.3111364841461,0.24244189262390137,3.622035264968872,1.0292637348175049,231.875,4.787699937820435,997.515664037,2800.0,0.0,2400.0,2.41513,0.00661260256311,320,14.945539474487305,11.1912,630.0,0.11732339859008789,0.1312720775604248
1.3315002434e-09,0.802199,4.65661342819e-10,3.294708728790283,0.2639847266,0.802695,-0.00571705028415,0.0,0.0356070579097,0.0078498320654,2.38842,320,456.288953817,10.8962,848.9345455169678,0.23932766914367676,3.4225120544433594,1.0688350200653076,139.375,4.484288215637207,885.472155124,2800.0,0.0,2400.0,2.3906,0.00571705161565,320,14.150556564331055,10.92,448.75,0.10896039009094238,0.11824202537536621
3.1286617741e-09,0.800449,9.31322685638e-10,3.496753454208374,0.287171360083,0.801729,-0.00469539035112,0.0,0.194056528712,0.0066111846827,2.38452,320,758.724708701,10.8539,865.0311813354492,0.23798298835754395,3.5464999675750732,1.8738822937011719,413.4375,4.697280645370483,1119.46974055,2800.0,0.0,2700.0,2.38775,0.00469539347978,320,15.582356452941895,10.889,815.0,0.11144471168518066,0.12920045852661133
-1.2805685401e-09,0.793409,9.31322574615e-10,3.7033851146698,0.169518978867,0.793935,-0.0048536490649,0.0,0.0404597527105,0.007991746068,2.36604,320,374.311738186,10.6551,880.7456700801849,0.24188947677612305,3.4006683826446533,1.1965746879577637,84.6875,4.402619361877441,678.627334104,2700.0,0.0,2300.0,2.36721,0.00485364778433,320,14.57836365699768,10.6675,231.5625,0.10911679267883301,0.12924623489379883
-2.16095941141e-09,0.802315,5.20417042793e-17,3.512958526611328,0.327189190331,0.8038,-0.00692418171093,0.0,0.145712649544,0.00905367732048,2.39336,320,709.769989151,10.9502,896.2722082138062,0.25644946098327637,3.4929802417755127,1.1339280605316162,318.75,4.930135011672974,1166.10625956,2800.0,0.0,2600.0,2.39692,0.00692417954997,320,15.040519714355469,10.9893,858.4375,0.11275815963745117,0.12544822692871094
-2.59024091065e-09,0.804831,-1.86264537128e-09,3.496886730194092,0.340418863734,0.800342,-0.00664409808815,0.0,0.101614300617,0.00850717816502,2.39994,320,712.521655373,11.0225,911.9099915027618,0.36335086822509766,3.474691152572632,1.1216275691986084,350.625,4.7396814823150635,1131.0911059,2900.0,0.0,2600.0,2.3887,0.0066440954979,320,15.074123620986938,10.8993,852.8125,0.11680221557617188,0.12257790565490723
3.53611540049e-09,0.791148,-9.3132229706e-10,3.725058078765869,0.199965710419,0.795651,-0.00631590560079,0.0,0.0689143957148,0.00687390705571,2.36632,320,630.897178627,10.658,927.7774848937988,0.29449963569641113,3.396357774734497,1.0665631294250488,262.5,4.8159401416778564,1001.41067492,2900.0,0.0,2500.0,2.37731,0.0063159091369,320,15.357519388198853,10.7759,577.1875,0.10825610160827637,0.14200949668884277
3.11410985887e-09,0.789738,-2.79396794589e-09,4.1628735065460205,0.304549341039,0.789982,-0.00586618110538,0.0,0.0553294488264,0.00690070772544,2.36278,320,641.355985393,10.6205,943.9268040657043,0.24224638938903809,3.498070001602173,1.1871817111968994,260.0,4.635164737701416,1087.98821656,2900.0,0.0,2700.0,2.36338,0.00586618421949,320,15.686896324157715,10.6268,705.625,0.10860228538513184,0.14314842224121094
-4.13274392486e-09,0.795247,9.31322685638e-10,3.856998920440674,0.162250767046,0.795234,-0.00631608907133,0.0,0.101806402977,0.00996059179306,2.37676,320,654.216790808,10.77,959.2447054386139,0.24581623077392578,3.445662260055542,1.1049854755401611,249.375,4.420046329498291,918.017565191,2800.0,0.0,2600.0,2.37696,0.00631608493859,320,14.712179899215698,10.7722,507.5,0.10822415351867676,0.13744640350341797
-4.65661287308e-10,0.786301,-9.3132279666e-10,3.537036418914795,0.189777386321,0.784362,-0.00864460784942,0.0,0.0260647880003,0.00996932201087,2.35388,320,422.603075444,10.5264,974.8786494731903,0.24937844276428223,3.5162007808685303,1.583639144897461,125.625,4.64838433265686,904.452473789,2800.0,0.0,2300.0,2.34941,0.00864460738376,320,15.162580728530884,10.4794,535.3125,0.10957098007202148,0.12607836723327637
5.82076609135e-11,0.770128,2.79396794589e-09,3.924412250518799,0.244014433045,0.772603,-0.00404672510922,0.0,0.0691834018043,0.00631473446265,2.31261,320,551.065728838,10.1007,990.6318638324738,0.24474263191223145,3.3970870971679688,1.1882281303405762,196.25,4.844035863876343,880.216093408,2800.0,0.0,2600.0,2.31928,0.00404672516743,320,15.261429071426392,10.1684,499.0625,0.1076962947845459,0.14830279350280762
-7.56699591875e-10,0.770545,2.79396794589e-09,3.5220468044281006,0.296244193035,0.772071,-0.00809318758547,0.0,0.0467284462003,0.00860276725143,2.3142,320,489.65828327,10.1168,1006.2020466327667,0.23505091667175293,3.3242244720458984,1.1202645301818848,156.875,4.581146955490112,928.950811063,2900.0,0.0,2700.0,2.31793,0.00809318682877,320,14.383890390396118,10.1546,529.375,0.10631585121154785,0.12342190742492676
2.61934474111e-10,0.756973,-1.86264559332e-09,3.735058069229126,0.337219741697,0.759884,-0.00661750975996,0.0,0.0560564211167,0.00766958994791,2.27714,320,554.075718962,9.74878,1021.6304836273193,0.3417477607727051,3.388731002807617,1.074754238128662,190.3125,4.669822454452515,1125.93706633,2900.0,0.0,2400.0,2.28514,0.0066175100219,320,14.975009202957153,9.82707,724.6875,0.10892415046691895,0.13785219192504883
-2.32830643654e-09,0.76184,-5.58793589178e-09,3.5902838706970215,0.251462423289,0.763247,-0.00536018051207,0.0,0.178407884426,0.00797568075359,2.29101,320,760.459359532,9.8849,1037.618381023407,0.3153877258300781,3.34450364112854,1.048356294631958,383.75,5.214748859405518,1012.11238723,2900.0,0.0,2600.0,2.29487,0.00536017818376,320,15.455726146697998,9.92315,648.125,0.11605215072631836,0.13332629203796387
-1.45519152284e-11,0.754496,-7.45058237328e-09,3.3245739936828613,0.315527650862,0.755614,-0.00841447338462,0.0,0.178585232143,0.00972204934806,2.27221,320,783.910407728,9.70081,1052.8271372318268,0.23738694190979004,3.4922537803649902,1.0446813106536865,434.6875,4.778540134429932,1097.14401972,2800.0,0.0,2500.0,2.27558,0.00841447337007,320,14.738675594329834,9.73352,830.0,0.11206197738647461,0.12980318069458008
2.8230715543e-09,0.756469,-9.31322685638e-10,3.3898251056671143,0.24980739323,0.753903,-0.0101343039423,0.0,0.165478049122,0.00932346750051,2.27673,320,737.105561894,9.74478,1068.3442063331604,0.25663161277770996,3.5217220783233643,1.0365393161773682,360.625,4.874357461929321,1053.98013316,3000.0,0.0,2600.0,2.27049,0.0101343067654,320,14.997227191925049,9.68413,649.0625,0.11614847183227539,0.13292479515075684
3.0777300708e-09,0.751337,-9.31322574615e-09,3.452510356903076,0.262971366892,0.74955,-0.00768446316943,0.0,0.15602527349,0.00643127597868,2.26322,320,672.41918369,9.61396,1084.1491389274597,0.238450288772583,3.429713726043701,1.4404098987579346,291.5625,4.6327526569366455,1099.88919897,2900.0,0.0,2600.0,2.25861,0.00768446624716,320,15.31371545791626,9.56974,767.5,0.11587142944335938,0.12561416625976562
-2.76486389339e-09,0.74231,9.31322574615e-10,3.4397614002227783,0.284711535953,0.74663,-0.00799782946706,0.0,0.151913691227,0.00932949781418,2.23897,320,712.161103614,9.38363,1099.5075781345367,0.2888791561126709,3.4813547134399414,1.0326743125915527,328.75,4.840192794799805,1092.46169663,2900.0,0.0,2500.0,2.25095,0.00799782670219,320,14.865934133529663,9.49677,771.5625,0.11204743385314941,0.12977075576782227
8.36735125631e-10,0.751101,0.0,3.3330254554748535,0.155541258094,0.75136,-0.00456674071029,0.0,0.029815376372,0.00812884885818,2.26281,320,438.537942878,9.61009,1115.262538433075,0.26819753646850586,3.4271130561828613,1.397874355316162,114.6875,5.0137107372283936,787.747914846,2700.0,0.0,2500.0,2.26363,0.00456674154702,320,15.196764707565308,9.6179,315.3125,0.11093735694885254,0.11930704116821289
-1.36788003147e-09,0.749158,4.65661287308e-09,3.522012948989868,0.359027482908,0.752558,-0.00394600490108,0.0,0.218196793868,0.00828659441322,2.25733,320,811.163323567,9.55752,1130.9021406173706,0.2901577949523926,3.4912407398223877,1.1165359020233154,496.25,4.913158655166626,1146.81756498,2800.0,0.0,2600.0,2.26681,0.0039460035332,320,15.088725090026855,9.64855,1014.6875,0.10773992538452148,0.1310875415802002
2.3610482458e-09,0.764002,-2.79396794589e-09,3.419450044631958,0.181764726724,0.764394,-0.00493581453338,0.0,0.0774222983504,0.00775697687641,2.29756,320,584.578423818,9.94991,1147.2394988536835,0.24955129623413086,3.359046220779419,1.1698541641235352,223.4375,5.0970299243927,819.703106981,2900.0,0.0,2500.0,2.29872,0.00493581689443,320,14.948935508728027,9.96139,366.5625,0.10602593421936035,0.12188124656677246
1.10594555736e-09,0.763728,6.51925802231e-09,3.7050552368164062,0.301056302545,0.764325,-0.00655575562268,0.0,0.143704130612,0.00761812832206,2.29739,320,650.627626676,9.94814,1163.0687503814697,0.27411603927612305,3.535541534423828,1.2029695510864258,281.5625,4.8561248779296875,1084.62821251,2900.0,0.0,2700.0,2.29916,0.00655575672863,320,15.317158937454224,9.9658,745.625,0.11971855163574219,0.12425613403320312
8.44011083245e-10,0.755756,0.0,3.4626193046569824,0.242422803835,0.75893,-0.00645042397082,0.0,0.0824391737147,0.00965047068894,2.27664,320,704.6708008,9.74387,1178.7932195663452,0.2307600975036621,3.3241474628448486,1.1965913772583008,363.75,5.205296039581299,1039.07030072,2800.0,0.0,2400.0,2.28505,0.00645042481483,320,15.171606540679932,9.82615,607.1875,0.10564613342285156,0.12781667709350586
5.82076609135e-11,0.755272,5.58793633587e-09,3.5348424911499023,0.320266051311,0.755775,-0.00787442084402,0.0,0.156596665899,0.0087555013597,2.27462,320,671.981386926,9.7242,1194.9642026424408,0.21655631065368652,3.7752089500427246,1.2100331783294678,348.125,4.950594186782837,1123.45449396,2900.0,0.0,2400.0,2.27628,0.00787442090223,320,15.644937992095947,9.74033,785.0,0.12019014358520508,0.12683391571044922
2.91038304567e-09,0.755339,-6.51925802231e-09,3.252214193344116,0.251346272743,0.759306,-0.00478495191783,0.0,0.133728923643,0.00813808478415,2.27497,320,611.752653115,9.72759,1210.0626928806305,0.24037456512451172,3.3941755294799805,1.1985301971435547,241.5625,4.7896459102630615,956.120038146,2900.0,0.0,2500.0,2.28557,0.00478495482821,320,14.533200740814209,9.83131,545.3125,0.10941052436828613,0.12039923667907715
-6.18456397206e-10,0.762478,5.20417042793e-17,3.458270311355591,0.285856018058,0.761657,-0.00540093379095,0.0,0.105076441692,0.00846399646252,2.29288,320,639.080149512,9.9034,1226.4701499938965,0.31919145584106445,3.4402647018432617,1.8756988048553467,283.75,4.870802879333496,1061.65389105,2800.0,0.0,2500.0,2.29145,0.0054009331725,320,15.729154586791992,9.88928,681.875,0.11412405967712402,0.1282193660736084
1.77533365786e-09,0.769944,0.0,3.5648305416107178,0.374180832199,0.770313,-0.0059596914798,0.0,0.120714967396,0.0077297296375,2.31402,320,647.204324383,10.115,1242.0244965553284,0.30561208724975586,3.331275224685669,1.175034761428833,301.25,4.784921407699585,1135.99999828,2900.0,0.0,2400.0,2.31491,0.00595969325514,320,15.044950246810913,10.124,905.9375,0.10808277130126953,0.13203048706054688
-3.14321368933e-09,0.767674,-1.86264537128e-09,3.5172252655029297,0.302502089411,0.768064,-0.00420084269717,0.0,0.0484549309323,0.00668407510966,2.30847,320,428.496189452,10.059,1257.53342628479,0.25473713874816895,3.4244964122772217,1.267108678817749,118.125,4.8456175327301025,786.120816096,2700.0,0.0,2400.0,2.30954,0.00420083955396,320,14.984145641326904,10.0698,358.75,0.10782313346862793,0.13167858123779297
-8.73114913702e-10,0.764538,-3.72529074255e-09,3.502441883087158,0.331613889874,0.766218,-0.00775365531445,0.0,0.148308341911,0.00758773088455,2.30035,320,648.01349089,9.97768,1272.8749539852142,0.24595046043395996,3.3992509841918945,1.1676442623138428,318.125,4.739616394042969,1113.62302868,2800.0,0.0,2400.0,2.30487,0.00775365444133,320,14.835657119750977,10.0228,912.5,0.10832405090332031,0.12468886375427246
6.40284270048e-10,0.759864,-5.58793633587e-09,3.7937939167022705,0.326971895297,0.7571,-0.00486220791936,0.0,0.136329973519,0.00773777067661,2.28783,320,669.420224896,9.85357,1290.2449674606323,0.2844994068145752,3.467226266860962,1.1586277484893799,311.25,5.395364284515381,1119.42956839,2900.0,0.0,2500.0,2.28076,0.00486220855964,320,15.951236009597778,9.78413,848.4375,0.1140742301940918,0.12531757354736328
-2.47382558882e-09,0.739012,-6.51925802231e-09,3.333526134490967,0.339296648684,0.738943,-0.00654500443488,0.0,0.199652308519,0.00821767002344,2.23223,320,660.468509729,9.32065,1306.1343641281128,0.32595252990722656,3.5403566360473633,1.0311126708984375,299.6875,5.2665557861328125,1098.55689252,2900.0,0.0,2700.0,2.23234,0.00654500196106,320,15.351747751235962,9.32162,775.9375,0.11423063278198242,0.12308287620544434
-3.98722477257e-09,0.737109,-1.86264537128e-09,3.3264214992523193,0.277293588351,0.736133,-0.004446469713,0.0,0.0517970137161,0.00752286519855,2.22732,320,464.190218115,9.27501,1321.698746919632,0.2545166015625,3.311112642288208,1.0470681190490723,131.5625,5.143935680389404,819.420288603,2800.0,0.0,2400.0,2.22482,0.00444646572578,320,15.047390460968018,9.25184,339.375,0.10851168632507324,0.12086176872253418
0.0,0.741296,1.86264514923e-09,3.7387149333953857,0.345478916423,0.739728,-0.00525795854628,0.0,0.177846483095,0.00836493074894,2.23836,320,648.266242445,9.37796,1337.6418721675873,0.2583320140838623,3.432173013687134,1.1289746761322021,349.0625,5.079272508621216,1133.00192382,2800.0,0.0,2300.0,2.23452,0.00525795854628,320,15.481950759887695,9.34199,765.625,0.10747575759887695,0.1364421844482422
1.39698386192e-09,0.729143,1.86264514923e-09,3.4957494735717773,0.350420167715,0.728895,-0.00302024302073,0.0,0.115721855835,0.00682931067422,2.20532,320,588.311938941,9.07312,1353.0379073619843,0.23695802688598633,3.413665294647217,1.143646240234375,258.75,4.799115896224976,1084.03178106,2900.0,0.0,2300.0,2.20466,0.00302024441771,320,14.895528078079224,9.06719,650.3125,0.11279678344726562,0.13221120834350586
-1.38243194669e-10,0.717388,0.0,3.663759469985962,0.326348689784,0.718873,-0.00567456334829,0.0,0.080929369963,0.00866372510791,2.1729,320,500.624609863,8.78371,1368.9514820575714,0.2413311004638672,3.380603790283203,1.625685453414917,175.0,4.746500730514526,996.270339739,2800.0,0.0,2400.0,2.17701,0.00567456321005,320,15.381968021392822,8.81991,547.1875,0.11168575286865234,0.14238238334655762
-5.82076609135e-10,0.712308,0.0,3.676953077316284,0.308200299545,0.712265,-0.00544651364908,0.0,0.155489153761,0.00822105444968,2.15867,320,702.114829907,8.65965,1384.5328516960144,0.28148460388183594,3.3677337169647217,1.1201362609863281,376.875,4.760346412658691,1164.9569131,2900.0,0.0,2500.0,2.159,0.005446513067,320,15.132013082504272,8.66249,800.625,0.10858368873596191,0.14374804496765137
1.16415321827e-09,0.707589,0.0,3.40346622467041,0.198759060902,0.709328,-0.00898516364396,0.0,0.0713742861001,0.00666531547904,2.14582,320,541.438243102,8.54909,1400.4086463451385,0.2802581787109375,3.4481632709503174,1.0486116409301758,200.9375,5.275380611419678,909.603225227,3000.0,0.0,2400.0,2.15082,0.00898516480811,320,15.207208633422852,8.59193,414.6875,0.11436939239501953,0.12709832191467285
-4.13274392486e-09,0.705213,0.0,3.766254425048828,0.220727575666,0.705599,-0.00408962648362,0.0,0.0857819331037,0.00875038001686,2.13909,320,556.914543349,8.4917,1415.9296691417694,0.25896310806274414,3.340249538421631,1.0745627880096436,198.4375,4.914733409881592,879.989734937,2800.0,0.0,2500.0,2.14025,0.00408962235088,320,15.046197175979614,8.50154,383.4375,0.10312891006469727,0.13871502876281738
-2.9758666642e-09,0.701879,-1.86264537128e-09,3.4076316356658936,0.351714549011,0.702248,-0.00442718993872,0.0,0.106531333913,0.00670863641426,2.12962,320,619.165816719,8.41169,1431.9416499137878,0.25815749168395996,3.46174693107605,1.0650520324707031,258.4375,5.377270221710205,1089.5338381,2900.0,0.0,2800.0,2.13092,0.00442718696286,320,15.520822525024414,8.42258,678.125,0.11500811576843262,0.12734007835388184
-2.32830643654e-10,0.703085,-1.86264537128e-09,3.6422953605651855,0.118588344908,0.703098,-0.00366565934382,0.0,0.0399870995675,0.00891179032624,2.1333,320,376.521782031,8.44268,1448.8791432380676,0.29929447174072266,3.543137550354004,1.0879676342010498,80.3125,5.223639011383057,546.651382853,2900.0,0.0,2400.0,2.13335,0.00366565911099,320,15.485112190246582,8.44312,136.875,0.11823272705078125,0.11977362632751465
-1.35332811624e-09,0.710638,-3.72529074255e-09,3.3012635707855225,0.355259390462,0.712353,-0.00597690185532,0.0,0.18962723834,0.00743058137596,2.15439,320,751.579001898,8.62267,1464.7085499763489,0.25861358642578125,3.452571153640747,1.0246920585632324,394.0625,5.259456634521484,1152.94930064,2900.0,0.0,2600.0,2.15944,0.00597690050199,320,15.30075979232788,8.66627,772.8125,0.10845327377319336,0.11399984359741211
3.07409209199e-09,0.702419,-1.86264514923e-09,3.4981679916381836,0.304927127908,0.702197,-0.00706405704841,0.0,0.194955652248,0.00900597684085,2.1311,320,775.733272056,8.42414,1480.9556727409363,0.30698513984680176,3.5507144927978516,1.1033272743225098,479.375,5.311960220336914,1208.72442934,2900.0,0.0,2500.0,2.13078,0.0070640601225,320,15.770380020141602,8.42141,1124.0625,0.11688899993896484,0.13275861740112305
-2.18278728426e-09,0.694325,7.4505814851e-09,3.368292808532715,0.310491914763,0.69217,-0.00650125415996,0.0,0.212561395673,0.00871440954506,2.10772,320,513.333069112,8.22946,1496.85338306427,0.25418710708618164,3.563671112060547,1.0748815536499023,157.1875,5.3478639125823975,847.827186106,2900.0,0.0,2700.0,2.10203,0.00650125197717,320,15.411237239837646,8.18275,336.25,0.12187957763671875,0.12227296829223633
2.03726813197e-09,0.688288,-3.72529074255e-09,3.4288504123687744,0.198710253108,0.690357,-0.00402397103608,0.0,0.130070203438,0.00969012733549,2.09049,320,548.563108835,8.08885,1513.7342715263367,0.2727060317993164,3.6167685985565186,1.7621362209320068,188.125,5.360466718673706,840.84447646,2800.0,0.0,2600.0,2.09666,0.00402397307334,320,16.303987741470337,8.1389,343.4375,0.11559271812438965,0.1276552677154541
-1.71712599695e-09,0.694371,1.86264537128e-09,3.4793970584869385,0.302064230246,0.692026,-0.00316134653986,0.0,0.0920481089997,0.0062526431866,2.10772,320,495.548938047,8.22943,1530.1701340675354,0.27854108810424805,3.4990744590759277,1.1197235584259033,157.5,5.289095401763916,921.099037835,2800.0,0.0,2400.0,2.1013,0.00316134482273,320,15.753717422485352,8.1768,453.75,0.11970639228820801,0.1303386688232422
-1.84081727639e-09,0.69544,0.0,3.5896034240722656,0.342625239374,0.696645,-0.00470867101103,0.0,0.157539182217,0.00728007173166,2.11089,320,791.732425997,8.25556,1546.5814452171326,0.27608251571655273,3.4761362075805664,1.1089301109313965,473.125,5.355820655822754,1251.49769651,3000.0,0.0,2800.0,2.11466,0.00470866917021,320,15.816439867019653,8.28677,1051.875,0.11287522315979004,0.13039755821228027
-2.32830643654e-10,0.694183,0.0,3.679030656814575,0.158451391023,0.694087,-0.00313152652234,0.0,0.0880771277554,0.0065167970024,2.1069,320,442.93488076,8.22269,1562.939926624298,0.2617928981781006,3.5036771297454834,1.2892062664031982,121.5625,5.248591899871826,640.203824965,2800.0,0.0,2500.0,2.10687,0.00313152628951,320,15.868851661682129,8.22249,196.25,0.11493396759033203,0.13498353958129883
-4.94765117764e-10,0.687357,3.72529074255e-09,3.5133299827575684,0.266913954646,0.687445,-0.00656328024343,0.0,0.152245630798,0.00946822203696,2.08775,320,736.426589073,8.06678,1579.666216135025,0.23895263671875,3.597376585006714,1.374849796295166,369.0625,5.638286113739014,1067.19875543,2800.0,0.0,2700.0,2.08809,0.00656327974866,320,16.181850910186768,8.06948,666.5625,0.11404561996459961,0.12414884567260742
2.61934474111e-09,0.684083,0.0,3.548018217086792,0.222621343509,0.685802,-0.00462171435356,0.0,0.0447643001546,0.00925604905933,2.07808,320,554.118017523,7.98913,1596.4118151664734,0.2735466957092285,3.5626931190490723,1.3097622394561768,215.3125,5.596465826034546,904.384934292,2800.0,0.0,2500.0,2.0833,0.00462171697291,320,16.179566860198975,8.03089,409.375,0.12200117111206055,0.1297283172607422
