0AverageReturn,1ProcessExecTime,MeanKL,1Perplexity,1AveragePolicyStd,1ExplainedVariance,LossBefore,0MinReturn,1AverageReturn,1NumTrajs,1EnvExecTime,1MaxReturn,0PolicyExecTime,0StdReturn,0AveragePolicyStd,0ExplainedVariance,ComputeUpdatedDistTime,0EnvExecTime,1PolicyExecTime,0MaxReturn,0Perplexity,0ProcessExecTime,0Entropy,1MinReturn,MeanKLBefore,Time,ItrTime,0NumTrajs,1Entropy,dLoss,LossAfter,1StdReturn
120.25,0.36998629570007324,0.00953768473119,17.3421,1.00778,0.0817195568693,-8.14907197277e-10,0.0,194.5,400,32.68052291870117,1400.0,1.8194999694824219,187.922690221,1.0,0.065780438472,4.7096192836761475,18.61247491836548,12.461622476577759,1100.0,17.0795,0.2512228488922119,2.83788,0.0,-2.64553823293e-09,77.33582615852356,77.33582973480225,400,2.85314,0.0109964098083,-0.0109964106232,289.947840137
150.25,0.36766934394836426,0.00740100536495,17.5517,1.01425,0.105313006496,-4.42378134125e-10,0.0,193.25,400,31.80373477935791,1400.0,1.4919381141662598,252.586495086,1.01158,0.0618540433936,0.33207011222839355,17.354501247406006,12.245596647262573,1900.0,17.4708,0.23584556579589844,2.86053,0.0,-6.47851905455e-09,144.54101252555847,66.58124446868896,400,2.86515,0.00835123986471,-0.00835124030709,275.008068063
211.5,0.38834190368652344,0.00687704561278,17.3759,1.00893,0.147082903603,-3.25963089853e-10,0.0,264.75,400,32.588037729263306,1800.0,1.6713027954101562,248.229228738,1.01093,0.112154187227,0.29201626777648926,20.686677932739258,12.410974502563477,1400.0,17.4496,0.27222657203674316,2.85932,0.0,-1.67638103399e-09,215.7931354045868,71.2422788143158,400,2.85509,0.00816149790771,-0.00816149823368,296.786855336
232.75,0.38451409339904785,0.00882135424763,17.3637,1.00861,0.130615682691,2.82307177635e-10,0.0,269.5,400,33.69926643371582,2300.0,1.6628482341766357,260.772769859,1.00887,0.109921758426,0.31710028648376465,19.84650683403015,12.463145732879639,2000.0,17.3768,0.2544057369232178,2.85514,0.0,3.28290972185e-09,287.8992006778717,71.48605346679688,400,2.85438,0.00882303277322,-0.00882303249091,325.453145629
190.75,0.3776869773864746,0.00750043056905,17.3202,1.0075,0.133088574566,-1.92012516997e-09,0.0,256.0,400,33.576282262802124,1600.0,1.6470677852630615,199.472899162,1.00592,0.11366441852,0.3267064094543457,18.9670250415802,12.709215879440308,1100.0,17.2724,0.24987483024597168,2.84911,0.0,2.00234295811e-09,358.6856253147125,70.77802062034607,400,2.85188,0.00805959286008,-0.00805959478021,268.912625215
294.0,0.36997103691101074,0.00772402854636,17.227,1.0048,0.178252174015,1.30385169328e-09,0.0,382.5,400,33.238779067993164,1800.0,1.5628528594970703,300.772339154,1.00675,0.127876782728,0.29335904121398926,16.17260432243347,12.503820419311523,1500.0,17.3022,0.21955037117004395,2.85083,0.0,-1.25728605305e-09,426.59580755233765,67.16264963150024,400,2.84648,0.00908440109342,-0.00908439978957,406.932119647
200.0,0.3828308582305908,0.00916165672243,17.2478,1.00523,0.135362397847,-6.3446337073e-10,0.0,238.25,400,32.491166830062866,1300.0,1.573664903640747,198.746069144,1.0056,0.120992395898,0.3018338680267334,17.911374807357788,12.457897186279297,1100.0,17.2622,0.22626185417175293,2.84852,0.0,4.37721636715e-09,494.78742361068726,68.18371534347534,400,2.84768,0.0104594820354,-0.0104594826698,239.399117584
291.25,0.37087535858154297,0.00986004155129,16.79,0.991783,0.179296574003,-4.4237816188e-10,0.0,370.5,400,33.187784910202026,2200.0,1.6398711204528809,289.56594672,0.996924,0.13101947523,0.3051271438598633,19.117727279663086,12.48339295387268,1500.0,16.9653,0.24930977821350098,2.83117,0.0,3.51574214186e-09,565.7163753509521,70.33114957809448,400,2.82078,0.00988409158308,-0.00988409202546,391.126258387
412.25,0.3887462615966797,0.00991689413786,16.4708,0.982411,0.236537880519,1.79279591173e-09,0.0,503.25,400,33.24205541610718,2100.0,1.5899434089660645,332.001411895,0.990744,0.18278549331,0.33159542083740234,18.523338556289673,12.59489369392395,1800.0,16.7551,0.25052952766418457,2.81871,0.0,-9.22009935067e-09,635.4459121227264,69.7231514453888,400,2.80159,0.01033678737,-0.0103367855772,408.000536152
293.5,0.36985301971435547,0.00892995484173,16.6492,0.987809,0.228939004452,9.08039532455e-10,0.0,412.75,400,33.137070178985596,1600.0,1.6858184337615967,304.97172,0.988116,0.126599704553,0.2896254062652588,19.606194734573364,12.51673698425293,1600.0,16.6651,0.23750734329223633,2.81332,0.0,7.46222106329e-09,706.8196887969971,70.69781994819641,400,2.81236,0.00993526445236,-0.00993526354432,386.215532443
249.0,0.360156774520874,0.00969269126654,16.4245,0.98122,0.199513948821,1.44937084556e-09,0.0,340.0,400,32.9625449180603,1400.0,1.6333703994750977,219.200821166,0.981981,0.142183420323,0.31853652000427246,17.51716685295105,12.516918659210205,1500.0,16.4509,0.23679065704345703,2.80038,0.0,-2.32826605218e-11,775.3174903392792,68.49107050895691,400,2.79877,0.00882081739255,-0.00882081594318,265.4241888
358.0,0.3620610237121582,0.00752201164141,16.0996,0.971759,0.221135684605,-6.5192584664e-10,0.0,461.75,400,32.271244287490845,2100.0,1.6525180339813232,307.710903284,0.970776,0.162411130278,0.3103036880493164,19.240482568740845,12.439748287200928,1600.0,16.0688,0.23931670188903809,2.77688,0.0,2.02562611129e-09,845.4216272830963,69.41151523590088,400,2.7788,0.00749429715797,-0.0074942978099,375.448981221
326.5,0.3550868034362793,0.00961312931031,15.7825,0.962116,0.278808238142,-1.85100379468e-09,0.0,485.0,400,32.973191022872925,2000.0,1.4974172115325928,275.948817718,0.968173,0.172172639866,0.3060333728790283,16.019084930419922,12.503620624542236,1400.0,15.9844,0.2042691707611084,2.77161,0.0,3.67872243778e-09,912.1060137748718,66.67510795593262,400,2.7589,0.00936314651044,-0.00936314836144,380.49310112
326.5,0.37002015113830566,0.00667725410312,16.0076,0.969081,0.230584664599,2.03726813197e-09,0.0,400.0,400,32.34433960914612,1800.0,1.5660386085510254,280.976422498,0.970807,0.160897129544,0.29030632972717285,15.855224370956421,12.334942817687988,1500.0,16.0716,0.20304083824157715,2.77705,0.0,1.69966496433e-09,978.6862549781799,65.91893577575684,400,2.77306,0.00787678471534,-0.00787678267807,319.687347263
410.0,0.37161731719970703,0.00709601584822,16.0987,0.971658,0.287597743865,-4.54019821738e-10,0.0,565.0,400,34.395222663879395,2100.0,1.5332200527191162,329.39338184,0.972036,0.180694353201,0.3111879825592041,17.34426999092102,12.556647777557373,1600.0,16.1128,0.21903371810913086,2.77961,0.0,1.04075326135e-08,1048.356148481369,69.66365933418274,400,2.77874,0.00868025469827,-0.00868025515229,442.464687857
344.75,0.3658316135406494,0.00647637620568,15.9489,0.967263,0.237248092626,-6.05359651296e-10,0.0,433.5,400,32.52654814720154,2100.0,1.4683051109313965,310.519624984,0.966568,0.162387309308,0.32650327682495117,15.884562253952026,12.466773271560669,1900.0,15.931,0.19880056381225586,2.76827,0.0,2.27009988585e-09,1115.2187402248383,66.18315935134888,400,2.76939,0.00725052491762,-0.00725052552298,340.040806375
349.5,0.3905458450317383,0.00706397742033,15.9173,0.966056,0.244056581475,-3.95812271847e-10,0.0,429.0,400,34.69266438484192,1700.0,1.5465748310089111,271.384874302,0.969365,0.176387144904,0.28998303413391113,17.636465787887573,12.586165428161621,1700.0,16.0276,0.2243056297302246,2.77431,0.0,1.17812302136e-08,1185.3577437400818,70.13282346725464,400,2.76741,0.00746146829333,-0.00746146868914,313.462916467
410.25,0.3876223564147949,0.00735334958881,15.9132,0.966131,0.300430223669,-1.36205935419e-09,0.0,525.75,400,34.59451150894165,1900.0,1.477766752243042,334.768483433,0.964408,0.193879317738,0.7643439769744873,15.436546087265015,12.592595100402832,1700.0,15.8633,0.19618773460388184,2.76401,0.0,1.65600555491e-09,1254.514327287674,68.45378088951111,400,2.76715,0.00841465456178,-0.00841465592384,393.461481596
427.0,0.36853480339050293,0.00960868597031,15.6371,0.957792,0.324980423607,1.79279591173e-09,0.0,616.5,400,33.22944974899292,2600.0,1.5610406398773193,358.288989504,0.956273,0.168255981459,0.3063793182373047,17.87357234954834,12.598929166793823,2000.0,15.5949,0.21649646759033203,2.74694,0.0,-2.71247713179e-09,1323.5604140758514,69.0329236984253,400,2.74964,0.00903526127804,-0.00903525948524,423.412033367
403.0,0.3558056354522705,0.00658122869208,15.2362,0.945439,0.302785012933,1.23400245577e-09,0.0,633.5,400,32.93805527687073,2700.0,1.5334703922271729,362.961430458,0.945689,0.147902686409,0.3158259391784668,17.602410793304443,12.453883171081543,1800.0,15.248,0.22469115257263184,2.72445,0.0,-1.21071896952e-09,1392.4947481155396,68.30771589279175,400,2.72368,0.00869660016615,-0.00869659893215,493.079861686
403.0,0.3676013946533203,0.00662834523246,15.0089,0.938434,0.318911470032,-1.01281338871e-09,0.0,613.75,400,34.19117784500122,2300.0,1.593768835067749,379.0,0.940374,0.147466595,0.3169112205505371,18.00158667564392,12.477403402328491,1700.0,15.0766,0.21833276748657227,2.71314,0.0,-5.0291397713e-09,1462.5058948993683,70.00212979316711,400,2.70864,0.00854706849204,-0.00854706950486,404.086547042
370.75,0.3604111671447754,-1.14087250758e-09,14.818,0.932624,0.26937328333,-1.01281327769e-09,0.0,568.5,400,32.71920609474182,1800.0,1.5348358154296875,349.45591639,0.931868,0.14527665174,0.3063046932220459,17.032410621643066,12.434803247451782,1600.0,14.7981,0.20760536193847656,2.6945,0.0,-8.56816306793e-09,1531.2940032482147,68.09779071807861,400,2.69584,-1.54832358046e-09,5.35510302768e-10,390.522406527
433.0,0.3761301040649414,0.00695074535906,14.8271,0.933126,0.318368320445,2.69501487793e-09,0.0,569.25,400,34.38258910179138,1700.0,1.5371570587158203,357.156828298,0.931868,0.181956958051,0.3004777431488037,17.766903162002563,12.491686582565308,1700.0,14.7981,0.2175135612487793,2.6945,0.0,-2.3283167061e-10,1601.2724657058716,69.97210478782654,400,2.69646,0.00906664775102,-0.00906664505601,366.850701921
429.5,0.3764216899871826,0.00682300236076,14.7433,0.930159,0.31915605004,1.22527121782e-09,0.0,601.75,400,34.49729585647583,2000.0,1.4368586540222168,379.710086777,0.92908,0.155577020993,0.2848849296569824,15.560477018356323,12.512767791748047,1800.0,14.7099,0.1880180835723877,2.68852,0.0,1.62981339535e-09,1669.5785830020905,67.62379360198975,400,2.69079,0.00945081311802,-0.00945081189275,391.818755932
397.75,0.3719298839569092,0.00704960059375,14.6393,0.927173,0.356050185532,4.60422633353e-09,0.0,663.75,400,34.15359592437744,1800.0,1.5591940879821777,368.130326787,0.927367,0.152881883204,0.3370366096496582,17.61903715133667,12.804437398910522,1900.0,14.6501,0.20886659622192383,2.68445,0.0,-3.95812049803e-09,1739.5732159614563,69.98799133300781,400,2.68371,0.00905224489397,-0.00905224028975,350.37256956
466.0,0.33392977714538574,0.00676870951429,14.7177,0.929519,0.245962516992,-1.42026701511e-09,0.0,606.25,400,32.09927821159363,2300.0,1.6177749633789062,458.523718034,0.929795,0.148295855227,0.2895674705505371,19.023908138275146,12.410966873168945,1800.0,14.7349,0.23340249061584473,2.69022,0.0,1.21072230019e-09,1809.0504190921783,68.84664535522461,400,2.68905,0.00981853108387,-0.00981853250414,521.953961092
454.75,0.37705135345458984,0.00988409016281,14.7203,0.929423,0.281154156005,-8.68749405747e-10,0.0,649.0,400,34.215821266174316,2500.0,1.59983229637146,457.304534747,0.929314,0.136173406855,0.31665539741516113,19.200418949127197,12.563388347625732,2100.0,14.7169,0.22931718826293945,2.689,0.0,-7.63684226968e-09,1880.3833665847778,71.32631373405457,400,2.68922,0.00982332608401,-0.00982332695276,497.241390071
414.75,0.3642103672027588,0.00976156815886,14.6389,0.927172,0.321671132027,-2.79396755731e-10,0.0,692.75,400,32.74514031410217,2500.0,1.6563129425048828,436.127776575,0.926642,0.126121645223,0.2954673767089844,19.256851196289062,12.433825969696045,2000.0,14.6266,0.24219059944152832,2.68284,0.0,1.67637970172e-09,1950.7182478904724,69.70443940162659,400,2.68368,0.0079140371643,-0.0079140374437,493.682527035
243.0,0.3686399459838867,0.00715166097507,14.6898,0.928373,0.233207233196,-1.56869650603e-09,0.0,497.5,400,33.92093110084534,1700.0,1.4958000183105469,274.13682715,0.926316,0.107081493758,0.8103458881378174,16.01897120475769,12.61487340927124,1500.0,14.6224,0.1931161880493164,2.68255,0.0,1.02445429917e-09,2018.946341753006,68.22188973426819,400,2.68715,0.0078796784539,-0.0078796800226,338.51698628
443.75,0.362804651260376,0.00949092675,14.4359,0.920288,0.342440368286,-1.25146448759e-10,0.0,686.0,400,32.412925481796265,2400.0,1.4621734619140625,399.76360202,0.921662,0.156822283084,0.31279993057250977,15.814974069595337,12.439269542694092,1600.0,14.487,0.1837022304534912,2.67325,0.0,-4.8428798749e-09,2085.3764848709106,65.7859992980957,400,2.66972,0.00901036883297,-0.00901036895812,407.987744914
434.75,0.3599557876586914,0.00752874650061,14.2038,0.912701,0.356981200248,-2.42725972655e-09,0.0,756.0,400,33.04158163070679,2500.0,1.475834846496582,376.520168782,0.909613,0.152678908188,0.3114187717437744,17.708658933639526,12.592559576034546,1900.0,14.1105,0.21307373046875,2.64692,0.0,2.14204254334e-09,2153.8830239772797,68.49723148345947,400,2.65351,0.00972687769099,-0.00972688011825,446.109851942
565.25,0.360501766204834,0.00705125275999,14.0425,0.907975,0.310909431688,-9.69157420982e-10,0.0,825.75,400,32.38964319229126,2600.0,1.4570183753967285,563.531221407,0.90791,0.148455626325,0.29360485076904297,15.978382587432861,12.508634805679321,2500.0,14.0463,0.19181418418884277,2.64236,0.0,-1.8626432341e-10,2220.5883321762085,66.10422348976135,400,2.64209,0.00767386561201,-0.00767386658117,567.681193541
405.0,0.3547520637512207,0.0081480499357,14.0947,0.90965,0.285379919916,2.45636311291e-09,0.0,701.25,400,32.96555709838867,2500.0,1.5665161609649658,409.359255422,0.906111,0.133817149491,0.3133993148803711,18.047511100769043,12.592444658279419,2000.0,13.9893,0.20332813262939453,2.63829,0.0,5.12227282812e-09,2289.6453461647034,69.05082845687866,400,2.6458,0.00852992631262,-0.00852992385626,455.327835191
428.75,0.35392045974731445,0.0066950567998,13.9873,0.906213,0.283995064079,-3.25963034342e-10,0.0,582.25,400,32.866883754730225,2200.0,1.6118602752685547,418.86565567,0.906728,0.141914007529,0.2948598861694336,19.276944398880005,12.545150995254517,1900.0,14.0045,0.21682095527648926,2.63938,0.0,8.19563883425e-09,2360.218366622925,69.94870376586914,400,2.63815,0.00854450897314,-0.0085445092991,385.499594682
465.25,0.3349907398223877,0.00959706027061,14.0443,0.908313,0.278323162504,1.158332541e-09,0.0,743.75,400,32.54231548309326,2500.0,1.583984613418579,504.992512321,0.904356,0.12030272603,0.31806278228759766,18.35133194923401,12.517894744873047,2200.0,13.9305,0.21327972412109375,2.63408,0.0,-2.3283057704e-09,2428.8876099586487,68.65842866897583,400,2.64222,0.0102630027046,-0.0102630015463,512.748415405
551.25,0.3391141891479492,0.0070028975606,13.7421,0.898262,0.353094988368,-5.82076553624e-10,0.0,873.25,400,31.708436965942383,2500.0,1.5576927661895752,470.317379543,0.895761,0.18270325574,0.31740355491638184,17.005799293518066,12.46079421043396,1900.0,13.6669,0.20534062385559082,2.61498,0.0,3.72528674575e-10,2496.0132644176483,66.48258805274963,400,2.62047,0.00939997693058,-0.00939997751266,547.046101805
457.75,0.36408424377441406,0.00743714766577,13.4943,0.890334,0.362593973085,2.63535193668e-09,0.0,872.25,400,33.14427351951599,2700.0,1.4089772701263428,453.199666262,0.888937,0.144657959777,0.3093287944793701,15.495568037033081,12.693344593048096,2400.0,13.4555,0.1871623992919922,2.59939,0.0,3.539025073e-09,2562.4844868183136,66.46272468566895,400,2.60227,0.00937469194614,-0.00937468931079,543.281637367
339.5,0.3454580307006836,0.00722428131849,13.6998,0.897535,0.29821792743,2.76486389339e-09,0.0,715.5,400,31.94007396697998,2300.0,1.6521317958831787,393.242609594,0.892634,0.112484492705,0.2937450408935547,19.23442769050598,12.450791120529175,2000.0,13.5586,0.22497892379760742,2.60702,0.0,4.28408242215e-09,2632.0434226989746,68.94843745231628,400,2.61738,0.00801399812917,-0.00801399536431,443.576092683
449.5,0.36612915992736816,0.00687888730317,13.602,0.893632,0.291226321218,3.29455374093e-09,0.0,866.5,400,33.65717315673828,3100.0,1.481166124343872,508.231984432,0.891848,0.108914487742,0.30277109146118164,16.793383836746216,12.83388876914978,2100.0,13.5457,0.19849300384521484,2.60607,0.0,-4.47034853579e-09,2700.6049325466156,68.55330228805542,400,2.61022,0.00477634466952,-0.00477634137496,648.866511696
484.25,0.3657529354095459,0.0072335335426,13.39,0.886994,0.33155113196,-1.49011625261e-09,0.0,886.75,400,33.299110412597656,2900.0,1.5297062397003174,497.721747064,0.888691,0.130399203687,0.3196108341217041,17.070321083068848,12.733918905258179,2500.0,13.4449,0.2023608684539795,2.5986,0.0,3.72528985437e-09,2769.666873693466,68.44662857055664,400,2.59451,0.00953305922449,-0.0095330607146,540.832171288
432.0,0.3388252258300781,0.00711074611172,13.4771,0.889877,0.284606708766,-1.97906047106e-09,0.0,833.0,400,31.11784291267395,2300.0,1.4450647830963135,461.439053397,0.887672,0.130989099565,0.29225730895996094,16.477959632873535,12.367036581039429,2100.0,13.4156,0.19305634498596191,2.59642,0.0,3.53902596117e-09,2834.8465118408203,65.16911745071411,400,2.60099,0.00823779578786,-0.00823779776692,551.371925292
706.0,0.3635082244873047,0.0096830977127,13.4661,0.889598,0.430640352492,2.90165202976e-09,0.0,974.75,400,32.182971715927124,2900.0,1.4988257884979248,519.869214322,0.889121,0.227021409707,0.31927490234375,17.107709169387817,12.549638509750366,2200.0,13.455,0.20572948455810547,2.59935,0.0,-5.96046412227e-09,2902.9959332942963,66.93895530700684,400,2.60017,0.0115706232522,-0.0115706203505,612.566271925
621.25,0.36362171173095703,0.00720548117533,13.3683,0.886483,0.352932744213,2.87545853794e-09,0.0,990.75,400,32.593538761138916,2800.0,1.5443458557128906,524.236051317,0.888298,0.1834827536,0.3191852569580078,18.402971982955933,12.57777214050293,2300.0,13.4301,0.22038674354553223,2.5975,0.0,-9.31322574615e-09,2971.9362280368805,68.93409204483032,400,2.59288,0.00826832101448,-0.00826831813902,561.906965164
319.5,0.35643815994262695,0.00750761292875,13.5321,0.891348,0.282886550643,1.13504938781e-09,0.0,794.0,400,32.601054668426514,2500.0,1.6512038707733154,377.186624895,0.886549,0.10611255111,0.2898101806640625,19.440872192382812,12.662119150161743,1800.0,13.3857,0.22207355499267578,2.59418,0.0,1.11758513555e-09,3042.596314430237,69.97514200210571,400,2.60507,0.00847131499904,-0.00847131386399,499.163299933
460.0,0.3758258819580078,0.00705758901313,13.2651,0.882413,0.311879786245,8.73114913702e-10,0.0,855.75,400,34.26825714111328,2600.0,1.4261553287506104,472.334627145,0.882796,0.141392593817,0.3117680549621582,16.279017686843872,12.620573282241821,2400.0,13.2793,0.19074010848999023,2.5862,0.0,3.72529029846e-09,3111.029696702957,68.42293334007263,400,2.58514,0.0096200229018,-0.00962002202868,531.664309033
522.5,0.35076212882995605,0.00694101210684,13.4944,0.890186,0.426575547777,2.11875894607e-09,0.0,1099.0,400,33.77785062789917,3000.0,1.4734272956848145,538.649932702,0.88645,0.132683259848,0.2891852855682373,16.720943927764893,12.921782732009888,2200.0,13.3903,0.19760394096374512,2.59453,0.0,-4.09782296984e-09,3180.2144882678986,68.55865502357483,400,2.60228,0.00883840143215,-0.00883839931339,654.521962962
458.25,0.3453986644744873,0.0080086607486,13.3358,0.884529,0.292886309104,8.14907585855e-11,0.0,884.25,400,32.55734086036682,2900.0,1.5114319324493408,442.020290824,0.881197,0.155283435223,0.3117992877960205,17.479123830795288,12.675329685211182,2000.0,13.236,0.20691990852355957,2.58294,0.0,-1.67637459469e-09,3248.158182621002,67.9377977848053,400,2.59045,0.0095695844735,-0.00956958439201,603.139235583
531.75,0.36000752449035645,0.00722635909915,13.3443,0.885076,0.399518805625,-4.62750904262e-09,0.0,1064.0,400,32.56342840194702,2900.0,1.4336941242218018,493.930093738,0.886431,0.155084365833,0.31571125984191895,16.172359704971313,12.62149167060852,2400.0,13.3858,0.19473695755004883,2.5942,0.0,-5.02914065947e-09,3315.3686513900757,66.58984923362732,400,2.59109,0.00621014556964,-0.00621015019715,607.251183614
555.5,0.3549840450286865,0.00870967563242,13.1534,0.878793,0.472426094282,2.88710011453e-09,0.0,1219.25,400,32.851810693740845,2700.0,1.5042355060577393,467.353987894,0.879301,0.181812327566,0.3254706859588623,17.07447385787964,12.70828127861023,2200.0,13.1712,0.202284574508667,2.57803,0.0,-5.58794122085e-10,3383.2899131774902,67.91475749015808,400,2.57668,0.00678382450715,-0.00678382162005,535.120955953
512.75,0.36011719703674316,0.00894274935126,12.8611,0.868625,0.369817807638,-2.8638171834e-09,0.0,908.75,400,32.85453963279724,3100.0,1.5224127769470215,456.138616541,0.868644,0.160976882621,0.29976463317871094,16.58193063735962,12.708753108978271,1800.0,12.8629,0.19512486457824707,2.55435,0.0,1.04308135462e-08,3451.199781179428,67.21127820014954,400,2.55421,0.00704064958263,-0.00704065244645,547.629836203
577.0,0.3617427349090576,0.00804383214563,12.9363,0.870667,0.461697096331,-9.08039532455e-10,0.0,1215.0,400,34.620911598205566,2900.0,1.5494723320007324,520.788824765,0.871317,0.162410761539,0.2882082462310791,16.789158821105957,12.794525384902954,2600.0,12.956,0.19896197319030762,2.56156,0.0,-7.45057238127e-10,3520.6570975780487,69.44887709617615,400,2.56004,0.00977853408549,-0.00977853499353,588.451357378
675.75,0.37124013900756836,0.00833589490503,12.9836,0.872205,0.364934467487,1.14669085338e-09,0.0,1045.5,400,34.586681604385376,3300.0,1.5690231323242188,585.010202902,0.869537,0.17873091774,0.3215470314025879,18.41447639465332,12.78888487815857,2400.0,12.9056,0.21860790252685547,2.55766,0.0,-8.19564061061e-09,3592.402211666107,71.06740975379944,400,2.56369,0.00965826514293,-0.00965826399624,711.77928461
642.5,0.37595582008361816,0.00831340998411,12.6743,0.861722,0.304184711144,-3.0791851291e-09,0.0,996.0,400,33.732970237731934,2900.0,1.4883677959442139,656.691518142,0.863641,0.147892430058,0.29307007789611816,17.720388174057007,12.893590688705444,2700.0,12.7309,0.20604443550109863,2.54403,0.0,2.60770294247e-09,3661.987245798111,69.57348871231079,400,2.53958,0.0079359278956,-0.00793593097478,702.412983935
511.75,0.3597586154937744,-4.84287676628e-09,12.5636,0.857938,0.340116475562,4.7730281949e-09,0.0,956.0,400,32.88132166862488,3000.0,1.5888309478759766,548.805008632,0.858046,0.117138766669,0.33507275581359863,18.31258726119995,12.777989625930786,2700.0,12.5685,0.21231937408447266,2.53119,0.0,-2.98023516976e-09,3732.5883140563965,69.9821207523346,400,2.5308,2.53785392701e-09,2.23517426789e-09,667.20611508
700.25,0.37357139587402344,0.00676428433508,12.6708,0.861607,0.348861170587,-3.39932748616e-09,0.0,1076.5,400,34.48227334022522,3400.0,1.5328335762023926,683.31905981,0.858046,0.151127719559,0.2883749008178711,17.853673219680786,12.86235785484314,2700.0,12.5685,0.20785117149353027,2.53119,0.0,6.33299013231e-09,3803.0183153152466,70.42176628112793,400,2.5393,0.00730700450949,-0.00730700790882,700.176941923
687.0,0.36975908279418945,0.00831435248256,12.5501,0.857538,0.365574143519,-3.45753514708e-09,0.0,1097.5,400,33.847970724105835,2900.0,1.4944777488708496,629.548250732,0.858228,0.167289747731,0.31792473793029785,15.235374450683594,12.807376861572266,2200.0,12.5713,0.18840861320495605,2.53142,0.0,-7.45057404661e-10,3871.3893461227417,67.17684245109558,400,2.52973,0.0101134574856,-0.0101134609431,638.78302263
801.0,0.37061214447021484,0.00730213616043,12.1552,0.843902,0.439355539651,-9.28412235979e-10,0.0,1291.5,400,33.48508596420288,2900.0,1.4848785400390625,618.990306871,0.847324,0.212419892444,0.3045773506164551,16.404966354370117,12.917281150817871,2300.0,12.2532,0.19784259796142578,2.50579,0.0,8.9406961834e-09,3939.4510684013367,68.0544023513794,400,2.49775,0.008969541642,-0.00896954257041,671.660442486
593.5,0.357133150100708,0.00717852078378,11.9072,0.835359,0.317773916718,9.09494590751e-10,0.0,906.0,400,32.63377571105957,2400.0,1.4174785614013672,610.416046644,0.836246,0.13604226376,0.29262804985046387,15.26522707939148,12.845515966415405,2400.0,11.9339,0.18512821197509766,2.47939,0.0,-1.49011580852e-09,4005.865735054016,65.78200769424438,400,2.47714,0.0093090617811,-0.0093090608716,588.442010737
870.25,0.35250043869018555,0.00723311072215,11.9341,0.836302,0.472949306417,1.62981517171e-10,0.0,1173.0,400,32.525185346603394,2800.0,1.4842121601104736,538.135612555,0.839221,0.286453087517,0.2906665802001953,16.562971115112305,12.849502086639404,2400.0,12.0194,0.1970677375793457,2.48652,0.0,6.70552058324e-09,4073.0158286094666,67.14375162124634,400,2.4794,0.00857999192085,-0.00857999175787,629.421162657
594.5,0.35872697830200195,0.00751322461292,12.1541,0.843814,0.39780823017,-2.32830643654e-10,0.0,1112.25,400,32.431249141693115,2900.0,1.3740246295928955,548.242419008,0.844536,0.159594618598,0.2852303981781006,14.666966676712036,12.874256134033203,2500.0,12.1755,0.1788487434387207,2.49943,0.0,2.23517404585e-09,4138.663201093674,64.99353623390198,400,2.49766,0.00850520445965,-0.00850520469248,645.813392165
628.5,0.34857630729675293,0.00683942949399,12.0316,0.839791,0.336958886598,3.20142024002e-10,0.0,1103.75,400,32.28836631774902,3000.0,1.5667529106140137,529.70534262,0.83974,0.178826076714,0.30890464782714844,18.608767986297607,12.785272359848022,2200.0,12.0351,0.2243180274963379,2.48783,0.0,-5.9604667868e-09,4207.874120950699,69.19760155677795,400,2.48754,0.00786391305155,-0.00786391273141,749.140132085
518.5,0.38147449493408203,0.00718298181891,12.022,0.839292,0.274412545406,-1.11613196463e-09,0.0,1076.75,400,34.127455949783325,2700.0,1.4642069339752197,538.802143648,0.837566,0.136247449821,0.31027889251708984,16.599275827407837,12.967707633972168,2200.0,11.9762,0.2000441551208496,2.48292,0.0,1.49011614159e-09,4277.52557516098,69.03568124771118,400,2.48673,0.00694928998273,-0.00694929109886,755.072471687
743.75,0.3687624931335449,0.00966797024012,11.9266,0.83583,0.435104593564,-2.81725087703e-09,0.0,1427.25,400,32.90762805938721,3200.0,1.5747811794281006,677.060512436,0.839337,0.165067602396,0.30507469177246094,18.322588443756104,12.852202653884888,2900.0,12.03,0.2114098072052002,2.4874,0.0,-1.49011603057e-09,4347.032838344574,69.50077557563782,400,2.47877,0.00964336467441,-0.00964336749166,731.493292861
577.0,0.366074800491333,0.00742291286588,11.9932,0.838121,0.362141154241,-1.36787803307e-10,0.0,1107.25,400,34.4064199924469,2600.0,1.6014368534088135,503.508689101,0.837716,0.177392504089,0.3177502155303955,18.480111122131348,13.042572498321533,2200.0,11.9844,0.21541452407836914,2.48361,0.0,-3.74700270811e-16,4418.938592672348,71.29889798164368,400,2.48434,0.00876222816587,-0.00876222830266,612.472397337
518.0,0.35640811920166016,0.00808242429048,11.8507,0.833153,0.327446389186,2.2118895604e-10,0.0,1122.75,400,33.98516011238098,3200.0,1.4866058826446533,556.485399629,0.833922,0.126289122118,0.3092079162597656,16.560292959213257,12.87226128578186,2600.0,11.8775,0.20093870162963867,2.47465,0.0,-8.19563528154e-09,4487.631798505783,68.68032836914062,400,2.47238,0.00967843200779,-0.0096784317866,714.463041381
522.0,0.38073158264160156,0.00722562335432,11.6198,0.825012,0.284856101674,-3.10246850432e-09,0.0,1106.0,400,34.60463881492615,3500.0,1.7169294357299805,624.872787053,0.828009,0.0952037383717,0.2904698848724365,21.183104515075684,13.030933380126953,2400.0,11.7093,0.24840855598449707,2.46038,0.0,1.49011836204e-09,4562.80048418045,74.4860486984253,400,2.45271,0.00806510510738,-0.00806510820985,768.54668043
826.75,0.3756418228149414,7.45057793239e-10,11.9321,0.836019,0.5044717258,1.86264559332e-10,0.0,1454.25,400,34.1621618270874,3300.0,1.4449224472045898,656.322662644,0.832711,0.209457182824,0.3180818557739258,15.888381481170654,12.891319751739502,3000.0,11.8427,0.19031500816345215,2.47171,0.0,-1.49011580852e-09,4631.667484045029,68.86076951026917,400,2.47923,-1.23400234475e-09,1.42026690408e-09,731.937113077
973.25,0.3550589084625244,0.00769274495542,11.767,0.830156,0.480424223907,6.4901534147e-10,0.0,1347.75,400,33.212955951690674,3100.0,1.4583582878112793,710.253079895,0.832711,0.243636225619,0.33018970489501953,15.469644546508789,13.02615761756897,2700.0,11.8427,0.18642902374267578,2.47171,0.0,-2.23517382381e-09,4699.126882553101,66.82859230041504,400,2.4653,0.00881724962674,-0.00881724897772,722.457567958
785.5,0.379791259765625,0.00796827487648,11.7101,0.828124,0.4772245159,3.5215641514e-10,0.0,1421.25,400,34.98737454414368,3200.0,1.533076286315918,631.893780631,0.827552,0.194814373869,0.32068729400634766,17.80380868911743,13.096704483032227,3100.0,11.6963,0.21718621253967285,2.45928,0.0,-3.72529029846e-09,4770.3536028862,71.22051477432251,400,2.46045,0.00905797200103,-0.00905797164887,626.317361647
663.0,0.34087514877319336,0.00859381910414,11.6794,0.82712,0.348252341707,-1.81607906491e-09,0.0,1374.25,400,32.51018524169922,3500.0,1.4233741760253906,582.692886519,0.828151,0.169700614685,0.3084447383880615,15.354350566864014,12.873780727386475,2700.0,11.7122,0.18849802017211914,2.46063,0.0,2.98023206113e-09,4836.868915557861,65.85430121421814,400,2.45782,0.00968160764314,-0.00968160945922,910.198845033
536.75,0.36458563804626465,0.00989555940032,11.8422,0.833055,0.30744879537,-2.74740186157e-09,0.0,1019.5,400,32.9449098110199,3100.0,1.4743409156799316,528.74799054,0.830195,0.14442107031,1.0074429512023926,16.531505584716797,13.190567255020142,2500.0,11.7673,0.19765520095825195,2.46533,0.0,2.23517382381e-09,4905.414391517639,68.53362107276917,400,2.47167,0.00260560032912,-0.00260560307652,720.569045963
618.25,0.3660314083099365,0.00768421962857,11.8513,0.833349,0.407550834418,1.90921123355e-09,0.0,1278.5,400,32.691431522369385,3200.0,1.6078550815582275,636.154020266,0.831683,0.13536345449,0.3194446563720703,19.511292934417725,12.968072891235352,2800.0,11.8081,0.23404169082641602,2.46879,0.0,0.0,4976.5522294044495,70.52670168876648,400,2.47244,0.00806440603919,-0.00806440412998,792.992906652
653.25,0.37627100944519043,0.00791545305401,11.5186,0.821811,0.344611951568,-3.43861739083e-09,0.0,1082.25,400,33.87929368019104,3300.0,1.5813255310058594,595.684008095,0.824678,0.165402374966,0.28794050216674805,18.063441514968872,12.94233226776123,2700.0,11.606,0.21134352684020996,2.45152,0.0,7.45058126306e-10,5046.742905139923,70.18477129936218,400,2.44396,0.00851730472205,-0.00851730816066,715.443874458
578.25,0.3792085647583008,0.00752476928756,11.5618,0.823401,0.27619265952,3.38768568753e-09,0.0,1135.0,400,34.85167050361633,3400.0,1.6549346446990967,656.20266496,0.824471,0.110551192311,0.2857389450073242,20.18097710609436,13.054789781570435,2800.0,11.597,0.23264503479003906,2.45075,0.0,6.33299190866e-09,5120.7723960876465,73.40010833740234,400,2.44771,0.00804498385405,-0.00804498046637,818.397825022
733.0,0.35623908042907715,0.00799371860921,11.6258,0.825759,0.43308445767,-2.7823263693e-09,0.0,1372.5,400,33.553046226501465,3300.0,1.513901948928833,607.051068692,0.827599,0.190233556448,0.2889440059661865,17.05970335006714,12.925283193588257,2700.0,11.681,0.19449639320373535,2.45797,0.0,-2.6077036086e-09,5189.543341159821,68.76507043838501,400,2.45323,0.0077510280651,-0.00775103084743,767.198637903
595.0,0.356914758682251,0.00800929032266,11.598,0.825279,0.296553084874,7.29051041759e-10,0.0,1081.25,400,32.376665353775024,3400.0,1.624788522720337,639.511532343,0.826875,0.131778327462,0.325103759765625,19.007982969284058,12.960493087768555,3300.0,11.6494,0.2145090103149414,2.45526,0.0,1.19209291327e-08,5259.934842824936,69.75760746002197,400,2.45083,0.00923471225688,-0.00923471152782,738.933987241
901.75,0.35962367057800293,0.00841447524726,11.5249,0.822639,0.476562148883,-9.77888880982e-10,0.0,1455.5,400,33.97074627876282,3500.0,1.6191449165344238,705.033288221,0.825584,0.215357245488,0.3062264919281006,19.50118899345398,13.007366418838501,2600.0,11.6121,0.21746563911437988,2.45205,0.0,-5.21540499676e-09,5331.979383945465,72.03457450866699,400,2.44451,0.00844563073479,-0.00844563171268,790.233984336
711.5,0.3367466926574707,0.00749187823385,11.2602,0.813188,0.324771542009,-5.21540721721e-09,0.0,1173.75,400,32.36870217323303,3300.0,1.3580222129821777,657.888858395,0.815843,0.164877674464,0.2781651020050049,14.600378274917603,12.9698326587677,2700.0,11.3398,0.17418742179870605,2.42832,0.0,1.49011647466e-09,5397.716633319855,64.94314098358154,400,2.42127,0.00747596416622,-0.00747596938163,786.40697956
496.75,0.37636518478393555,0.00867465138435,11.4452,0.820442,0.346010971984,1.07684150485e-09,0.0,1222.25,400,35.1745982170105,3800.0,1.4357001781463623,491.135864604,0.813874,0.144366210067,0.2900824546813965,16.581083297729492,13.112672328948975,2800.0,11.2706,0.19093585014343262,2.4222,0.0,-8.56816395611e-09,5467.827054262161,70.10322213172913,400,2.43757,0.00784243471571,-0.00784243363887,891.279943396
800.75,0.33942675590515137,0.00449426658452,11.2898,0.814996,0.454953696604,-1.92085281014e-09,0.0,1240.25,400,31.655942916870117,2800.0,1.6351888179779053,531.200938911,0.812191,0.264969107839,0.29960179328918457,19.221813201904297,12.917359113693237,2500.0,11.2192,0.2172696590423584,2.41763,0.0,8.19563616972e-09,5537.633150100708,69.16937685012817,400,2.4239,0.0026037915959,-0.00260379351676,640.121033477
837.75,0.33853769302368164,0.00958715658635,11.2019,0.811973,0.36938666481,-3.94211374655e-09,0.0,1299.0,400,32.07715082168579,3600.0,1.5105643272399902,644.28249821,0.812283,0.221004214691,0.2916076183319092,16.867650508880615,13.075559139251709,2700.0,11.2143,0.19632959365844727,2.41719,0.0,-5.58793722405e-09,5604.924264431,67.282719373703,400,2.41608,0.00780564338638,-0.0078056473285,770.031817524
890.5,0.3482041358947754,0.00893161632121,11.4561,0.821893,0.493029369231,4.80795314672e-09,0.0,1581.25,400,33.199979066848755,3600.0,1.637542486190796,726.229818997,0.818783,0.205437615966,0.3169724941253662,20.048072576522827,13.11367154121399,3100.0,11.3831,0.23077058792114258,2.43213,0.0,-1.49011636363e-09,5677.397570610046,71.82108473777771,400,2.43852,0.00760306805605,-0.0076030632481,728.370398561
732.25,0.33846282958984375,0.00752103980631,11.3687,0.819154,0.406301065026,5.12227815719e-10,0.0,1451.25,400,33.383973360061646,3300.0,1.5614147186279297,705.148876125,0.816898,0.161847978004,0.3408031463623047,18.94596529006958,13.206048965454102,2600.0,11.3219,0.22873663902282715,2.42674,0.0,-4.84287543401e-09,5748.2243666648865,70.81274819374084,400,2.43087,0.00862257420085,-0.00862257368863,824.862677965
894.5,0.35492777824401855,0.00725582242012,11.3722,0.819497,0.474488432827,5.13391595902e-09,0.0,1505.75,400,33.23451471328735,3400.0,1.4441394805908203,794.619248445,0.819152,0.184070366139,0.288318395614624,16.28447675704956,13.169530630111694,3200.0,11.3798,0.19237184524536133,2.43184,0.0,-2.23517426789e-09,5816.630491256714,67.78708124160767,400,2.43117,0.00379427756416,-0.00379427243024,713.366622082
858.5,0.3296546936035156,0.00725319469348,11.2172,0.813635,0.611238077832,1.3969847501e-10,0.0,1726.75,400,32.00970101356506,3600.0,1.4176898002624512,486.854957867,0.814938,0.328729269472,0.2885921001434326,16.194260835647583,12.92914366722107,2400.0,11.2537,0.19103765487670898,2.4207,400.0,-1.11758757804e-09,5882.792582511902,66.15616822242737,400,2.41745,0.00593515639193,-0.00593515625224,638.912699436
662.75,0.34183311462402344,0.00788089632988,11.1533,0.81284,0.456633974512,-2.64844879361e-09,0.0,1459.25,400,32.25347185134888,3600.0,1.4732890129089355,500.537148971,0.809703,0.226631526964,0.28726625442504883,15.85196328163147,13.022825241088867,2300.0,11.0748,0.18745827674865723,2.40468,0.0,-7.45058570395e-10,5949.771990299225,66.33603715896606,400,2.41174,0.00951043903478,-0.00951044168323,861.054259324
778.75,0.33919286727905273,0.008350584656,11.2784,0.81791,0.39684098622,4.74392081173e-10,0.0,1397.5,400,32.56987118721008,3500.0,1.6378004550933838,609.855259467,0.818144,0.213729144162,0.31470251083374023,19.222134113311768,13.09550142288208,2300.0,11.2874,0.2281022071838379,2.42368,0.0,-2.42143749496e-09,6020.263335943222,70.48294043540955,400,2.42289,0.00608988898748,-0.00608988851309,758.382324425
873.75,0.3773462772369385,0.00875516422093,11.0981,0.811516,0.458713428218,-3.58559182345e-09,0.0,1405.0,400,34.401785135269165,3200.0,1.63808012008667,657.864680234,0.811715,0.229030847314,0.3129599094390869,19.27842426300049,13.827436208724976,2700.0,11.1139,0.21597957611083984,2.40819,0.0,1.11758657884e-09,6093.797486782074,72.894695520401,400,2.40677,0.00796879562549,-0.00796879921108,776.128211058
465.0,0.3638777732849121,0.00781022291631,11.0587,0.810318,0.335317832729,5.36674615859e-09,0.0,1168.0,400,32.99716091156006,3700.0,1.541987419128418,483.916315079,0.807048,0.141675650163,0.2880270481109619,17.242466926574707,13.488951683044434,2900.0,10.9699,0.20914030075073242,2.39516,0.0,-3.72528813353e-10,6162.853586435318,69.04961633682251,400,2.40322,0.0030782555812,-0.00307825021446,815.276640166
773.5,0.36292099952697754,0.00784244015813,10.847,0.80366,0.4352932521,2.33703767449e-09,0.0,1380.75,400,32.99226784706116,3000.0,1.6453430652618408,717.737939641,0.806013,0.16631677295,0.33191657066345215,19.3481605052948,13.250559568405151,2800.0,10.9301,0.22065520286560059,2.39152,0.0,1.11758602372e-09,6234.5726635456085,71.07616519927979,400,2.38389,0.00948623801523,-0.0094862356782,691.559424417
660.5,0.34845447540283203,0.00911681912839,10.972,0.807995,0.337831177598,-6.40284436582e-10,0.0,1208.5,400,33.76741003990173,3000.0,1.5119333267211914,649.799776854,0.804951,0.153956782544,0.2891662120819092,16.76791739463806,13.371421813964844,2900.0,10.8862,0.20303797721862793,2.3875,0.0,1.02445483208e-08,6303.68842792511,69.10911703109741,400,2.39534,0.0102745679324,-0.0102745685726,746.945613817
980.5,0.3667569160461426,0.00663485657424,11.0515,0.812173,0.542327811044,-6.1700133891e-10,0.0,1745.75,400,33.55469727516174,3600.0,1.478691816329956,746.036024599,0.812992,0.235512425473,0.3171219825744629,16.519648551940918,13.13014554977417,3300.0,11.0706,0.1959524154663086,2.40429,100.0,5.21540721721e-09,6372.7302005290985,68.39156436920166,400,2.40257,0.00539886144688,-0.00539886206388,757.252888737
741.25,0.3563661575317383,0.00699821393937,10.9555,0.808601,0.312547130261,-3.08500625046e-09,0.0,1355.75,400,32.72853755950928,3700.0,1.5421497821807861,717.929966988,0.809031,0.159205996176,0.31160426139831543,17.862327337265015,13.243824005126953,2900.0,10.9749,0.21846890449523926,2.39561,0.0,1.30385147123e-09,6441.873234272003,69.13718175888062,400,2.39384,0.00792513851775,-0.00792514160275,893.233976906
810.5,0.3607950210571289,0.00783003121614,10.8835,0.806848,0.42423890521,2.58442023338e-09,0.0,1519.25,400,32.39544320106506,3600.0,1.5374107360839844,752.023769571,0.807581,0.172719731084,0.3139965534210205,17.517388582229614,13.151132822036743,3200.0,10.9098,0.20209240913391113,2.38967,0.0,1.86265169955e-10,6510.755848169327,68.28650403022766,400,2.38725,0.00684120019432,-0.0068411976099,772.692977514
731.25,0.360332727432251,0.0072322501801,10.9997,0.812097,0.401741578469,-3.55066775981e-09,0.0,1372.0,400,33.150578022003174,3800.0,1.455470323562622,580.687900253,0.812475,0.219200821783,0.28118300437927246,16.010890007019043,13.202462434768677,2600.0,11.011,0.18955707550048828,2.39889,0.0,4.28408597486e-09,6578.326614141464,67.56454920768738,400,2.39787,0.0080132597941,-0.00801326334476,779.433127343
756.5,0.3474278450012207,0.00900920294225,11.208,0.820132,0.403238870115,-7.33416660736e-10,0.0,1508.5,400,32.60065746307373,3700.0,1.5291993618011475,670.15501938,0.815014,0.178997334594,0.2959249019622803,17.513622999191284,13.133034944534302,3100.0,11.0512,0.20883893966674805,2.40254,0.0,1.6763795907e-09,6647.514855861664,68.56309604644775,400,2.41663,0.00784910955699,-0.00784911029041,850.574952606
549.5,0.35143494606018066,0.00708740483969,11.0826,0.816566,0.463365724874,3.57977159027e-09,0.0,1478.75,400,32.666583776474,3300.0,1.5862038135528564,545.343698964,0.813655,0.153938871676,0.29341959953308105,18.745200157165527,13.203962802886963,3000.0,11.0019,0.2205345630645752,2.39807,0.0,1.11758746701e-09,6717.366353750229,69.8452479839325,400,2.40538,0.00545254148892,-0.00545253790915,685.400202437
527.75,0.3401346206665039,0.00699746282771,10.9971,0.814689,0.371672657731,-2.09547490471e-10,0.0,1287.25,400,32.638487100601196,3100.0,1.5272464752197266,477.393901825,0.810374,0.167734226072,0.29634714126586914,17.47480010986328,13.19691514968872,2500.0,10.8944,0.2043895721435547,2.38825,0.0,4.37721636715e-09,6786.553695678711,68.51585865020752,400,2.39763,0.00720115264412,-0.00720115285367,730.795756351
806.0,0.37485599517822266,0.00991705060005,10.8333,0.809399,0.431730960916,-3.95812094212e-09,0.0,1450.5,400,34.81215953826904,3400.0,1.498122215270996,665.930927349,0.805984,0.204577631214,0.2785377502441406,17.192758321762085,13.237820148468018,2800.0,10.7519,0.20379900932312012,2.37509,0.0,7.4505814851e-09,6857.041511774063,70.47708034515381,400,2.38262,0.00867321132682,-0.00867321528494,776.079731729
781.0,0.356675386428833,0.00895290262997,10.7911,0.809372,0.376780049063,-3.07336445182e-09,0.0,1269.75,400,32.8925359249115,3300.0,1.5909509658813477,656.192807032,0.805194,0.198082754213,0.33922719955444336,17.984403133392334,13.897192001342773,2600.0,10.6975,0.2077953815460205,2.37001,0.0,5.30853538905e-09,6927.788594961166,70.06061363220215,400,2.37872,0.0101657935418,-0.0101657966152,702.6805373
