0AverageReturn,1MinReturn,1Perplexity,1ExplainedVariance,0PolicyExecTime,1AverageReturn,1NumTrajs,1EnvExecTime,dLoss,0NumTrajs,1Entropy,0Entropy,MeanKL,LossBefore,ItrTime,0ProcessExecTime,1MaxReturn,0Perplexity,1AveragePolicyStd,0ExplainedVariance,0StdReturn,1PolicyExecTime,0EnvExecTime,1ProcessExecTime,0MinReturn,0AveragePolicyStd,MeanKLBefore,LossAfter,0MaxReturn,Time,1StdReturn,ComputeUpdatedDistTime
6.5,0.0,17.0114,0.264073086692,3.4344937801361084,39.0,200,3.613584041595459,0.00535641144961,200,2.83388,2.83788,0.00870991591364,-2.79396772385e-09,18.78883171081543,0.13579940795898438,1600.0,17.0795,0.998019,0.0667273826381,69.3379405521,5.924321889877319,3.198498249053955,0.15284013748168945,0.0,1.0,8.44011416312e-10,-0.00535641424358,900.0,18.78882932662964,203.66393888,0.7079885005950928
19.0,0.0,16.7266,0.129875784455,3.377497911453247,26.5,200,3.7776260375976562,0.00342924892902,200,2.817,2.82341,0.00686074001715,-1.39698386192e-09,17.695629835128784,0.13553357124328613,1100.0,16.8342,0.989673,0.123204405439,117.639279155,6.0490498542785645,3.2151601314544678,0.15426945686340332,0.0,0.992796,2.09547512675e-09,-0.00342925032601,1200.0,36.975029706954956,150.491694123,0.08974170684814453
5.5,0.0,16.5809,0.302925134466,3.5885679721832275,84.0,200,3.502481460571289,0.00826774886809,200,2.80825,2.8149,0.00726386485621,3.49245965481e-09,17.61758017539978,0.1493520736694336,2000.0,16.6915,0.985321,0.0770986205229,64.9596028313,5.641175031661987,3.5249810218811035,0.14136552810668945,0.0,0.988588,1.39698386192e-09,-0.00826774537563,900.0,54.95085167884827,336.368845169,0.08443188667297363
24.0,0.0,16.8878,0.387173131787,3.428964138031006,169.5,200,3.5596842765808105,0.00836359953973,200,2.82659,2.80908,0.00849394779652,-3.14321368933e-09,17.441656827926636,0.1412663459777832,2600.0,16.5946,0.994575,0.070916701018,139.728307798,5.8848443031311035,3.3657259941101074,0.14330482482910156,0.0,0.985792,2.91038443345e-10,-0.00836360268295,1300.0,72.746661901474,531.996005624,0.0785973072052002
26.5,0.0,16.6258,0.391718565401,3.2940213680267334,285.0,200,3.4881110191345215,0.00926870282274,200,2.81095,2.80975,0.00946339312941,-1.16415321827e-10,16.76576018333435,0.1358499526977539,2600.0,16.6058,0.98708,0.212121331476,171.603467331,5.672286033630371,3.159170627593994,0.14312195777893066,0.0,0.986443,-2.56113708019e-08,-0.00926870293915,1600.0,90.05513525009155,673.99925816,0.08665633201599121
38.0,0.0,16.2477,0.335142029476,3.5861921310424805,174.0,200,3.5700862407684326,0.00646783504635,200,2.78795,2.7894,0.0085894279182,4.65661287308e-10,17.783332347869873,0.14882254600524902,2800.0,16.2712,0.975639,0.158820636417,223.508389104,5.854674577713013,3.528580665588379,0.1423027515411377,0.0,0.976188,1.86264408342e-08,-0.00646783458069,2100.0,108.21418762207031,519.253310052,0.08475041389465332
61.0,0.0,16.1614,0.320894225177,3.522775650024414,241.5,200,3.495055675506592,0.00740802893415,200,2.78262,2.78566,0.00873479805887,-1.39698386192e-09,17.33628487586975,0.14393067359924316,2700.0,16.2105,0.972866,0.20872360867,285.795381348,5.6621010303497314,3.388277292251587,0.14090919494628906,0.0,0.974363,6.98491708917e-10,-0.00740803033113,2000.0,125.9154942035675,616.86931355,0.09583353996276855
60.5,0.0,15.9033,0.249636996351,3.5078437328338623,180.5,200,3.4346015453338623,0.00961962714791,200,2.76653,2.76841,0.00972749944776,0.0,17.14652156829834,0.15218448638916016,2300.0,15.9333,0.965185,0.0951127664934,238.096094046,5.562389850616455,3.4529335498809814,0.14311766624450684,0.0,0.966154,-9.31322463593e-10,-0.00961962714791,1400.0,143.4295678138733,511.438901532,0.08036088943481445
74.0,0.0,15.7634,0.248238841861,3.282381296157837,253.5,200,3.451141119003296,0.00710313161835,200,2.75769,2.75451,0.00880368147045,2.79396772385e-09,16.878240823745728,0.13707804679870605,2400.0,15.7133,0.961122,0.0964735443837,258.503384891,5.746302127838135,3.1858134269714355,0.14304018020629883,0.0,0.959354,-3.25962989933e-09,-0.00710312882438,1500.0,160.85477018356323,603.893823449,0.08840560913085938
79.0,0.0,14.9805,0.300716551052,3.508218288421631,328.5,200,3.828097105026245,0.00841483555268,200,2.70675,2.71689,0.00739105604589,2.67755240202e-09,18.147496938705444,0.14597654342651367,2600.0,15.1332,0.937272,0.10211872383,245.680687072,6.142356634140015,3.4529778957366943,0.1579883098602295,0.0,0.941935,-1.86264492719e-09,-0.00841483287513,1500.0,179.35069036483765,727.693445071,0.08234977722167969
30.5,0.0,15.2282,0.176089327126,3.4569928646087646,166.5,200,3.5245819091796875,0.00695916824043,200,2.72315,2.73152,0.00922823138535,-2.79396772385e-09,17.388116121292114,0.14783501625061035,1900.0,15.3562,0.945525,0.0917406100208,156.906819482,5.72172737121582,3.398749351501465,0.14463448524475098,0.0,0.949415,2.56113708019e-09,-0.0069591710344,1200.0,197.10770726203918,432.813759023,0.09955906867980957
48.5,0.0,15.4977,0.19684932966,3.2634224891662598,293.0,200,3.4926047325134277,0.0071370198857,200,2.74069,2.74437,0.00676063867286,1.62981450558e-09,16.68887448310852,0.13319730758666992,2600.0,15.5547,0.953494,0.032805067458,211.418423984,5.687628746032715,3.105099678039551,0.14408302307128906,0.0,0.955209,-1.16415321827e-09,-0.00713701825589,1600.0,214.34041118621826,625.100791873,0.08079910278320312
93.0,0.0,15.3769,0.259630862747,3.3308849334716797,422.5,200,3.261061668395996,0.00581001699902,200,2.73287,2.73464,0.00696514733136,-2.32830643654e-10,16.402392864227295,0.14408111572265625,2700.0,15.4043,0.94977,0.0900215290597,306.677354886,5.368985176086426,3.316391944885254,0.13427090644836426,0.0,0.950509,9.31322574615e-10,-0.00581001723185,1700.0,231.10383820533752,788.824283348,0.08460474014282227
167.0,0.0,14.8455,0.266380941134,2.370330572128296,527.5,200,2.305445671081543,0.00641984026879,200,2.6977,2.70042,0.00705798203126,-9.31322574615e-10,11.847354173660278,0.10153603553771973,2800.0,14.8859,0.933161,0.0938622318598,434.753953404,3.8064985275268555,2.264385461807251,0.09948110580444336,0.0,0.934402,3.25962856706e-09,-0.00641984120011,1900.0,243.29927134513855,919.235415984,0.09941959381103516
181.0,0.0,14.7141,0.306393454737,2.344820499420166,493.5,200,2.9679346084594727,0.00702225556597,200,2.68881,2.68755,0.00902508851141,3.25962901115e-09,13.54649043083191,0.10621380805969238,2800.0,14.6956,0.928881,0.116636890135,442.424004774,4.758168935775757,2.357485055923462,0.12470602989196777,0.0,0.928353,2.79396683567e-09,-0.00702225230634,2000.0,257.17971420288086,900.05985912,0.07970976829528809
207.0,0.0,14.3476,0.310508266276,3.2049121856689453,582.5,200,3.552168846130371,0.00595181187964,200,2.66358,2.67229,0.0083290701732,-1.54250301421e-09,17.03436517715454,0.13769984245300293,2700.0,14.4731,0.918007,0.0902703869089,477.965479925,5.947316646575928,3.163099765777588,0.14174175262451172,0.0,0.921892,4.6566114853e-10,-0.00595181342214,1900.0,274.78172302246094,935.43773176,0.08483076095581055
191.0,0.0,13.9248,0.217303298518,3.1521198749542236,420.0,200,3.5320165157318115,0.00609892781358,200,2.63367,2.64132,0.00822549313307,-1.04773789644e-09,16.79565453529358,0.1302659511566162,2600.0,14.0317,0.906049,0.118380424296,468.42181845,5.8001673221588135,3.015432834625244,0.14179611206054688,0.0,0.908674,-8.38190228336e-09,-0.00609892886132,2400.0,291.96691036224365,803.99004969,0.09700560569763184
146.5,0.0,13.9279,0.244179033108,3.4107532501220703,393.5,200,3.4546585083007812,0.00598407303914,200,2.63389,2.63638,0.00948510412127,1.39698386192e-09,17.116087913513184,0.1434333324432373,2700.0,13.9626,0.905575,0.0630453650559,395.585325815,5.707848310470581,3.355133533477783,0.13998150825500488,0.0,0.906801,0.0,-0.00598407164216,1900.0,309.49735927581787,775.827139252,0.08367800712585449
183.0,0.0,13.7146,0.385756750448,3.6513476371765137,621.0,200,3.376256227493286,0.00491281240829,200,2.61846,2.62875,0.00772169232368,-1.71712599695e-09,17.385359048843384,0.1531054973602295,2800.0,13.8564,0.898436,0.0799842258284,444.084451428,5.601698398590088,3.557729959487915,0.13780522346496582,0.0,0.903416,-4.65661242899e-09,-0.00491281412542,2100.0,327.28730273246765,1038.58509521,0.07891297340393066
205.5,0.0,13.5574,0.30244395026,3.6042492389678955,508.0,200,3.65850830078125,0.00617835437879,200,2.60693,2.62371,0.00705239595845,2.32830643654e-09,18.22327756881714,0.15403079986572266,2800.0,13.7868,0.89277,0.101544673392,501.916078643,6.034350156784058,3.6051385402679443,0.14470171928405762,0.0,0.900524,0.0,-0.00617835205048,2200.0,346.0456566810608,899.964443742,0.08806276321411133
162.0,0.0,13.7941,0.326285416269,3.363894462585449,505.5,200,3.438762903213501,0.00556787685491,200,2.62424,2.63395,0.00862376112491,-3.0267983675e-09,16.747164249420166,0.1344757080078125,2800.0,13.9286,0.901586,0.0820486745856,426.563008241,5.598982095718384,3.2057785987854004,0.13897466659545898,0.0,0.905787,-7.45058059692e-09,-0.00556787988171,2200.0,363.2246448993683,893.711222935,0.08281779289245605
199.5,0.0,13.6832,0.31736980591,3.4725770950317383,635.5,200,2.570985794067383,0.00901181204244,200,2.61617,2.61496,0.0076595316641,-1.39698386192e-09,15.38567042350769,0.14013934135437012,2800.0,13.6667,0.897641,0.0659162303226,484.716154053,5.158010721206665,3.029723644256592,0.11066532135009766,0.0,0.896903,8.41340885849e-17,-0.00901181343943,2400.0,379.06225323677063,955.714261691,0.10506224632263184
220.0,0.0,13.3131,0.238531643385,2.5870890617370605,464.5,200,2.335472583770752,0.00482821254991,200,2.58875,2.58983,0.0096392724663,-2.32830643654e-10,12.556155443191528,0.11597561836242676,2700.0,13.3275,0.884944,0.0672340445213,503.289181286,3.879948139190674,2.645836114883423,0.10006880760192871,0.0,0.885084,3.07336449623e-08,-0.00482821278274,2100.0,392.12899518013,812.151309794,0.10070681571960449
202.5,0.0,13.3295,0.311119480366,2.2645742893218994,586.5,200,2.6589090824127197,0.00588945671916,200,2.58998,2.59763,0.00700096134096,-2.79396772385e-09,12.58239197731018,0.10686326026916504,2700.0,13.4318,0.885221,0.0921773235385,544.374641217,4.280358076095581,2.3352372646331787,0.1136009693145752,0.0,0.888452,9.31322574615e-10,-0.00588945951313,2300.0,405.2488467693329,942.638716582,0.07861733436584473
170.0,0.0,13.2381,0.213287198801,3.247689962387085,433.5,200,3.5663487911224365,0.00558396335691,200,2.5831,2.58551,0.00553823728114,-1.39698386192e-09,16.97047734260559,0.13367509841918945,2600.0,13.2701,0.881972,0.0769428167785,497.091540865,5.786599397659302,3.14052152633667,0.14598655700683594,0.0,0.882961,0.0,-0.0055839647539,2300.0,422.5845081806183,841.800302922,0.09788203239440918
159.0,0.0,13.6315,0.13715455035,3.5142180919647217,293.5,200,3.2052717208862305,0.00774175632978,200,2.61238,2.60569,0.00940797198564,4.24915924668e-09,16.590585470199585,0.14649605751037598,2700.0,13.5405,0.894348,0.0655311461553,436.942788017,5.237045764923096,3.4317522048950195,0.13309240341186523,0.0,0.891322,9.31322574615e-10,-0.00774175208062,1800.0,439.5631124973297,703.283548791,0.08043694496154785
243.0,0.0,13.3561,0.233206055432,3.4791440963745117,430.5,200,3.146385431289673,0.00469046831131,200,2.59197,2.59609,0.00759275769815,9.31322574615e-10,16.390114068984985,0.14198851585388184,2700.0,13.4112,0.885818,0.0952297277643,566.701861652,5.247678518295288,3.311037063598633,0.12595772743225098,0.0,0.887335,1.67638098958e-08,-0.00469046737999,2400.0,456.35074758529663,895.499720826,0.09492778778076172
251.0,0.0,13.6158,0.197433563736,3.5595738887786865,413.0,200,3.485307455062866,0.00642914324999,200,2.61123,2.60598,0.0071847718209,-1.86264514923e-09,17.530139207839966,0.14767789840698242,2600.0,13.5445,0.894461,0.0921659427318,582.837026964,5.77053689956665,3.502232313156128,0.14300775527954102,0.0,0.891853,1.86264514923e-09,-0.00642914511263,2100.0,474.48991227149963,869.615432246,0.0892636775970459
237.0,0.0,13.2933,0.322917138036,3.4522581100463867,733.5,200,3.632963180541992,0.00856025028042,200,2.58726,2.58032,0.00743551971391,6.98491930962e-10,17.528005123138428,0.1446084976196289,2900.0,13.2014,0.883829,0.0811973485348,579.681809271,5.876128911972046,3.380316734313965,0.14960265159606934,0.0,0.880686,3.72529029846e-09,-0.00856024958193,2300.0,492.3784108161926,1048.01133105,0.08523321151733398
239.0,0.0,12.9918,0.182022964676,3.499324083328247,509.0,200,3.5405805110931396,0.00864038802683,200,2.56432,2.56792,0.00986292399466,-1.86264514923e-09,17.542400360107422,0.14507222175598145,2600.0,13.0387,0.873344,0.0936018809966,589.134110369,5.879518747329712,3.4090511798858643,0.14810514450073242,0.0,0.875001,-1.86264514923e-09,-0.00864038988948,2500.0,510.2954807281494,907.038587933,0.08500909805297852
313.5,0.0,12.8265,0.35423766776,3.6169533729553223,778.5,200,3.8569488525390625,0.00774577958509,200,2.55151,2.5486,0.00876611843705,3.72529029846e-09,18.605032444000244,0.15492486953735352,2700.0,12.7892,0.868336,0.0910479379611,691.569049336,6.213698625564575,3.5897727012634277,0.15540504455566406,0.0,0.866618,-1.86264492719e-09,-0.0077457758598,2700.0,529.2592334747314,1068.35750103,0.09853816032409668
339.5,0.0,12.3079,0.106076503675,3.3512699604034424,400.0,200,2.6604738235473633,0.00586669903714,200,2.51024,2.51294,0.00488749146461,-1.2805685401e-09,14.822983264923096,0.14121770858764648,2600.0,12.3412,0.850449,0.0972317380773,728.759047971,4.397125482559204,3.3240065574645996,0.11101341247558594,0.0,0.851489,0.0,-0.00586670031771,2500.0,544.7469322681427,761.117599324,0.0854196548461914
377.5,0.0,12.2104,0.195733550704,2.395068883895874,493.5,200,2.709559440612793,0.00312803359702,200,2.50229,2.49693,0.00627484638244,-1.86264514923e-09,12.977398872375488,0.10610818862915039,2800.0,12.1451,0.847097,0.116400503924,748.828251337,4.421715974807739,2.417196750640869,0.11213254928588867,0.0,0.844942,0.0,-0.00312803545967,2600.0,558.0709500312805,895.493020632,0.11077523231506348
373.0,0.0,11.7645,0.153181617498,2.5574042797088623,545.0,200,2.3940553665161133,0.00763186207041,200,2.46509,2.48737,0.006275692489,-1.86264514923e-09,12.570981979370117,0.11391544342041016,2600.0,12.0296,0.831817,0.083647309826,743.082095061,4.045845985412598,2.536968469619751,0.09711408615112305,0.0,0.841072,-1.86264492719e-09,-0.00763186393306,2500.0,571.007340669632,902.371874562,0.0834817886352539
366.5,0.0,11.9644,0.198962389942,2.4515881538391113,563.0,200,2.3024544715881348,0.00441024266183,200,2.48194,2.48726,0.00688256602734,-4.19095158577e-09,11.948450088500977,0.10473990440368652,2700.0,12.0283,0.837985,0.0729273691137,760.084041406,3.767805337905884,2.329571485519409,0.0935826301574707,0.0,0.840291,0.0,-0.00441024685279,2600.0,583.3667094707489,990.571047427,0.0818183422088623
352.5,0.0,11.725,0.19752226642,2.7070152759552,586.0,200,2.427938222885132,0.00157552678138,200,2.46172,2.46703,0.00309354695491,-2.79396772385e-09,12.906150341033936,0.10776376724243164,2700.0,11.7874,0.829619,0.0764081905427,744.240384553,4.284621715545654,2.4180045127868652,0.09966278076171875,0.0,0.831901,0.0,-0.00157552957535,2500.0,596.631552696228,1022.15654378,0.10259699821472168
342.0,0.0,11.765,0.136240485638,2.4828643798828125,437.5,200,2.276453733444214,0.00421897973865,200,2.46513,2.47399,0.00569476280361,1.86264514923e-09,12.00252628326416,0.10276079177856445,2700.0,11.8697,0.831231,0.0832578903599,752.154239501,3.839583396911621,2.4103760719299316,0.09332466125488281,0.0,0.834928,0.0,-0.00421897787601,2400.0,609.1539261341095,893.72464999,0.0963752269744873
375.0,0.0,11.7913,0.200366214143,2.804992914199829,578.5,200,2.446197509765625,0.00584690319374,200,2.46737,2.48426,0.00817281007767,1.86264514923e-09,12.982543706893921,0.10908007621765137,2900.0,11.9922,0.832509,0.107532169245,788.907472395,4.1310975551605225,2.5089519023895264,0.10064840316772461,0.0,0.839578,-3.72529029846e-09,-0.0058469013311,2700.0,622.4784510135651,1039.51322743,0.09520220756530762
400.0,0.0,11.7152,0.111021471904,2.52177357673645,432.0,200,2.3348889350891113,0.00600989698432,200,2.46089,2.46472,0.00655253045261,2.32830643654e-10,12.285523414611816,0.10767459869384766,2600.0,11.7602,0.829819,0.119596506478,785.811682275,3.9499566555023193,2.42134690284729,0.09721159934997559,0.0,0.831342,0.0,-0.00600989675149,2500.0,635.1830158233643,832.031249413,0.08147454261779785
433.0,0.0,11.4656,0.21895505879,2.800846576690674,621.5,200,2.382678747177124,0.00324100535363,200,2.43935,2.44736,0.00860025081784,-2.79396772385e-09,12.593178033828735,0.10764813423156738,2800.0,11.5578,0.820738,0.072130156405,827.593499249,3.9043381214141846,2.475890874862671,0.09640765190124512,0.0,0.824084,0.0,-0.0032410081476,2400.0,648.1072397232056,1079.94803116,0.08505392074584961
433.5,0.0,11.2817,0.172694316676,2.515568256378174,572.5,200,2.4600627422332764,0.000270230695605,200,2.42318,2.43355,0.00413526734337,3.25962901115e-09,12.598085165023804,0.10618019104003906,2800.0,11.3993,0.81493,0.0757910478458,828.690382471,4.132410049438477,2.429138422012329,0.09651923179626465,0.0,0.819207,0.0,-0.000270227435976,2500.0,661.5551426410675,1017.73952955,0.08184027671813965
397.0,0.0,11.4053,0.176119237487,2.7332072257995605,570.5,200,2.3317911624908447,0.00696649029851,200,2.43408,2.44242,0.00817384012043,0.0,12.362110137939453,0.09968256950378418,2700.0,11.5009,0.819769,0.0728251476092,785.233086414,3.9107110500335693,2.340848207473755,0.0972299575805664,0.0,0.823313,-3.72529029846e-09,-0.00696649029851,2500.0,674.2691674232483,999.889868936,0.0762639045715332
383.5,0.0,11.0354,0.212370440127,2.366513729095459,620.0,200,2.4922516345977783,0.0056749433279,200,2.40111,2.4053,0.00718355132267,-1.39698386192e-09,12.853033542633057,0.10104632377624512,2900.0,11.0817,0.805908,0.0831148982578,796.289991146,4.236494064331055,2.3585968017578125,0.09951210021972656,0.0,0.807767,3.72529029846e-09,-0.00567494472489,2600.0,687.5692226886749,1080.41658632,0.09854388236999512
397.0,0.0,10.8208,0.119511216983,2.568646192550659,490.5,200,2.5266470909118652,0.00588294118643,200,2.38147,2.38728,0.00924621522427,9.31322574615e-10,13.020877599716187,0.11054539680480957,2800.0,10.8838,0.797639,0.0829576773649,805.227297103,4.305068731307983,2.5295345783233643,0.10621762275695801,0.0,0.800135,3.72529029846e-09,-0.00588294025511,2600.0,700.9241681098938,922.041078261,0.09254193305969238
438.0,0.0,10.7816,0.153894053636,2.4913837909698486,516.0,200,2.4188430309295654,0.00595729332417,200,2.37784,2.38857,0.0086062559858,9.31322574615e-10,12.783291816711426,0.10312414169311523,2800.0,10.8979,0.796559,0.0535726653152,830.696093647,4.42197322845459,2.418421983718872,0.10184288024902344,0.0,0.800979,3.72529029846e-09,-0.00595729239285,2600.0,714.0563087463379,987.949391416,0.0888967514038086
495.0,0.0,10.6134,0.22783481599,2.4902167320251465,624.0,200,2.3099398612976074,0.00481794634834,200,2.36212,2.36107,0.00644591543823,4.65661287308e-10,12.089496612548828,0.10306859016418457,2800.0,10.6023,0.790376,0.102160020111,894.860324296,3.8642160892486572,2.416731834411621,0.0967264175415039,0.0,0.790091,0.0,-0.00481794588268,2600.0,726.8945279121399,1084.21584567,0.07700252532958984
413.5,0.0,10.429,0.162601038823,2.317707061767578,565.5,200,2.400966167449951,0.00359624158591,200,2.34459,2.34435,0.00634954450652,9.31322574615e-10,12.234724044799805,0.09880590438842773,2800.0,10.4265,0.78335,0.0584899728796,801.915051611,4.197610378265381,2.296994924545288,0.10049748420715332,0.0,0.783531,0.0,-0.00359624065459,2700.0,739.4619824886322,1008.49380266,0.07996273040771484
521.5,0.0,10.0833,0.204701383062,2.5939478874206543,620.5,200,2.3766071796417236,0.00524684228003,200,2.31089,2.32864,0.00648024119437,-1.86264514923e-09,12.561135292053223,0.11308693885803223,2900.0,10.264,0.770829,0.104706728217,934.873119733,4.005925416946411,2.5450282096862793,0.09909343719482422,0.0,0.777746,3.72529029846e-09,-0.00524684414268,2700.0,752.3870778083801,1080.70798554,0.08270549774169922
467.0,0.0,10.2163,0.191677143826,2.425081491470337,621.5,200,2.4058706760406494,0.00546201737598,200,2.32398,2.32919,0.00941394269466,-1.39698386192e-09,12.393889904022217,0.1003108024597168,2800.0,10.2696,0.776083,0.077214568638,883.861414476,4.243438243865967,2.3039588928222656,0.09845304489135742,0.0,0.778303,-3.72529029846e-09,-0.00546201877296,2600.0,765.1785686016083,1078.65089348,0.07669544219970703
453.0,0.0,9.64635,0.18300229221,2.6322882175445557,646.5,200,2.427452325820923,0.00403149053454,200,2.26658,2.27461,0.00706837326288,1.86264514923e-09,12.899269104003906,0.11194777488708496,2900.0,9.72408,0.754473,0.0492709219529,860.169169408,4.186594724655151,2.573471784591675,0.09765100479125977,0.0,0.75783,0.0,-0.0040314886719,2700.0,778.6881196498871,1122.84805294,0.11382365226745605
463.0,0.0,9.33565,0.164215153196,2.607311725616455,602.5,200,2.5104146003723145,0.00525321718305,200,2.23384,2.23898,0.00731578096747,0.0,13.226117849349976,0.11092734336853027,2800.0,9.38378,0.740844,0.0475290960548,862.34042002,4.505826711654663,2.5311944484710693,0.10624289512634277,0.0,0.742819,0.0,-0.00525321718305,2700.0,792.2861361503601,1050.11606501,0.09445405006408691
503.0,0.0,9.39858,0.230543406984,2.450343370437622,637.5,200,2.419168472290039,0.00645688548684,200,2.24056,2.23937,0.00877522490919,-1.39698386192e-09,12.498088359832764,0.10973072052001953,2900.0,9.38742,0.74338,0.0566710455036,910.159876066,4.103733062744141,2.453529119491577,0.0990908145904541,0.0,0.743161,0.0,-0.00645688688383,2700.0,805.2026534080505,1108.53225032,0.08126401901245117
473.0,0.0,9.05933,0.204389049771,2.4569056034088135,642.5,200,2.461552858352661,0.00357777252793,200,2.2038,2.20501,0.00810378789902,1.39698386192e-09,12.83516001701355,0.10332250595092773,2900.0,9.07031,0.730716,0.0384596086333,854.73446169,4.470847845077515,2.4185373783111572,0.10259723663330078,0.0,0.731261,0.0,-0.00357777113095,2700.0,818.4130113124847,1115.77047371,0.08602142333984375
483.5,0.0,8.44044,0.159415976004,2.524367570877075,632.0,200,2.4961605072021484,0.00590301118791,200,2.13303,2.13887,0.00700335670263,3.72529029846e-09,12.874835729598999,0.11104917526245117,2800.0,8.48986,0.705989,0.0400102058548,875.25867605,4.255517959594727,2.5226964950561523,0.10232734680175781,0.0,0.708301,0.0,-0.00590300746262,2700.0,831.6218729019165,1097.12168878,0.08861541748046875
502.5,0.0,8.12801,0.19433267902,2.5696918964385986,652.5,200,2.4519054889678955,0.00374778592959,200,2.09532,2.10119,0.00717268045992,-2.32830643654e-09,13.125595092773438,0.11006283760070801,3000.0,8.17591,0.69297,0.0438930303597,915.283426049,4.415027141571045,2.553445339202881,0.10181522369384766,0.0,0.69502,0.0,-0.0037477882579,2700.0,845.3837933540344,1132.51655617,0.10823678970336914
525.0,0.0,8.02813,0.205019135602,2.513209104537964,643.0,200,2.4115939140319824,0.00360557623208,200,2.08295,2.08009,0.0060966797173,-1.86264514923e-09,12.51652193069458,0.10842514038085938,2900.0,8.00519,0.687766,0.0851287578778,949.460373054,4.005573511123657,2.5037546157836914,0.10070657730102539,0.0,0.686884,7.45058059692e-09,-0.00360557809472,2800.0,858.2437133789062,1116.93822569,0.08188772201538086
515.5,0.0,7.68287,0.193382019039,2.8680965900421143,599.0,200,3.6453964710235596,0.00245887110941,200,2.03899,2.04444,0.00881777890027,4.65661287308e-10,16.46210265159607,0.12458372116088867,2800.0,7.72479,0.672191,0.0701415647441,939.632774013,6.103088855743408,2.7355637550354004,0.1450662612915039,0.0,0.673933,0.0,-0.00245887064375,2600.0,875.0446884632111,1046.66088109,0.08303332328796387
509.0,0.0,7.68389,0.15817810581,3.3199589252471924,651.0,200,3.5459721088409424,0.00473308982328,200,2.03913,2.04606,0.00702250935137,3.72529029846e-09,17.16433095932007,0.14060616493225098,2900.0,7.73734,0.672475,0.0605706092359,921.693549939,5.758212327957153,3.3351235389709473,0.1391589641571045,0.0,0.675056,7.45058059692e-09,-0.00473308609799,2700.0,892.5547742843628,1129.33564541,0.08513522148132324
528.5,0.0,7.28837,0.190919489419,3.5616538524627686,666.0,200,4.036397457122803,0.0029615109961,200,1.98628,1.99394,0.00947556085885,-4.22005541623e-09,18.804243087768555,0.14489388465881348,2900.0,7.34443,0.654704,0.0588727528557,954.849595486,6.559558391571045,3.277799367904663,0.165755033493042,0.0,0.657285,0.0,-0.00296151521616,2700.0,911.7336106300354,1155.70065328,0.09885931015014648
523.0,0.0,7.36211,0.157370537958,3.618124485015869,659.5,200,3.5378875732421875,0.00564857153222,200,1.99635,2.00815,0.00756012508646,9.31322574615e-10,17.875577211380005,0.15424871444702148,2900.0,7.44952,0.658087,0.0698807259038,945.288844745,5.785612106323242,3.6730804443359375,0.14100027084350586,0.0,0.66201,0.0,-0.0056485706009,2600.0,930.2352838516235,1143.63881973,0.08384227752685547
527.0,0.0,7.28622,0.138273049463,3.6363301277160645,572.5,200,3.7336249351501465,0.00629088375717,200,1.98598,1.99081,0.00986229162663,-9.31322574615e-10,18.217947006225586,0.14147520065307617,2800.0,7.32144,0.654439,0.0526002845716,959.516023837,6.224828243255615,3.3469369411468506,0.15093731880187988,0.0,0.656096,0.0,-0.0062908846885,2800.0,948.8053476810455,1014.63971438,0.08610677719116211
533.0,0.0,7.131,0.165073497363,3.3812403678894043,656.5,200,3.591491460800171,0.00356314820237,200,1.96445,1.95873,0.0066383886151,-5.58793544769e-09,17.393383026123047,0.14191961288452148,2900.0,7.09031,0.647749,0.0446585408856,947.476121071,5.825126647949219,3.37111496925354,0.14263153076171875,0.0,0.645952,0.0,-0.00356315379031,2700.0,966.5843961238861,1138.66489803,0.08025908470153809
545.0,0.0,6.74436,0.143950378106,3.762363910675049,651.5,200,3.6367788314819336,0.00428423658013,200,1.90871,1.9227,0.00988273974508,1.86264514923e-09,18.019656658172607,0.14681053161621094,2800.0,6.83939,0.629374,0.0587134046761,966.527288803,6.018515586853027,3.433300018310547,0.14652442932128906,0.0,0.633818,-7.45058059692e-09,-0.00428423471749,2900.0,984.9607679843903,1130.04325138,0.07954144477844238
538.0,0.0,6.54893,0.167032301692,3.5556485652923584,629.0,200,3.4168319702148438,0.00666400045156,200,1.8793,1.88508,0.00931094679981,-2.79396772385e-09,17.531367540359497,0.15120625495910645,2900.0,6.58691,0.619906,0.0543658749161,968.119827294,5.676159381866455,3.5822458267211914,0.13946199417114258,0.0,0.6217,0.0,-0.00666400324553,2800.0,1002.8695065975189,1097.61514202,0.09453082084655762
530.0,0.0,6.71541,0.120574000421,3.782308340072632,645.0,200,3.5853376388549805,0.00566823920235,200,1.90441,1.91019,0.00837575737387,3.25962901115e-09,17.986965656280518,0.14533257484436035,2900.0,6.75436,0.627586,0.0632248813632,938.13645063,5.966478586196899,3.404449939727783,0.14301156997680664,0.0,0.629463,0.0,-0.00566823594272,2600.0,1021.5356211662292,1119.63163585,0.08827948570251465
540.0,0.0,6.39302,0.155770028548,3.592212677001953,587.5,200,3.5927608013153076,0.00560352345929,200,1.85521,1.85558,0.00714905699715,-4.65661287308e-10,18.171889781951904,0.1531996726989746,2800.0,6.39544,0.612152,0.0591995411217,948.683298051,5.948484897613525,3.5837619304656982,0.14866971969604492,0.0,0.612202,0.0,-0.00560352392495,2800.0,1040.0584287643433,1029.12280608,0.0849149227142334
545.5,0.0,6.26268,0.104409975457,3.574671745300293,629.0,200,3.7185137271881104,0.00569618819281,200,1.83461,1.84278,0.00877019390464,0.0,18.095815896987915,0.14741253852844238,2900.0,6.31404,0.606246,0.056819815109,961.966605449,6.11741042137146,3.5195019245147705,0.15123629570007324,0.0,0.608683,-7.45058059692e-09,-0.00569618819281,2800.0,1058.503478050232,1096.88604695,0.07967066764831543
555.5,0.0,5.99112,0.1294187394,3.622490167617798,658.5,200,3.7326741218566895,0.00377103884239,200,1.79028,1.80025,0.00691906921566,-1.2805685401e-09,18.478790521621704,0.15301060676574707,2900.0,6.05117,0.593021,0.0421796315303,974.869093776,6.25338077545166,3.624324083328247,0.1482841968536377,0.0,0.595947,0.0,-0.00377104012296,2700.0,1077.339604139328,1142.24679908,0.08269715309143066
530.0,0.0,6.08505,0.142929547775,3.5263869762420654,651.5,200,3.4534430503845215,0.00237693963572,200,1.80584,1.81306,0.0060496260412,4.65661287308e-10,17.287992000579834,0.1463024616241455,2800.0,6.12915,0.597173,0.0436101184914,945.832966226,5.625877141952515,3.4535281658172607,0.14053130149841309,0.0,0.599389,0.0,-0.00237693917006,2700.0,1094.9733953475952,1130.79518481,0.08438944816589355
534.0,0.0,6.02814,0.195325506836,3.2815968990325928,628.5,200,3.5498404502868652,0.00530321989208,200,1.79644,1.79989,0.00868807174265,2.79396772385e-09,17.45372462272644,0.14621329307556152,2900.0,6.04896,0.595166,0.0496461990855,949.865253602,6.075247526168823,3.3183181285858154,0.14118409156799316,0.0,0.596252,0.0,-0.00530321709812,2700.0,1112.7676045894623,1091.48419595,0.07903933525085449
544.0,0.0,5.93973,0.150154179593,3.5445547103881836,665.5,200,3.537389039993286,0.00427426025271,200,1.78166,1.7923,0.00704071298242,-9.31322574615e-10,17.790352821350098,0.14455151557922363,2900.0,6.00323,0.590591,0.0576516465315,967.038778954,5.95187520980835,3.4641008377075195,0.14328861236572266,0.0,0.593797,0.0,-0.00427426118404,2900.0,1131.2099764347076,1154.14892886,0.08948087692260742
531.5,0.0,5.86669,0.187959903701,3.640166759490967,608.0,200,3.3629982471466064,0.00640203268267,200,1.76929,1.77911,0.0097792558372,-2.32830643654e-10,17.802088975906372,0.15460419654846191,2700.0,5.92457,0.586798,0.0604772935585,945.810631152,5.863316774368286,3.6297266483306885,0.14312219619750977,0.0,0.589634,0.0,-0.0064020329155,2700.0,1149.3679285049438,1056.42605042,0.09230518341064453
556.0,0.0,6.19504,0.141649550871,3.4640069007873535,665.0,200,3.5090692043304443,0.00371355877724,200,1.82375,1.82388,0.00635713897645,-3.49245965481e-10,17.438538312911987,0.14569616317749023,2800.0,6.19586,0.602606,0.0717143529912,980.644685908,5.865109920501709,3.351205587387085,0.13825106620788574,0.0,0.60267,0.0,-0.00371355912648,2800.0,1167.188154220581,1153.4621797,0.08760666847229004
565.0,0.0,5.91113,0.0998405503454,3.6663854122161865,653.5,200,3.724907636642456,0.00432812655345,200,1.77684,1.78923,0.00662678061053,-3.72529029846e-09,18.69060206413269,0.15567755699157715,2900.0,5.98482,0.588612,0.0663908476679,995.627942557,6.367008924484253,3.6990416049957275,0.15315508842468262,0.0,0.592228,0.0,-0.00432813027874,2800.0,1186.2552263736725,1136.52441681,0.08765053749084473
542.5,0.0,5.80724,0.0798507244994,3.48691725730896,625.0,200,3.590207815170288,0.00579286040738,200,1.75911,1.75401,0.00960383843631,3.72529029846e-09,17.583385944366455,0.14365386962890625,3000.0,5.77773,0.583446,0.0486827605436,958.354709907,5.890679836273193,3.4102466106414795,0.14343881607055664,0.0,0.582001,0.0,-0.00579285668209,2700.0,1204.1914055347443,1090.53885763,0.081573486328125
592.0,0.0,5.75385,0.103153148249,3.4838578701019287,650.5,200,2.9865880012512207,0.00456288736314,200,1.74987,1.75393,0.00675491103902,4.65661287308e-09,16.280442476272583,0.14336419105529785,2900.0,5.77725,0.580621,0.084921361373,1048.30148335,5.225135326385498,3.419379949569702,0.12655329704284668,0.0,0.581768,0.0,-0.00456288270652,2800.0,1221.0998373031616,1131.10554326,0.09761762619018555
583.0,0.0,5.79645,0.139303151158,2.6777751445770264,655.0,200,2.2845120429992676,0.00743305590004,200,1.75725,1.76105,0.00811260845512,4.65661287308e-10,12.699317693710327,0.11909627914428711,2800.0,5.81855,0.582788,0.0456923841243,1020.59345481,3.83923077583313,2.774259328842163,0.09552240371704102,0.0,0.583887,0.0,-0.00743305543438,2700.0,1234.1349449157715,1136.16680113,0.07979607582092285
596.0,0.0,5.78387,0.105967101275,2.5753695964813232,655.5,200,2.2816929817199707,0.00787050893996,200,1.75507,1.75681,0.0075486660935,5.82076609135e-10,11.868867635726929,0.0967409610748291,2800.0,5.79393,0.581999,0.0571760977039,1043.20851224,3.781705379486084,2.236013412475586,0.09377551078796387,0.0,0.582526,0.0,-0.00787050835788,2800.0,1246.35395860672,1137.92343767,0.07730865478515625
578.5,0.0,5.77456,0.0998803228777,2.422356367111206,645.5,200,2.2494754791259766,0.0040499845054,200,1.75346,1.75572,0.0088316295296,-3.0267983675e-09,11.845731496810913,0.10522937774658203,2800.0,5.78759,0.581669,0.0497992694563,1017.63831984,3.7073845863342285,2.4376022815704346,0.09100079536437988,0.0,0.582334,0.0,-0.0040499875322,2700.0,1258.538944721222,1119.58909873,0.07875299453735352
596.0,0.0,5.59889,0.0905964096984,2.6818222999572754,642.5,200,2.332061529159546,0.00594458018895,200,1.72257,1.72748,0.00920918025076,1.2805685401e-09,12.344322204589844,0.10219550132751465,2800.0,5.62645,0.572696,0.0452611722641,1044.54966373,3.882380485534668,2.3802595138549805,0.09700417518615723,0.0,0.574142,0.0,-0.00594457890838,3000.0,1271.2689092159271,1114.87387179,0.09640002250671387
584.0,0.0,5.46825,0.106950396687,2.2843432426452637,661.0,200,2.255643606185913,0.00366246048361,200,1.69896,1.70012,0.0084106689319,3.25962901115e-09,11.65862488746643,0.0985097885131836,2900.0,5.47462,0.566121,0.062409880105,1025.35067172,3.8389995098114014,2.292808771133423,0.0928957462310791,0.0,0.566516,0.0,-0.00366245722398,2800.0,1283.3346190452576,1147.20486401,0.07889294624328613
581.5,0.0,5.39641,0.104053567436,2.758803129196167,662.0,200,2.754804849624634,0.00336670083925,200,1.68573,1.69087,0.00920174550265,3.25962901115e-09,13.643700361251831,0.10952425003051758,3000.0,5.42418,0.562428,0.0589088127288,1021.57121631,4.562342643737793,2.5269622802734375,0.11252093315124512,0.0,0.563928,0.0,-0.00336669757962,2800.0,1297.628468990326,1149.89390815,0.07874107360839844
591.5,0.0,5.40202,0.109883866468,2.24924898147583,656.0,200,2.2413294315338135,0.00443482398987,200,1.68677,1.69023,0.00854253023863,-2.79396772385e-09,11.417655229568481,0.09577059745788574,2900.0,5.42072,0.56259,0.0516517199142,1032.7525115,3.7148921489715576,2.2333786487579346,0.09208989143371582,0.0,0.563618,0.0,-0.00443482678384,2800.0,1309.3712756633759,1138.57981714,0.07490825653076172
590.5,0.0,5.68803,0.0877935824938,2.6623289585113525,648.0,200,2.258331060409546,0.00308966776356,200,1.73836,1.74079,0.0072337728925,-1.39698386192e-09,12.244040489196777,0.10059857368469238,2800.0,5.70186,0.577267,0.0481089675258,1033.08264432,3.9118685722351074,2.32564377784729,0.08974027633666992,0.0,0.57799,0.0,-0.00308966916054,2800.0,1322.0055408477783,1123.78645658,0.10744142532348633
589.5,0.0,5.5701,0.12425287624,2.231318712234497,606.0,200,2.206484317779541,0.00437108241022,200,1.71741,1.71845,0.00667375978082,1.86264514923e-09,11.355364561080933,0.09507012367248535,2800.0,5.57586,0.571273,0.0469862064594,1030.55312818,3.6761505603790283,2.2143020629882812,0.08981180191040039,0.0,0.571616,-1.49011611938e-08,-0.00437108054757,2700.0,1333.742960691452,1072.31711727,0.09029150009155273
598.5,0.0,5.59389,0.106958506794,2.660672426223755,664.5,200,2.2220699787139893,0.00478501850739,200,1.72168,1.71956,0.00834696181118,2.79396772385e-09,12.036823987960815,0.1045529842376709,3000.0,5.58208,0.57261,0.0463724259091,1048.11628649,3.7208669185638428,2.401137113571167,0.09207868576049805,0.0,0.571989,0.0,-0.00478501571342,2800.0,1346.1474821567535,1153.46857348,0.07700514793395996
582.0,0.0,5.58813,0.119131722268,2.260526418685913,632.0,200,2.491539478302002,0.00267367530614,200,1.72064,1.72472,0.00665817596018,5.35510480404e-09,12.494293451309204,0.09693360328674316,2800.0,5.61093,0.572461,0.0442271784049,1025.41503792,4.342249155044556,2.2331457138061523,0.1024174690246582,0.0,0.573635,0.0,-0.00267366995104,2900.0,1359.2750692367554,1098.7156138,0.07548356056213379
591.5,0.0,5.41962,0.13034471029,2.731450080871582,667.0,200,2.3411293029785156,0.00267037469894,200,1.69003,1.69172,0.0063872677274,-1.86264514923e-09,12.868354797363281,0.11827659606933594,3000.0,5.42878,0.563563,0.044909576218,1037.29347342,3.9349842071533203,2.791844606399536,0.09930992126464844,0.0,0.564073,0.0,-0.00267037656158,2800.0,1372.4746356010437,1156.59457028,0.08121252059936523
572.0,0.0,5.19569,0.0935210653258,2.205758571624756,672.0,200,2.384354591369629,0.00373073527589,200,1.64783,1.65751,0.00888167135417,4.65661287308e-09,12.089527606964111,0.0938572883605957,2900.0,5.24622,0.552011,0.0592184612511,1016.1279447,4.229364633560181,2.1878936290740967,0.0962364673614502,0.0,0.554637,0.0,-0.00373073061928,2800.0,1384.9456481933594,1165.25362046,0.08410239219665527
586.0,0.0,5.13852,0.108172737854,2.3033010959625244,646.0,200,2.1920411586761475,0.00400671176612,200,1.63676,1.64155,0.00635007629171,0.0,11.566650152206421,0.09939932823181152,2900.0,5.16319,0.548751,0.0526291013125,1034.94154424,3.701453685760498,2.310929536819458,0.09038829803466797,0.0,0.550108,0.0,-0.00400671176612,2800.0,1396.9597980976105,1121.28676082,0.07977414131164551
596.0,0.0,5.10718,0.101618210866,2.2287724018096924,662.0,200,2.2688279151916504,0.00344609422609,200,1.63065,1.6418,0.00738207809627,3.72529029846e-09,11.875024557113647,0.0948946475982666,2800.0,5.16446,0.547086,0.047261800155,1041.72165188,4.1268439292907715,2.2312803268432617,0.09380197525024414,0.0,0.550161,0.0,-0.0034460905008,2800.0,1409.198795080185,1148.15329987,0.07966852188110352
601.0,0.0,4.95968,0.0902204728595,2.2594072818756104,654.0,200,2.2939908504486084,0.0052758557722,200,1.60134,1.61888,0.00727689405903,9.31322574615e-10,11.828389644622803,0.09771060943603516,2900.0,5.04745,0.539382,0.0605188697997,1053.04273418,3.8358733654022217,2.274841785430908,0.09467530250549316,0.0,0.544152,0.0,-0.00527585484087,2900.0,1421.43217420578,1135.86266776,0.07535958290100098
625.0,0.0,5.03398,0.0869155752913,2.575408458709717,640.0,200,2.5325276851654053,0.00263335136697,200,1.61621,1.61828,0.00977781042457,2.09547579288e-09,13.546628475189209,0.12146830558776855,2800.0,5.04442,0.54371,0.0626341230086,1087.09475208,4.677005767822266,2.6545193195343018,0.10532617568969727,0.0,0.544199,0.0,-0.00263334927149,2800.0,1435.805613040924,1120.75867161,0.08941316604614258
625.0,0.0,5.04529,0.110102027299,2.366546154022217,665.0,200,2.2419021129608154,0.0028203218244,200,1.61845,1.62492,0.00730743957683,-4.19095158577e-09,11.883574485778809,0.1012725830078125,2900.0,5.07802,0.544425,0.0624067612745,1089.98853205,3.867870807647705,2.4098057746887207,0.09373974800109863,0.0,0.546194,0.0,-0.00282032601535,2900.0,1448.1392183303833,1153.76557411,0.07945442199707031
577.0,0.0,4.82948,0.101156193351,2.2520201206207275,640.0,200,2.414987087249756,0.00447078607976,200,1.57474,1.5753,0.00703378207982,1.86264514923e-09,12.2317054271698,0.09584903717041016,2900.0,4.83221,0.532846,0.0525379550643,1018.2686286,4.2989678382873535,2.2301626205444336,0.0986320972442627,0.0,0.533071,0.0,-0.00447078421712,2800.0,1460.7104229927063,1112.65448366,0.07640194892883301
614.5,0.0,4.77206,0.0975111021505,2.4487252235412598,663.0,200,2.2678496837615967,0.00406893435866,200,1.56278,1.56841,0.00701182149351,-9.31322574615e-10,12.100590944290161,0.10764145851135254,2800.0,4.79902,0.529615,0.0521277006743,1069.69142747,3.8263235092163086,2.5183403491973877,0.09066605567932129,0.0,0.53109,0.0,-0.00406893528998,2800.0,1473.1209635734558,1150.05695511,0.11325430870056152
620.0,0.0,4.69905,0.103851267222,2.251032590866089,652.5,200,2.304893732070923,0.00532915443182,200,1.54736,1.55778,0.00834496133029,9.31322574615e-10,11.792256116867065,0.09520339965820312,2900.0,4.74829,0.525301,0.0453049971809,1081.20303366,3.9713046550750732,2.2177481651306152,0.09381341934204102,0.0,0.528066,1.49011611938e-08,-0.0053291535005,2900.0,1485.2863223552704,1132.78142199,0.09928321838378906
609.0,0.0,4.73197,0.0978968210209,2.2602217197418213,673.5,200,2.984428644180298,0.00282172043808,200,1.55434,1.56634,0.00711029209197,3.25962901115e-09,13.593111276626587,0.09806418418884277,2900.0,4.78907,0.527283,0.0610966730098,1065.23189964,4.975999593734741,2.267847776412964,0.12284469604492188,0.0,0.53056,0.0,-0.00282171717845,2800.0,1499.218250989914,1168.01016691,0.08115506172180176
616.0,0.0,4.68537,0.0707041188283,3.6651034355163574,622.5,200,3.786271333694458,0.0062646525912,200,1.54444,1.54865,0.0098993126303,-9.31322574615e-10,19.146937370300293,0.156538724899292,2900.0,4.70513,0.525526,0.0635248410724,1073.47286878,6.778155326843262,3.684978723526001,0.15859413146972656,0.0,0.526699,0.0,-0.00626465352252,2800.0,1518.748731136322,1088.55121607,0.07103371620178223
593.5,0.0,4.79879,0.0855201060309,3.297524929046631,659.5,200,3.46492600440979,0.00449584797025,200,1.56836,1.56149,0.0050292070955,-3.72529029846e-09,17.047212839126587,0.14020180702209473,2900.0,4.76591,0.531628,0.0530002926506,1037.3561346,5.782983303070068,3.3000290393829346,0.13812947273254395,0.0,0.529864,1.49011611938e-08,-0.00449585169554,2800.0,1536.1505250930786,1144.11963972,0.08193325996398926
