0AveragePolicyStd,0PolicyExecTime,LossBefore,0Perplexity,ComputeUpdatedDistTime,1Perplexity,1MaxReturn,0EnvExecTime,0ProcessExecTime,0AverageReturn,ItrTime,1AveragePolicyStd,0NumTrajs,1ExplainedVariance,MeanKLBefore,0MaxReturn,dLoss,MeanKL,0Entropy,Time,1StdReturn,1Entropy,1NumTrajs,1AverageReturn,0StdReturn,0ExplainedVariance,1PolicyExecTime,0MinReturn,LossAfter,1EnvExecTime,1MinReturn,1ProcessExecTime
1.0,46.68497061729431,1.2805685401e-09,17.0795,0.9704325199127197,17.0996,1400.0,20.456891775131226,0.951979398727417,1.66666666667,162.09807443618774,1.00059,1200,0.0529765398798,-6.40284103515e-10,1000.0,0.00403670163359,0.00574405677617,2.83788,162.09806895256042,47.3682383037,2.83906,1200,2.5,40.7907941684,0.0219196649221,64.88541102409363,0.0,-0.00403670035303,21.417984008789062,0.0,0.9619107246398926
1.0039,39.744964838027954,-1.16415321827e-10,17.2126,0.0888679027557373,17.2034,1300.0,21.102774620056152,1.0053865909576416,1.25,143.88652420043945,1.00364,1200,0.0490467714846,2.03726990833e-09,700.0,0.00180554960389,0.00592817179859,2.84564,308.5890588760376,47.9350689301,2.84511,1200,3.25,24.6327187564,0.0295845300307,51.27592945098877,0.0,-0.0018055497203,23.09984278678894,0.0,1.0234229564666748
0.997058,31.45317506790161,2.32830643654e-10,16.9781,0.1879730224609375,16.9632,1700.0,22.069608211517334,1.057565689086914,6.41666666667,142.03506755828857,0.996621,1200,0.103604558614,-1.16415793672e-10,1400.0,0.00679907132871,0.00831340346485,2.83192,453.1862063407898,116.404437439,2.83105,1200,16.5833333333,77.8919746972,0.0470320424419,58.05097246170044,0.0,-0.00679907109588,22.68722367286682,0.0,1.0183520317077637
0.997154,43.729008436203,4.65661287308e-10,16.9805,0.15744495391845703,16.9745,2100.0,22.902191638946533,1.1361994743347168,22.25,160.0316469669342,0.996998,1200,0.160819503636,3.49246231934e-09,1600.0,0.00627410365269,0.00979199074209,2.83207,615.9578995704651,249.302346002,2.83171,1200,59.9166666667,144.210277604,0.0888323945292,59.44488453865051,0.0,-0.00627410318702,24.96244215965271,0.0,1.227802038192749
0.989518,42.53510904312134,-1.86264514923e-09,16.722,0.12531828880310059,16.7453,2200.0,22.340314149856567,1.0861518383026123,33.8333333333,149.12533164024353,0.990208,1200,0.307952553933,-1.0477396728e-09,1900.0,0.00866703316569,0.00814934819937,2.81672,768.4845049381256,482.223085477,2.81812,1200,207.25,176.885948817,0.0747211483885,53.48959183692932,0.0,-0.00866703502834,22.69501519203186,0.0,1.0444550514221191
0.980009,37.179757595062256,-4.65661287308e-10,16.402,0.25623106956481934,16.3277,2600.0,22.32977056503296,1.034550666809082,49.9166666667,147.6144618988037,0.97779,1200,0.388266755859,1.16415421747e-09,1800.0,0.00999129237607,0.00821417756379,2.7974,918.7905924320221,637.507625227,2.79286,1200,349.166666667,219.696744906,0.085537690952,57.05133104324341,0.0,-0.00999129284173,23.34002137184143,0.0,1.0510008335113525
0.969119,38.54734492301941,-6.98491930962e-10,16.0396,0.1650247573852539,15.9784,2700.0,22.583468198776245,1.0896198749542236,42.1666666667,156.3851490020752,0.967288,1200,0.429470913259,9.31322130526e-09,1700.0,0.00901484047063,0.00795773137361,2.77506,1077.8577389717102,737.877511666,2.77124,1200,430.333333333,193.963842564,0.0613477054241,64.64429926872253,0.0,-0.00901484116912,22.394871950149536,0.0,1.0300962924957275
0.961054,38.254860162734985,-6.98491930962e-10,15.7731,0.18259978294372559,15.6738,2600.0,22.52672290802002,1.1054768562316895,54.6666666667,159.4390344619751,0.958026,1200,0.455116659735,-1.72294676304e-08,1800.0,0.00941790011711,0.00734025752172,2.7583,1240.622845172882,814.857025632,2.75199,1200,538.833333333,218.39159528,0.0541708654415,65.7225251197815,0.0,-0.00941790081561,24.667800426483154,0.0,1.235410213470459
0.951133,41.657710790634155,-1.62981450558e-09,15.4497,0.12368392944335938,15.407,2800.0,24.04726243019104,1.2746024131774902,64.25,161.27505683898926,0.949834,1200,0.499693164336,-9.31322241549e-10,1700.0,0.00932590686716,0.00761377625167,2.73759,1404.6597273349762,950.053668075,2.73482,1200,762.833333333,245.214744323,0.0687238827936,62.792338371276855,0.0,-0.00932590849698,24.022297382354736,0.0,1.154332160949707
0.937303,33.60965013504028,4.65661287308e-10,15.0045,0.16919183731079102,15.0546,2900.0,22.804545879364014,1.133542776107788,65.4166666667,151.4702913761139,0.938889,1200,0.495698886916,2.04890948652e-08,1700.0,0.0111439055763,0.00750345457345,2.70835,1558.8266055583954,972.149379811,2.71168,1200,781.5,243.027419006,0.0612036099834,62.66319441795349,0.0,-0.0111439051107,23.027214765548706,0.0,1.0895178318023682
0.928356,38.31034064292908,0.0,14.7193,0.11518669128417969,14.7109,2900.0,23.15671181678772,1.1398122310638428,89.4166666667,153.73355054855347,0.928114,1200,0.513213302196,0.0,1800.0,0.00905811972916,0.00656640902162,2.68916,1715.6354777812958,1028.66146845,2.68859,1200,833.5,300.992236426,0.0981555441935,58.84807777404785,0.0,-0.00905811972916,24.025817394256592,0.0,1.1381945610046387
0.917679,29.992128372192383,-1.2805685401e-09,14.3821,0.11384367942810059,14.3285,2800.0,21.484602212905884,1.0163617134094238,57.5833333333,146.89159655570984,0.916002,1200,0.506991749163,1.86264137447e-09,1800.0,0.00988046510611,0.00992139708251,2.66598,1865.4257435798645,1046.4352053,2.66225,1200,886.833333333,242.505999353,0.0854460982594,63.402684926986694,0.0,-0.00988046638668,22.61787438392639,0.0,1.0572047233581543
0.902477,38.383795499801636,-9.31322574615e-10,13.9092,0.1202692985534668,13.9127,2900.0,22.284608602523804,1.1263947486877441,46.9166666667,151.44965815544128,0.902607,1200,0.52587538793,1.8626444831e-09,1900.0,0.00779643561691,0.00682999845594,2.63255,2019.4950335025787,1047.21364423,2.6328,1200,910.5,218.762793277,0.0992495880743,57.60511803627014,0.0,-0.00779643654823,24.543932914733887,0.0,1.1510965824127197
0.891567,39.86771631240845,-2.09547579288e-09,13.5743,0.21750617027282715,13.5868,2800.0,24.50564169883728,1.2860209941864014,43.1666666667,150.3114800453186,0.891977,1200,0.528604562583,-1.86264437207e-09,1800.0,0.00939428224228,0.00679992465302,2.60818,2172.539598464966,1029.23368203,2.6091,1200,982.833333333,207.372383782,0.0863684658509,53.99739861488342,0.0,-0.00939428433776,23.580796718597412,0.0,1.0862693786621094
0.8802,36.68734550476074,3.14321368933e-09,13.2302,0.1284923553466797,13.2581,2800.0,22.194944620132446,1.1019244194030762,41.25,155.36819982528687,0.881109,1200,0.534491442322,1.86264437207e-09,1900.0,0.00907729601022,0.00758648477495,2.5825,2331.453500509262,1053.99280187,2.58461,1200,971.583333333,210.887262536,0.0949901714249,62.93895864486694,0.0,-0.009077292867,24.758195877075195,0.0,1.226456642150879
0.864335,38.46399211883545,-1.45519152284e-09,12.7584,0.13250231742858887,12.7272,3000.0,23.408740043640137,1.128366470336914,38.0833333333,147.55220413208008,0.863292,1200,0.537276007986,-3.72528874415e-09,1700.0,0.00869014899945,0.00666381418705,2.54619,2482.2243790626526,1079.41210529,2.54374,1200,954.416666667,203.735105113,0.114243800454,52.134689807891846,0.0,-0.00869015045464,24.02167797088623,0.0,1.0817768573760986
0.853887,42.483593463897705,-4.07453626394e-09,12.4522,0.1518235206604004,12.5263,2800.0,22.506981134414673,1.0973682403564453,23.5,155.386869430542,0.856446,1200,0.554190157089,0.0,1700.0,0.0088523250306,0.00678055407479,2.5219,2640.863319158554,1087.20947269,2.52783,1200,1063.25,156.677215957,0.0772924194696,56.809075117111206,0.0,-0.00885232910514,24.118107557296753,0.0,1.1111125946044922
0.843093,48.86233067512512,-2.61934474111e-10,12.1401,0.21490955352783203,12.1682,2600.0,24.906279802322388,1.231477975845337,13.25,157.29879903793335,0.844079,1200,0.547422767449,-8.32667268469e-17,1700.0,0.00843126114341,0.0064709498547,2.49651,2801.193396806717,962.418824138,2.49883,1200,916.583333333,122.267892351,0.0626371057893,50.08933901786804,0.0,-0.00843126140535,24.113213300704956,0.0,1.1656770706176758
0.839496,44.7380096912384,-2.32830643654e-10,12.0368,0.13132572174072266,12.0564,2400.0,23.75314450263977,1.1716630458831787,3.33333333333,151.7929241657257,0.840179,1200,0.579072630345,0.0,1100.0,0.0064267211128,0.00647954363376,2.48797,2956.960374355316,754.778439713,2.48959,1200,413.583333333,49.0464632319,0.0380358324203,51.81374454498291,0.0,-0.00642672134563,23.183324098587036,0.0,1.0893447399139404
0.831879,45.63586449623108,-1.7462298274e-10,11.8191,0.190382719039917,11.8958,2300.0,22.34627342224121,1.1166057586669922,1.5,156.21280074119568,0.83458,1200,0.540739412656,0.0,900.0,0.0144002286834,0.00993212033063,2.46972,3116.2930393218994,670.077602264,2.47618,1200,455.416666667,31.8499084248,0.0168323655894,55.96823048591614,0.0,-0.014400228858,24.096790313720703,0.0,1.0944535732269287
0.825726,37.93158292770386,0.0,11.6452,0.17297863960266113,11.6451,1900.0,23.577020406723022,1.137908697128296,0.416666666667,153.31738901138306,0.825724,1200,0.395058258533,0.0,500.0,0.00743597745895,0.00941621232778,2.45489,3273.3081181049347,365.077151283,2.45488,1200,119.416666667,14.427741411,0.00741003700004,58.47385931015015,0.0,-0.00743597745895,24.734258890151978,0.0,1.229947566986084
0.81876,44.22680711746216,-7.56699591875e-10,11.4493,0.1266040802001953,11.4856,2800.0,23.678447008132935,1.1923153400421143,10.0,159.6652865409851,0.820061,1200,0.584926342324,3.72528874415e-09,1600.0,0.00440674059791,0.00648671155795,2.43793,3435.56915140152,1037.80536336,2.4411,1200,596.833333333,104.16333328,0.0516113039383,57.99707007408142,0.0,-0.00440674135461,24.33522343635559,0.0,1.178152084350586
0.807521,35.384990215301514,-1.62981450558e-09,11.1356,0.20416688919067383,11.179,2800.0,23.3998544216156,1.1865456104278564,10.9166666667,165.1371567249298,0.809095,1200,0.592283151848,0.0,1600.0,0.00363155337982,0.00768339633942,2.41015,3603.8372950553894,1094.15873315,2.41403,1200,630.0,107.962152576,0.0476280968643,68.84074568748474,0.0,-0.00363155500963,27.9127254486084,0.0,1.5028913021087646
0.793189,35.846532106399536,4.65661287308e-10,10.7417,0.14246106147766113,10.7808,2900.0,22.633578538894653,1.1857120990753174,15.4166666667,140.97419834136963,0.79463,1200,0.592294309075,3.72528874415e-09,1400.0,0.00489132944494,0.00641556922346,2.37414,3748.4253890514374,1050.78578732,2.37777,1200,602.75,124.782449576,0.0651571618879,53.35431718826294,0.0,-0.00489132897928,22.266220092773438,0.0,1.0248236656188965
0.784572,42.088117837905884,2.79396772385e-09,10.5055,0.13454008102416992,10.5224,2900.0,22.841898441314697,1.1107592582702637,14.3333333333,154.13054370880127,0.785245,1200,0.590607690243,-2.98023099532e-08,1700.0,0.00333777535707,0.00670314999297,2.3519,3905.318258523941,1124.23098408,2.3535,1200,647.833333333,131.191547831,0.0557529022341,57.58383870124817,0.0,-0.0033377725631,24.529828548431396,0.0,1.183985710144043
0.766164,35.1120343208313,-2.32830643654e-10,10.012,0.1704695224761963,10.0333,2800.0,23.916643619537354,1.1959598064422607,10.4166666667,155.86148810386658,0.767031,1200,0.554497949825,0.0,1900.0,0.00563720869832,0.00734604243189,2.30378,4064.3002309799194,950.831858018,2.30591,1200,537.666666667,110.603615322,0.0425978943368,64.64692330360413,0.0,-0.00563720893115,24.01547074317932,0.0,1.1246402263641357
0.762553,31.056790590286255,4.65661287308e-10,9.91042,0.13828420639038086,9.88135,2800.0,22.883079528808594,1.1093580722808838,5.75,149.48056316375732,0.761496,1200,0.562741089356,0.0,1400.0,0.00615997100249,0.00844979286194,2.29359,4216.533573627472,927.862504032,2.29065,1200,524.416666667,79.9495934949,0.0290345695524,61.97190046310425,0.0,-0.00615997053683,24.110711812973022,0.0,1.1657843589782715
0.753624,31.18268060684204,-2.32830643654e-10,9.68284,0.1292264461517334,9.68207,2600.0,22.95179772377014,1.1573350429534912,4.16666666667,147.3913130760193,0.753594,1200,0.601565638747,0.0,1200.0,0.00534917670302,0.0070298477076,2.27036,4366.667238235474,920.163013939,2.27028,1200,525.166666667,62.3108248131,0.0272265540427,60.1219687461853,0.0,-0.00534917693585,23.612982749938965,0.0,1.1061334609985352
0.745092,38.20759391784668,1.39698386192e-09,9.46094,0.4590749740600586,9.46104,2600.0,23.177015781402588,1.1235995292663574,1.41666666667,154.76998019218445,0.745095,1200,0.607485843217,0.0,800.0,0.00780206220224,0.00922693964094,2.24717,4524.445566892624,842.436792881,2.24718,1200,475.5,29.5464558882,0.0112695374729,59.04220485687256,0.0,-0.00780206080526,24.464595556259155,0.0,1.1656744480133057
0.73531,37.653385162353516,-1.86264514923e-09,9.21966,0.13154840469360352,9.23217,2600.0,25.06002688407898,1.2773196697235107,1.33333333333,160.03360605239868,0.735843,1200,0.626177019243,0.0,1600.0,0.00362539384514,0.00416219653562,2.22134,4686.7928194999695,942.828354238,2.22269,1200,538.833333333,46.1687725151,0.00805924104601,63.50693964958191,0.0,-0.00362539570779,24.598974466323853,0.0,1.1985602378845215
0.7249,37.94224810600281,5.82076609135e-11,8.96981,0.19134950637817383,8.96981,600.0,22.86408567428589,1.1869986057281494,0.0,146.74935603141785,0.7249,1200,0.012658031065,0.0,0.0,0.00234249193454,0.00521117262542,2.19386,4836.544278144836,24.474476501,2.19386,1200,1.0,0.0,1,53.051798582077026,0.0,-0.00234249187633,23.54768681526184,0.0,1.1296682357788086
0.731726,41.062066078186035,-9.31322574615e-10,9.1389,0.14574790000915527,9.12999,2800.0,23.47678279876709,1.1949779987335205,24.6666666667,158.99307799339294,0.731369,1200,0.578368218327,0.0,1900.0,0.00420799199492,0.00858344510198,2.21254,4998.860975027084,1094.19071756,2.21156,1200,630.083333333,176.186138943,0.0747741574048,60.94775390625,0.0,-0.00420799292624,25.042510747909546,0.0,1.2288239002227783
0.722958,43.31948709487915,8.14907252789e-10,8.90696,0.1704120635986328,8.94873,2900.0,24.204611778259277,1.305849313735962,14.0,149.9247739315033,0.724645,1200,0.56435086038,7.4505774883e-09,2000.0,0.0024135740241,0.00888934265822,2.18683,5151.403964519501,1144.46052308,2.19151,1200,659.666666667,131.861037965,0.0473993035914,48.656388998031616,0.0,-0.0024135732092,23.542095184326172,0.0,1.073725700378418
0.709671,43.30205464363098,-2.67027644441e-09,8.56595,0.27303361892700195,8.59037,3000.0,22.150508880615234,1.1042556762695312,9.91666666667,158.93872451782227,0.710662,1200,0.57935265932,0.0,1800.0,0.00374223374092,0.00953671336174,2.14779,5312.861494541168,1118.18401574,2.15064,1200,644.416666667,114.20738325,0.0357994819274,62.414544343948364,0.0,-0.0037422364112,23.15363359451294,0.0,1.0303945541381836
0.691585,45.507259130477905,-1.22236087918e-09,8.12233,0.18848371505737305,8.13972,2900.0,22.9253671169281,1.1112220287322998,8.08333333333,150.51815748214722,0.692308,1200,0.571250408364,0.0,2100.0,0.00335125875426,0.00979303661734,2.09462,5466.33994269371,1113.58518858,2.09676,1200,641.166666667,103.16488286,0.0282221395929,51.674489974975586,0.0,-0.00335125997663,23.291517972946167,0.0,1.0536410808563232
0.677668,45.567912340164185,1.39698386192e-09,7.79248,0.15282058715820312,7.81716,2900.0,21.132324695587158,1.0092182159423828,12.8333333333,166.91075253486633,0.67882,1200,0.574496147027,0.0,1900.0,0.00203028833494,0.00855059083551,2.05316,5636.205376148224,1139.86781641,2.05632,1200,657.166666667,131.600299729,0.0531585840149,69.94918990135193,0.0,-0.00203028693795,22.765920877456665,0.0,1.0520706176757812
0.673878,38.512582778930664,-8.14907252789e-10,7.68243,0.11982488632202148,7.6905,2900.0,22.006369829177856,1.0754406452178955,16.0833333333,141.56596684455872,0.674333,1200,0.567545614319,7.4505774883e-09,2000.0,0.00184866809286,0.00814931932837,2.03894,5780.898205280304,1154.02840327,2.03999,1200,665.333333333,158.796493629,0.0619958583232,49.39564228057861,0.0,-0.00184866890777,24.34755039215088,0.0,1.1366195678710938
0.658045,42.35790276527405,9.31322574615e-10,7.30011,0.13088154792785645,7.31373,3000.0,21.785123586654663,1.0560286045074463,16.9166666667,165.4479639530182,0.658706,1200,0.573881406074,7.4505774883e-09,2100.0,0.000797163811512,0.00197117752396,1.98789,5949.079157590866,1150.18737604,1.98975,1200,663.0,163.111903476,0.0769756900046,70.95909237861633,0.0,-0.00079716288019,22.56111478805542,0.0,1.0521619319915771
0.653359,43.73502826690674,1.16415321827e-09,7.18702,0.13273191452026367,7.17974,3100.0,23.117119550704956,1.155355453491211,9.08333333333,153.19817733764648,0.653179,1200,0.568158535275,0.0,1600.0,0.00377170112915,0.00704031903297,1.97228,6105.488393545151,1076.72337312,1.97126,1200,616.333333333,108.439659361,0.0360980207629,53.78154730796814,0.0,-0.003771699965,25.053258419036865,0.0,1.2777316570281982
0.644163,44.31303882598877,-6.98491930962e-10,6.98534,0.11201763153076172,6.9792,2700.0,20.29824662208557,0.9881582260131836,2.25,157.52566027641296,0.643789,1200,0.60135512471,0.0,1100.0,0.00281694065779,0.00637998664752,1.94381,6265.709230661392,980.222253709,1.94293,1200,559.0,47.1162127086,0.0141549539732,65.427907705307,0.0,-0.00281694135629,21.038623094558716,0.0,0.9578056335449219
0.634773,46.307368516922,1.16415321827e-09,6.76419,0.11282992362976074,6.76419,1900.0,21.959474086761475,1.063401222229004,0.0,152.0198574066162,0.634773,1200,0.0174033043949,0.0,0.0,0.00205063214526,0.00284901820123,1.91164,6420.431479930878,61.1791540387,1.91164,1200,2.66666666667,0.0,1,54.51617884635925,0.0,-0.0020506309811,22.345659732818604,0.0,1.0276446342468262
0.643657,43.81066036224365,-1.7462298274e-09,6.95216,0.1036078929901123,6.95638,2700.0,20.53240966796875,1.0059566497802734,6.08333333333,160.12144684791565,0.643748,1200,0.579014839599,0.0,1400.0,0.00595953466836,0.00862054526806,1.93905,6583.281969547272,955.507878333,1.93966,1200,547.833333333,81.0637180796,0.0406108286242,66.5708909034729,0.0,-0.00595953641459,21.1493980884552,0.0,0.952261209487915
0.638521,41.88698077201843,4.65661287308e-10,6.8223,0.11159539222717285,6.82163,2700.0,21.435394287109375,1.0469746589660645,2.91666666667,147.07296514511108,0.638561,1200,0.561414294393,0.0,1700.0,0.00525148352608,0.00715363537893,1.9202,6733.025567531586,873.277097426,1.9201,1200,490.666666667,61.3717610596,0.0179492253031,55.3322012424469,0.0,-0.00525148306042,21.544145345687866,0.0,0.9788401126861572
0.635787,47.05564904212952,-2.03726813197e-09,6.75093,0.14555811882019043,6.75093,300.0,20.413827657699585,0.9920392036437988,0.0,162.44431710243225,0.635787,1200,0.00705957667237,0.0,0.0,0.00222508335719,0.00948971975595,1.90968,6898.19523191452,8.65664484659,1.90968,1200,0.25,0.0,1,65.86096382141113,0.0,-0.00222508539446,21.245241403579712,0.0,0.9880578517913818
0.636376,37.76466178894043,1.86264514923e-09,6.7678,0.13736939430236816,6.77503,2900.0,21.834177255630493,1.0434041023254395,4.91666666667,143.03226494789124,0.636703,1200,0.592629676249,0.0,1800.0,0.00257773604244,0.00829626340419,1.91218,7043.890586614609,1152.47114931,1.91324,1200,664.5,81.3479751165,0.0491738741264,53.866743326187134,0.0,-0.00257773417979,22.323123455047607,0.0,1.0249192714691162
0.630302,46.68274450302124,2.32830643654e-10,6.6636,0.13138365745544434,6.64284,2700.0,20.79765748977661,0.988325834274292,2.41666666667,162.4769642353058,0.629317,1200,0.586130167519,0.0,2100.0,0.00266072317027,0.00374598405324,1.89666,7209.054769992828,912.179075986,1.89354,1200,514.0,63.265259468,0.024118900869,67.05648159980774,0.0,-0.00266072293743,21.137025594711304,0.0,0.9822189807891846
0.630225,39.71363592147827,-4.65661287308e-10,6.65668,0.1255042552947998,6.65668,1000.0,21.79668402671814,1.0685746669769287,0.0,139.80597400665283,0.630225,1200,0.0120839214399,0.0,0.0,0.0026573324576,0.0068798167631,1.89562,7351.560893774033,28.855482822,1.89562,1200,0.833333333333,0.0,1,49.56586718559265,0.0,-0.00265733292326,21.71891164779663,0.0,0.9992640018463135
0.632419,47.26188278198242,3.95812094212e-09,6.7006,0.12837624549865723,6.6922,2900.0,20.567033052444458,1.0069448947906494,3.25,161.5357973575592,0.631911,1200,0.604347429215,0.0,1000.0,0.00386624154635,0.00645918352529,1.9022,7515.671197414398,1089.03826073,1.90094,1200,623.0,51.2942898057,0.0409038537141,65.46475982666016,0.0,-0.00386623758823,21.519439220428467,0.0,1.0265028476715088
0.626312,36.89284873008728,-3.25962901115e-09,6.56981,0.1458590030670166,6.56668,2300.0,21.555985689163208,1.0617961883544922,1.66666666667,147.2381751537323,0.626217,1200,0.512057397568,0.0,900.0,0.00447252718732,0.00584374926984,1.88248,7665.577731847763,675.786763706,1.88201,1200,346.5,34.3592135468,0.0340367373373,56.870349168777466,0.0,-0.00447253044695,23.153363943099976,0.0,1.1217830181121826
0.624428,34.703131675720215,2.03726813197e-09,6.5052,0.17820191383361816,6.50907,2800.0,23.73181176185608,1.1864540576934814,1.0,157.3584268093109,0.624585,1200,0.646978824872,0.0,1200.0,0.00565399526386,0.00702558783814,1.8726,7825.671498298645,960.485174708,1.8732,1200,548.75,34.6265793864,0.0215314694037,66.8172459602356,0.0,-0.00565399322659,23.385958194732666,0.0,1.0792622566223145
0.612726,31.59119987487793,0.0,6.28574,0.11566591262817383,6.28574,0.0,22.624961376190186,1.1416542530059814,0.0,145.94224309921265,0.612726,1200,1,0.0,0.0,0.0,0.0,1.83828,7974.138360500336,0.0,1.83828,1200,0.0,0.0,1,60.57233023643494,0.0,0.0,23.332826614379883,0.0,1.0922396183013916
0.612726,27.10391902923584,0.0,6.28574,0.10252761840820312,6.28574,1100.0,21.049910068511963,1.063408613204956,0.0,137.2356152534485,0.612726,1200,0.019591708165,0.0,0.0,0.000406210077927,0.00765909207985,1.83828,8114.555937767029,31.7410311042,1.83828,1200,0.916666666667,0.0,1,56.976218700408936,0.0,-0.000406210077927,23.933851718902588,0.0,1.1352810859680176
0.619966,43.84085702896118,0.0,6.39995,0.23056626319885254,6.39995,0.0,23.347503900527954,1.2289223670959473,0.0,165.12760305404663,0.619966,1200,1,0.0,0.0,0.0,0.0,1.85629,8282.556495428085,0.0,1.85629,1200,0.0,0.0,1,63.485138177871704,0.0,0.0,25.714008569717407,0.0,1.2577142715454102
0.619966,38.03423094749451,0.0,6.39995,0.10375165939331055,6.39995,0.0,23.89883804321289,1.1926348209381104,0.0,160.37739944458008,0.619966,1200,1,0.0,0.0,0.0,0.0,1.85629,8446.047819375992,0.0,1.85629,1200,0.0,0.0,1,65.52663373947144,0.0,0.0,24.541611671447754,0.0,1.2470214366912842
0.619966,40.35732960700989,0.0,6.39995,0.20392155647277832,6.39995,0.0,22.63779306411743,1.084564208984375,0.0,154.07725596427917,0.619966,1200,1,0.0,0.0,0.0,0.0,1.85629,8603.02062344551,0.0,1.85629,1200,0.0,0.0,1,58.517130851745605,0.0,0.0,23.050457000732422,0.0,1.033454179763794
0.619966,32.60019087791443,0.0,6.39995,0.1281909942626953,6.39995,0.0,22.30542802810669,1.1386282444000244,0.0,145.92002248764038,0.619966,1200,1,0.0,0.0,0.0,0.0,1.85629,8752.224082946777,0.0,1.85629,1200,0.0,0.0,1,59.095378160476685,0.0,0.0,23.052295684814453,0.0,1.062375545501709
0.619966,42.81321620941162,0.0,6.39995,0.14719772338867188,6.39995,0.0,22.383673429489136,1.1275410652160645,0.0,158.37720847129822,0.619966,1200,1,0.0,0.0,0.0,0.0,1.85629,8913.414077758789,0.0,1.85629,1200,0.0,0.0,1,60.919294118881226,0.0,0.0,24.0439236164093,0.0,1.2137291431427002
0.619966,34.65532374382019,-2.32830643654e-09,6.39995,0.11771297454833984,6.41773,2900.0,23.203595399856567,1.1405165195465088,0.5,152.31886076927185,0.621035,1200,0.637079264267,0.0,600.0,0.00430665072054,0.00635912641883,1.85629,9069.207644462585,1090.56636343,1.85906,1200,626.583333333,17.3132896932,0.0178953924832,62.61044120788574,0.0,-0.00430665304884,23.59829568862915,0.0,1.1647331714630127
0.612944,46.79220962524414,0.0,6.27805,0.1277914047241211,6.27805,0.0,22.914180994033813,1.1423840522766113,0.0,158.4650468826294,0.612944,1200,1,0.0,0.0,0.0,0.0,1.83706,9231.255734920502,0.0,1.83706,1200,0.0,0.0,1,56.67129969596863,0.0,0.0,23.485260248184204,0.0,1.0955116748809814
0.612944,38.86736536026001,0.0,6.27805,0.12389969825744629,6.27805,0.0,23.006169319152832,1.1133928298950195,0.0,150.78893184661865,0.612944,1200,1,0.0,0.0,0.0,0.0,1.83706,9385.301032304764,0.0,1.83706,1200,0.0,0.0,1,57.70023775100708,0.0,0.0,23.391003370285034,0.0,1.1496226787567139
0.612944,45.1987419128418,0.0,6.27805,0.18678569793701172,6.27805,0.0,22.937455892562866,1.1077160835266113,0.0,156.6194179058075,0.612944,1200,1,0.0,0.0,0.0,0.0,1.83706,9545.554786682129,0.0,1.83706,1200,0.0,0.0,1,56.02480340003967,0.0,0.0,23.737674474716187,0.0,1.0949161052703857
0.612944,32.63538122177124,0.0,6.27805,0.12011480331420898,6.27805,0.0,22.073745250701904,1.0837934017181396,0.0,152.868008852005,0.612944,1200,1,0.0,0.0,0.0,0.0,1.83706,9701.702357769012,0.0,1.83706,1200,0.0,0.0,1,67.46831846237183,0.0,0.0,22.50679302215576,0.0,1.0646624565124512
0.612944,44.69269776344299,0.0,6.27805,0.17772865295410156,6.27805,0.0,22.204148530960083,1.117720127105713,0.0,153.91104698181152,0.612944,1200,1,0.0,0.0,0.0,0.0,1.83706,9858.081900119781,0.0,1.83706,1200,0.0,0.0,1,53.933265924453735,0.0,0.0,23.70943570137024,0.0,1.049858808517456
0.612944,33.639872550964355,0.0,6.27805,0.12788701057434082,6.27805,0.0,21.431262254714966,1.0338964462280273,0.0,147.23810410499573,0.612944,1200,1,0.0,0.0,0.0,0.0,1.83706,10008.65320944786,0.0,1.83706,1200,0.0,0.0,1,63.85645270347595,0.0,0.0,21.250848054885864,0.0,0.9752576351165771
0.612944,49.46326041221619,0.0,6.27805,0.13431334495544434,6.27805,0.0,21.266566038131714,1.067194938659668,0.0,155.57251262664795,0.612944,1200,1,0.0,0.0,0.0,0.0,1.83706,10166.943167209625,0.0,1.83706,1200,0.0,0.0,1,54.635212898254395,0.0,0.0,22.07712149620056,0.0,0.9915585517883301
0.612944,39.43862509727478,0.0,6.27805,0.13805365562438965,6.27805,0.0,21.826791286468506,1.0688292980194092,0.0,156.49764370918274,0.612944,1200,1,0.0,0.0,0.0,0.0,1.83706,10326.883939743042,0.0,1.83706,1200,0.0,0.0,1,64.57610368728638,0.0,0.0,21.628026962280273,0.0,0.9906213283538818
0.612944,43.72182011604309,0.0,6.27805,0.15720248222351074,6.27805,0.0,21.778855562210083,1.0718491077423096,0.0,148.97665309906006,0.612944,1200,1,0.0,0.0,0.0,0.0,1.83706,10478.587890625,0.0,1.83706,1200,0.0,0.0,1,53.195706605911255,0.0,0.0,22.438905715942383,0.0,1.0030603408813477
0.612944,44.05573582649231,0.0,6.27805,0.10887026786804199,6.27805,0.0,21.24564480781555,1.0318999290466309,0.0,158.1502480506897,0.612944,1200,1,0.0,0.0,0.0,0.0,1.83706,10639.583534955978,0.0,1.83706,1200,0.0,0.0,1,65.29127192497253,0.0,0.0,20.82948923110962,0.0,0.9674394130706787
0.612944,44.57226252555847,0.0,6.27805,0.14826345443725586,6.27805,0.0,21.048479795455933,1.0466034412384033,0.0,142.3328971862793,0.612944,1200,1,0.0,0.0,0.0,0.0,1.83706,10784.620785951614,0.0,1.83706,1200,0.0,0.0,1,48.29341149330139,0.0,0.0,21.528274536132812,0.0,0.9637689590454102
0.612944,42.15304756164551,0.0,6.27805,0.11753129959106445,6.27805,0.0,20.561342477798462,1.0019803047180176,0.0,149.44293427467346,0.612944,1200,1,0.0,0.0,0.0,0.0,1.83706,10937.003947257996,0.0,1.83706,1200,0.0,0.0,1,58.96366500854492,0.0,0.0,19.804866313934326,0.0,0.8977899551391602
0.612944,46.988648414611816,0.0,6.27805,0.11524415016174316,6.27805,0.0,19.776063442230225,0.9110007286071777,0.0,146.48084235191345,0.612944,1200,1,0.0,0.0,0.0,0.0,1.83706,11086.261956214905,0.0,1.83706,1200,0.0,0.0,1,52.29655075073242,0.0,0.0,20.584315061569214,0.0,0.9534788131713867
0.612944,38.38788652420044,0.0,6.27805,0.10700488090515137,6.27805,0.0,19.60761547088623,0.9434068202972412,0.0,148.83596897125244,0.612944,1200,1,0.0,0.0,0.0,0.0,1.83706,11237.328312635422,0.0,1.83706,1200,0.0,0.0,1,62.32565379142761,0.0,0.0,20.27355694770813,0.0,0.9400184154510498
0.612944,43.24911904335022,0.0,6.27805,0.10428118705749512,6.27805,0.0,19.790189504623413,0.9341039657592773,0.0,142.8968825340271,0.612944,1200,1,0.0,0.0,0.0,0.0,1.83706,11382.909230709076,0.0,1.83706,1200,0.0,0.0,1,52.99581551551819,0.0,0.0,20.386180877685547,0.0,0.9318299293518066
0.612944,42.03924798965454,0.0,6.27805,0.10313105583190918,6.27805,0.0,19.659117698669434,0.9652185440063477,0.0,149.43388175964355,0.612944,1200,1,0.0,0.0,0.0,0.0,1.83706,11535.015706777573,0.0,1.83706,1200,0.0,0.0,1,61.51051139831543,0.0,0.0,19.8933367729187,0.0,0.9211771488189697
0.612944,40.80710434913635,0.0,6.27805,0.09357714653015137,6.27805,0.0,19.801937103271484,0.9445829391479492,0.0,141.9653537273407,0.612944,1200,1,0.0,0.0,0.0,0.0,1.83706,11679.67926645279,0.0,1.83706,1200,0.0,0.0,1,54.42879915237427,0.0,0.0,20.552432775497437,0.0,0.919680118560791
0.612944,42.13128662109375,0.0,6.27805,0.09946513175964355,6.27805,0.0,19.32754397392273,0.9371356964111328,0.0,148.62179040908813,0.612944,1200,1,0.0,0.0,0.0,0.0,1.83706,11830.556192159653,0.0,1.83706,1200,0.0,0.0,1,60.41920518875122,0.0,0.0,20.211048364639282,0.0,0.9530608654022217
0.612944,40.00186634063721,0.0,6.27805,0.11132168769836426,6.27805,0.0,19.781534671783447,0.9235248565673828,0.0,145.324223279953,0.612944,1200,1,0.0,0.0,0.0,0.0,1.83706,11978.687779188156,0.0,1.83706,1200,0.0,0.0,1,56.48220777511597,0.0,0.0,20.218523502349854,0.0,0.9198582172393799
0.612944,37.72919774055481,0.0,6.27805,0.10831665992736816,6.27805,0.0,19.330764532089233,0.9311385154724121,0.0,146.83108949661255,0.612944,1200,1,0.0,0.0,0.0,0.0,1.83706,12128.108950853348,0.0,1.83706,1200,0.0,0.0,1,61.11957597732544,0.0,0.0,20.2047336101532,0.0,0.9026768207550049
0.612944,36.23506021499634,0.0,6.27805,0.09218096733093262,6.27805,0.0,19.98499822616577,0.9539589881896973,0.0,141.5946762561798,0.612944,1200,1,0.0,0.0,0.0,0.0,1.83706,12272.249528169632,0.0,1.83706,1200,0.0,0.0,1,58.87474203109741,0.0,0.0,20.049667358398438,0.0,0.924095869064331
0.612944,37.512150049209595,0.0,6.27805,0.13313078880310059,6.27805,0.0,19.609450340270996,0.943023681640625,0.0,146.3223168849945,0.612944,1200,1,0.0,0.0,0.0,0.0,1.83706,12420.822255134583,0.0,1.83706,1200,0.0,0.0,1,61.8216278553009,0.0,0.0,19.973077058792114,0.0,0.9269351959228516
0.612944,33.69406270980835,0.0,6.27805,0.09545445442199707,6.27805,0.0,18.77819514274597,0.8897132873535156,0.0,132.29325652122498,0.612944,1200,1,0.0,0.0,0.0,0.0,1.83706,12555.239739656448,0.0,1.83706,1200,0.0,0.0,1,52.523088693618774,0.0,0.0,19.463781356811523,0.0,0.8775699138641357
0.612944,36.8814959526062,0.0,6.27805,0.11313128471374512,6.27805,0.0,18.73824143409729,0.9170351028442383,0.0,139.466539144516,0.612944,1200,1,0.0,0.0,0.0,0.0,1.83706,12697.47503900528,0.0,1.83706,1200,0.0,0.0,1,57.11405086517334,0.0,0.0,19.315655946731567,0.0,0.8745131492614746
0.612944,38.02444052696228,0.0,6.27805,0.10766029357910156,6.27805,0.0,19.19694185256958,0.8717236518859863,0.0,133.69427371025085,0.612944,1200,1,0.0,0.0,0.0,0.0,1.83706,12833.61407327652,0.0,1.83706,1200,0.0,0.0,1,50.14871048927307,0.0,0.0,19.454758882522583,0.0,0.8468964099884033
0.612944,39.14290690422058,0.0,6.27805,0.10339927673339844,6.27805,0.0,18.689885139465332,0.9001748561859131,0.0,137.07819175720215,0.612944,1200,1,0.0,0.0,0.0,0.0,1.83706,12972.739625692368,0.0,1.83706,1200,0.0,0.0,1,53.40640139579773,0.0,0.0,19.675163507461548,0.0,0.8795180320739746
0.612944,38.43604254722595,0.0,6.27805,0.1030876636505127,6.27805,0.0,18.866196632385254,0.8801536560058594,0.0,133.054443359375,0.612944,1200,1,0.0,0.0,0.0,0.0,1.83706,13108.61535692215,0.0,1.83706,1200,0.0,0.0,1,49.956400632858276,0.0,0.0,19.41673445701599,0.0,0.8661096096038818
0.612944,40.76693296432495,0.0,6.27805,0.0983116626739502,6.27805,0.0,19.183393716812134,0.8896191120147705,0.0,141.83500719070435,0.612944,1200,1,0.0,0.0,0.0,0.0,1.83706,13253.130808353424,0.0,1.83706,1200,0.0,0.0,1,56.498247146606445,0.0,0.0,19.17073130607605,0.0,0.8550841808319092
0.612944,32.74769306182861,0.0,6.27805,0.10120224952697754,6.27805,0.0,18.899161338806152,0.8769803047180176,0.0,129.5881974697113,0.612944,1200,1,0.0,0.0,0.0,0.0,1.83706,13384.887953281403,0.0,1.83706,1200,0.0,0.0,1,51.77396368980408,0.0,0.0,19.559314966201782,0.0,0.888840913772583
0.612944,40.12701678276062,0.0,6.27805,0.1061563491821289,6.27805,0.0,18.843116521835327,0.8828506469726562,0.0,139.88797330856323,0.612944,1200,1,0.0,0.0,0.0,0.0,1.83706,13527.582480669022,0.0,1.83706,1200,0.0,0.0,1,55.475635051727295,0.0,0.0,19.323017835617065,0.0,0.8599352836608887
0.612944,33.12973976135254,0.0,6.27805,0.10563039779663086,6.27805,0.0,19.015923023223877,0.9005630016326904,0.0,132.07163667678833,0.612944,1200,1,0.0,0.0,0.0,0.0,1.83706,13662.628999948502,0.0,1.83706,1200,0.0,0.0,1,52.18683481216431,0.0,0.0,19.257479667663574,0.0,0.8803539276123047
0.612944,37.093085050582886,0.0,6.27805,0.10688996315002441,6.27805,0.0,18.890364408493042,0.8913938999176025,0.0,137.78810477256775,0.612944,1200,1,0.0,0.0,0.0,0.0,1.83706,13802.934185028076,0.0,1.83706,1200,0.0,0.0,1,55.890209436416626,0.0,0.0,19.48767328262329,0.0,0.8820769786834717
0.612944,34.32270359992981,0.0,6.27805,0.09837460517883301,6.27805,0.0,18.832492113113403,0.8791673183441162,0.0,133.83940505981445,0.612944,1200,1,0.0,0.0,0.0,0.0,1.83706,13938.826093435287,0.0,1.83706,1200,0.0,0.0,1,53.94294834136963,0.0,0.0,19.530161142349243,0.0,0.847100019454956
0.612944,39.86842107772827,0.0,6.27805,0.14302587509155273,6.27805,0.0,19.032530546188354,0.905832052230835,0.0,136.96211910247803,0.612944,1200,1,0.0,0.0,0.0,0.0,1.83706,14078.557589530945,0.0,1.83706,1200,0.0,0.0,1,52.34997797012329,0.0,0.0,19.38359808921814,0.0,0.8944635391235352
0.612944,34.49667930603027,0.0,6.27805,0.10917878150939941,6.27805,0.0,19.105939388275146,0.9139153957366943,0.0,131.6476447582245,0.612944,1200,1,0.0,0.0,0.0,0.0,1.83706,14212.875876188278,0.0,1.83706,1200,0.0,0.0,1,52.38620734214783,0.0,0.0,19.220138788223267,0.0,0.8514614105224609
0.612944,45.600956201553345,0.0,6.27805,0.10736680030822754,6.27805,0.0,18.927714109420776,0.904475212097168,0.0,140.83067989349365,0.612944,1200,1,0.0,0.0,0.0,0.0,1.83706,14356.116691589355,0.0,1.83706,1200,0.0,0.0,1,50.235294818878174,0.0,0.0,19.879415273666382,0.0,0.8888156414031982
0.612944,34.73782300949097,0.0,6.27805,0.11288928985595703,6.27805,0.0,18.76656198501587,0.8931229114532471,0.0,138.57442665100098,0.612944,1200,1,0.0,0.0,0.0,0.0,1.83706,14497.489203214645,0.0,1.83706,1200,0.0,0.0,1,59.512062072753906,0.0,0.0,19.321024179458618,0.0,0.8743774890899658
0.612944,37.14962959289551,0.0,6.27805,0.11262273788452148,6.27805,0.0,19.13750910758972,0.912717342376709,0.0,132.45471835136414,0.612944,1200,1,0.0,0.0,0.0,0.0,1.83706,14632.587924480438,0.0,1.83706,1200,0.0,0.0,1,50.25171899795532,0.0,0.0,19.382781267166138,0.0,0.8720953464508057
0.612944,35.009350061416626,0.0,6.27805,0.09111547470092773,6.27805,0.0,18.68178153038025,0.8993289470672607,0.0,137.87787890434265,0.612944,1200,1,0.0,0.0,0.0,0.0,1.83706,14772.977272033691,0.0,1.83706,1200,0.0,0.0,1,58.438172340393066,0.0,0.0,19.463242530822754,0.0,0.8846249580383301
0.612944,37.04545331001282,0.0,6.27805,0.09306669235229492,6.27805,0.0,19.172932386398315,0.9012761116027832,0.0,133.1104872226715,0.612944,1200,1,0.0,0.0,0.0,0.0,1.83706,14908.804480552673,0.0,1.83706,1200,0.0,0.0,1,50.87141752243042,0.0,0.0,19.513377904891968,0.0,0.8828582763671875
0.612944,35.17136859893799,0.0,6.27805,0.10488176345825195,6.27805,0.0,18.88867473602295,0.8799400329589844,0.0,138.6026599407196,0.612944,1200,1,0.0,0.0,0.0,0.0,1.83706,15050.013401269913,0.0,1.83706,1200,0.0,0.0,1,59.10640597343445,0.0,0.0,19.337587356567383,0.0,0.8461370468139648
0.612944,37.23196458816528,0.0,6.27805,0.09872865676879883,6.27805,0.0,19.035125494003296,0.9031984806060791,0.0,133.2587866783142,0.612944,1200,1,0.0,0.0,0.0,0.0,1.83706,15185.735739707947,0.0,1.83706,1200,0.0,0.0,1,50.412527561187744,0.0,0.0,19.476134538650513,0.0,0.8738467693328857
