0ExplainedVariance,0Entropy,ComputeUpdatedDistTime,LossBefore,Time,0StdReturn,dLoss,1AveragePolicyStd,1PolicyExecTime,MeanKLBefore,1ProcessExecTime,1Perplexity,0NumTrajs,1StdReturn,MeanKL,1EnvExecTime,0MaxReturn,0EnvExecTime,0Perplexity,0AveragePolicyStd,1Entropy,1NumTrajs,0PolicyExecTime,LossAfter,1ExplainedVariance,1AverageReturn,1MaxReturn,1MinReturn,0AverageReturn,0ProcessExecTime,ItrTime,0MinReturn
0.0421374962451,2.83788,5.695549249649048,-1.16415592444e-11,168.6959936618805,492.952774107,0.00209146876587,0.998906,41.52268958091736,6.09652373029e-09,1.4008276462554932,17.0414,400,514.555086944,0.0087645528838,42.153069496154785,6300.0,48.603222370147705,17.0795,1.0,2.83565,400,14.89258885383606,-0.00209146877751,0.0770611980716,131.75,5500.0,0.0,104.75,1.6489529609680176,168.69599652290344,0.0
0.0820951614995,2.83205,0.37248754501342773,1.51339912824e-10,324.88129711151123,549.921812624,0.00177754616598,0.997165,40.82998013496399,4.33646762943e-09,1.2965302467346191,16.9817,400,1286.22448954,0.00621623918414,41.75438451766968,3800.0,45.80874562263489,16.9803,0.997097,2.83214,400,12.282297372817993,-0.00177754601464,0.0954476966053,318.75,13000.0,0.0,156.0,1.4793622493743896,155.34460473060608,0.0
0.0546904107031,2.83651,0.40418386459350586,5.82076609135e-10,481.7893154621124,882.577900245,0.00277774280403,0.998577,42.09937047958374,-2.50293030746e-09,1.4178123474121094,17.0297,400,1191.28827326,0.0077333371155,42.17253017425537,8600.0,48.54349064826965,17.0561,0.999321,2.83496,400,11.27550458908081,-0.00277774222195,0.0673159615552,461.5,8600.0,0.0,347.5,1.495190143585205,156.90206265449524,0.0
0.051630560273,2.81711,0.3425624370574951,-1.28056870663e-10,643.7656934261322,950.915217041,0.00246977839852,0.989721,41.660120725631714,3.80678066847e-09,1.3401033878326416,16.7282,400,1112.16542722,0.00899451412261,42.3626823425293,6800.0,48.359089612960815,16.7285,0.989693,2.8171,400,13.367270946502686,-0.00246977852657,0.0694604027786,561.75,6200.0,0.0,410.5,1.5154838562011719,161.3188714981079,0.0
0.054397148558,2.81302,0.3847236633300781,6.11180273058e-11,796.7249493598938,1233.6220805,0.00261080829951,0.988166,40.19532632827759,-6.51929343842e-10,1.3133854866027832,16.6762,400,1677.05426269,0.00643381429836,41.58110594749451,7700.0,45.384177923202515,16.6601,0.987647,2.81399,400,11.717275381088257,-0.00261080823839,0.0896170371344,1033.0,11100.0,0.0,681.25,1.4357142448425293,152.95484137535095,0.0
0.0485542488316,2.82178,0.8133800029754639,1.14232581727e-10,957.0883138179779,1320.12212977,0.00238178774962,0.9917,40.32136130332947,-2.17696527471e-09,1.2664458751678467,16.7961,400,1842.81562765,0.00680992938578,41.56966018676758,11300.0,48.36727499961853,16.8067,0.991987,2.82115,400,12.548558473587036,-0.00238178763539,0.0704662228885,970.75,12700.0,0.0,655.25,1.54852294921875,159.66715574264526,0.0
0.053144773714,2.8198,0.42603015899658203,9.42236511037e-10,1117.6797261238098,1841.98093095,0.00236152765501,0.98955,40.4821081161499,-8.84757878072e-10,1.316265344619751,16.722,400,2481.63373607,0.00676771486178,41.63144016265869,12000.0,48.581010580062866,16.7735,0.991047,2.81673,400,13.865804433822632,-0.00236152671278,0.0922936695445,1412.0,19700.0,0.0,927.5,1.5309019088745117,160.5866334438324,0.0
0.0212830977885,2.82251,0.3247818946838379,-8.90577167567e-10,1275.7914488315582,1221.22469268,0.00242110369145,0.992693,40.990753412246704,2.07220796078e-09,1.296245813369751,16.8267,400,2105.96717686,0.0065118749626,42.1638298034668,12100.0,46.78979420661926,16.8189,0.992424,2.82297,400,11.853251695632935,-0.00242110458203,0.0588109782077,1251.5,20000.0,0.0,535.5,1.4705770015716553,157.40201258659363,0.0
0.0339512357824,2.79056,0.4692962169647217,2.5465830833e-11,1431.2843222618103,2076.53255151,0.00368359710774,0.977482,40.54496097564697,-7.4505814851e-09,1.3955330848693848,16.3153,400,3237.20461973,0.00990652199835,42.05181050300598,15000.0,45.87889504432678,16.2902,0.976727,2.7921,400,13.979653120040894,-0.00368359708227,0.076974628362,1917.5,22900.0,0.0,1037.25,1.3903303146362305,155.4885184764862,0.0
0.0352783901815,2.78825,0.48740148544311523,-2.88127965931e-10,1585.380662202835,2142.11972996,0.00254115619755,0.973587,40.45776653289795,1.97906202537e-09,1.2921321392059326,16.1738,400,3373.47858301,0.00660541234538,41.40693497657776,12700.0,47.02449870109558,16.2525,0.975897,2.78339,400,13.213430881500244,-0.00254115648568,0.0781457409293,2268.5,16700.0,0.0,1271.75,1.443446397781372,153.48844361305237,0.0
0.0427302843134,2.77076,0.3441312313079834,9.60426738139e-11,1739.852026462555,2202.10802414,0.00315253027075,0.968408,40.504342555999756,1.18743870292e-09,1.3227620124816895,16.0039,400,3526.11612649,0.00934496428818,41.75238609313965,12900.0,46.95099472999573,15.9708,0.967407,2.77283,400,13.717766284942627,-0.0031525301747,0.135444506451,2352.25,17300.0,0.0,1270.5,1.5086116790771484,154.46697163581848,0.0
0.0438265105539,2.7962,0.778623104095459,1.74623371318e-11,1897.4120898246765,2070.71479205,0.00272140816669,0.978331,40.73997616767883,1.22818022419e-09,1.2675719261169434,16.3366,400,3085.57206001,0.00654761167243,42.30355477333069,14700.0,46.78120446205139,16.3822,0.979655,2.79341,400,15.555335998535156,-0.00272140814923,0.123052950795,2040.25,15800.0,0.0,1084.5,1.3925304412841797,156.92100596427917,0.0
0.0524176975878,2.79709,0.3413400650024414,2.24099516721e-10,2050.603721857071,2378.29161374,0.00340796563833,0.979966,40.00852870941162,3.49245798947e-10,1.324913501739502,16.3919,400,4390.06029998,0.00985292065889,42.054126024246216,16000.0,46.08180356025696,16.3968,0.980145,2.79679,400,13.661445379257202,-0.00340796541423,0.170668945383,3069.25,23200.0,0.0,1123.0,1.4241063594818115,153.1870322227478,0.0
0.0707686894664,2.76615,0.3518073558807373,-1.80443771036e-10,2208.2794137001038,2553.02907103,0.0029765612504,0.964475,40.71201133728027,6.42612052459e-09,1.3021876811981201,15.8777,400,4652.66321584,0.00651022233069,41.98676061630249,19900.0,46.742613315582275,15.8973,0.964997,2.76492,400,13.755047798156738,-0.00297656143084,0.234302396485,4075.0,23400.0,0.0,1322.75,1.4177169799804688,156.8235900402069,0.0
0.0464289621905,2.75364,0.32889699935913086,-5.96628524363e-10,2366.232930660248,2754.04510448,0.00339733283909,0.958772,40.92002868652344,7.45057127105e-10,1.260223388671875,15.6831,400,6909.6005628,0.00658722920343,42.00597286224365,16900.0,47.131248474121094,15.6997,0.959221,2.75259,400,15.490679502487183,-0.00339733343571,0.295567963682,4890.25,32000.0,0.0,1496.75,1.4214811325073242,157.9445436000824,0.0
0.0871308995198,2.74139,0.3372457027435303,-2.44472220245e-10,2521.070484161377,4005.22895725,0.00407595069846,0.953188,40.40845823287964,-9.31333621335e-11,1.2567329406738281,15.5085,400,4289.89043421,0.00933427736163,41.908735275268555,20200.0,45.6801552772522,15.5085,0.953158,2.74139,400,13.676507949829102,-0.00407595094293,0.19356174865,3217.75,21000.0,0.0,2379.0,1.4328856468200684,154.11719608306885,0.0
0.0369706560966,2.73454,0.359588623046875,5.58793566974e-10,2673.8915379047394,4619.99772727,0.00345526970923,0.949533,40.56261229515076,4.6565587497e-10,1.242257833480835,15.3926,400,4233.95606968,0.007034487091,41.4878249168396,26100.0,45.8268826007843,15.4026,0.949843,2.73388,400,13.779703617095947,-0.00345526915044,0.0907295673603,2554.0,22500.0,0.0,1839.0,1.4232444763183594,152.81648993492126,0.0
0.0271456227129,2.74991,0.44063544273376465,-5.8862498209e-10,2833.2959423065186,3892.41249099,0.00356838513908,0.957048,41.55109167098999,-1.30385435781e-09,1.2725317478179932,15.6393,400,4768.60592181,0.00906121172011,41.884106159210205,22900.0,48.011940002441406,15.6413,0.957082,2.74979,400,16.04634952545166,-0.0035683857277,0.100973594933,3095.25,22900.0,0.0,1995.0,1.4597346782684326,158.7418234348297,0.0
0.0302486108923,2.78257,0.3409156799316406,-4.43833025887e-11,2990.0283410549164,2768.13826199,0.00382302161524,0.974697,40.78325963020325,-7.54371320966e-09,1.3015458583831787,16.216,400,4874.08862635,0.00681791082025,41.68887686729431,20100.0,45.87539792060852,16.1605,0.973015,2.786,400,13.725160598754883,-0.00382302165963,0.223462097123,4329.75,25200.0,0.0,1290.75,1.5063896179199219,156.72437977790833,0.0
0.0374193910105,2.77472,0.36825037002563477,-1.2747477518e-09,3146.233186006546,2781.0950631,0.00338425359805,0.970169,41.170872926712036,3.72529385118e-09,1.3244030475616455,16.0728,400,6566.0395169,0.00654151616618,42.1039400100708,16900.0,46.544129371643066,16.0342,0.968984,2.77713,400,12.824504137039185,-0.0033842548728,0.240931487475,4912.25,35500.0,0.0,1385.5,1.4357662200927734,155.2937662601471,0.0
0.0195161068377,2.76446,0.392505407333374,-7.82893083695e-10,3304.8787484169006,3589.5472904,0.00303343698324,0.962388,40.60745978355408,-3.25962279391e-09,1.2354230880737305,15.8162,400,4488.06038284,0.00683478405699,41.93717646598816,22500.0,48.93018364906311,15.8704,0.964028,2.76103,400,15.520368337631226,-0.00303343776613,0.053318181881,3192.0,28300.0,0.0,1674.5,1.4243133068084717,158.64106130599976,0.0
0.0333794327151,2.75386,0.3083186149597168,-3.53611556703e-10,3458.199604034424,3111.70547088,0.00452562339633,0.959212,40.59209156036377,7.35744842828e-09,1.281811237335205,15.7074,400,5857.84303306,0.00685557583347,42.10550832748413,19900.0,43.4357533454895,15.7031,0.959057,2.75413,400,14.587339639663696,-0.00452562374994,0.157889994609,5735.0,30600.0,0.0,1783.75,1.3217148780822754,152.44820070266724,0.0
0.0531001639856,2.75637,0.3545386791229248,7.42147732158e-11,3616.8593583106995,4745.35545955,0.00359037339658,0.957967,41.66091752052307,2.04890993061e-09,1.3110215663909912,15.665,400,7386.70406457,0.00668740784749,41.92790651321411,27500.0,48.482584953308105,15.7426,0.960305,2.75143,400,12.904956102371216,-0.00359037332237,0.222653609103,6651.75,26900.0,0.0,2371.25,1.4836058616638184,158.65073943138123,0.0
0.0419650206545,2.74281,0.36278581619262695,8.23638379721e-10,3777.4385011196136,4670.70990322,0.00464055722987,0.953493,41.9938588142395,5.86734039132e-09,1.2638754844665527,15.5204,400,6944.43532172,0.00853423587978,41.911057472229004,28600.0,48.734623670578,15.5305,0.953796,2.74215,400,16.16572904586792,-0.00464055640623,0.137643664518,4741.75,27500.0,0.0,2163.0,1.5458838939666748,159.94607663154602,0.0
0.0246507307865,2.73902,0.31247425079345703,2.5029295303e-10,3932.786868572235,3313.2291556,0.00465189644019,0.951732,40.52851223945618,-3.44589667911e-09,1.2798569202423096,15.4674,400,9602.62528882,0.00950241181999,42.17080640792847,27100.0,44.10201549530029,15.4719,0.951855,2.73873,400,14.71319842338562,-0.0046518961899,0.331501714257,6724.75,39100.0,0.0,1662.75,1.3756794929504395,155.341379404068,0.0
0.0376059961502,2.72806,0.3690159320831299,-1.21654009089e-09,4090.0248942375183,3504.25327281,0.00370821095421,0.946519,41.14686036109924,-5.58796064976e-10,1.35361909866333,15.2941,400,5930.50182847,0.00641558831558,42.441824197769165,21200.0,47.1555597782135,15.3031,0.946736,2.72746,400,12.614160299301147,-0.00370821217075,0.167717982068,4278.25,27700.0,0.0,1647.0,1.4679186344146729,156.60703682899475,0.0
0.0201741455058,2.72722,0.4577453136444092,-6.85395296074e-10,4248.216134548187,2698.70477035,0.00428946713364,0.945931,41.33295392990112,2.14204565196e-09,1.3063647747039795,15.2794,400,6704.47236925,0.00660231802613,42.334590911865234,15300.0,47.930943965911865,15.2904,0.946233,2.72651,400,15.518744468688965,-0.00428946781904,0.108028144876,4824.5,34500.0,0.0,1314.75,1.458235263824463,158.18642258644104,0.0
0.0291439933909,2.71344,0.31614184379577637,-8.149073083e-11,4401.791432857513,4981.91503716,0.00387990047457,0.941486,40.0316059589386,-6.33299634956e-09,1.2403223514556885,15.1358,400,6708.92956719,0.00982386153191,41.186081647872925,33700.0,44.51555609703064,15.081,0.939752,2.71706,400,14.46010422706604,-0.00387990055606,0.176731646314,5533.75,25400.0,0.0,2245.25,1.3725855350494385,152.8579342365265,0.0
0.0495221954546,2.7105,0.45388126373291016,3.4924590997e-11,4560.2293956279755,4589.08463095,0.00357543308055,0.938627,40.938987255096436,1.39698403956e-08,1.265742540359497,15.0451,400,7518.49052337,0.00842419825494,41.57860708236694,27300.0,49.18540024757385,15.0368,0.938374,2.71106,400,13.194456100463867,-0.00357543304563,0.13332684352,5125.5,36800.0,0.0,1751.5,1.5340914726257324,158.43201565742493,0.0
0.0381305370714,2.70917,0.3348202705383301,-2.7357593968e-10,4717.079885721207,2996.80704042,0.00317531144829,0.939671,39.99237632751465,1.76951131525e-09,1.248718500137329,15.077,400,6956.1684811,0.00666887778789,41.59438490867615,19800.0,47.769551277160645,15.0169,0.93779,2.71317,400,15.382846117019653,-0.00317531172186,0.122870192281,4609.75,30000.0,0.0,1095.25,1.431730031967163,155.9100513458252,0.0
0.0506486840653,2.70326,0.4306468963623047,1.33877603448e-10,4869.983808040619,4322.36271471,0.0056927624566,0.935131,38.9591646194458,5.58792456751e-10,1.2199804782867432,14.9314,400,6899.37270699,0.00937698036432,41.36589503288269,23900.0,44.098148345947266,14.9284,0.935001,2.70347,400,13.440195322036743,-0.00569276232272,0.21031111137,5417.5,27100.0,0.0,1733.25,1.3917109966278076,152.8966429233551,0.0
0.0277493602132,2.71764,0.3574085235595703,-2.0518195476e-10,5028.668966293335,5615.97498214,0.00401541197643,0.941808,41.02400875091553,2.70083710951e-09,1.3068883419036865,15.1469,400,7095.16876121,0.00834638252854,42.01176738739014,27500.0,47.129350900650024,15.1445,0.941711,2.7178,400,13.97300672531128,-0.00401541218162,0.197601709936,4730.5,31100.0,0.0,2885.0,1.4299688339233398,157.9445300102234,0.0
0.0252164512303,2.71956,0.32988858222961426,8.26548718358e-10,5189.495192527771,4129.5247835,0.00432148472173,0.943413,41.686856508255005,8.84757511699e-09,1.3368399143218994,15.1925,400,6734.33793609,0.00878892187029,42.13490891456604,23700.0,47.32184433937073,15.1736,0.942818,2.7208,400,14.73977780342102,-0.00432148389518,0.122014569792,4785.25,29600.0,0.0,2112.25,1.4438133239746094,160.82192969322205,0.0
0.0788701906007,2.7215,0.42047810554504395,-9.72795510812e-10,5347.292322397232,4742.6637821,0.00449851058002,0.946197,39.54556393623352,-1.49011425421e-09,1.2452268600463867,15.2788,400,9298.10409438,0.008484874852,41.69549059867859,24800.0,44.415884017944336,15.2031,0.943813,2.72647,400,11.493062973022461,-0.00449851155281,0.26172043333,10414.5,34400.0,0.0,2834.5,1.477046251296997,156.86275506019592,0.0
0.0411320037809,2.72272,0.35469532012939453,-3.31965566147e-10,5507.021985530853,4469.57391705,0.00338247035961,0.944684,40.574368715286255,-1.08964748335e-08,1.2858543395996094,15.2355,400,10274.9459366,0.00714100897312,41.93114995956421,25000.0,49.61421751976013,15.2216,0.944224,2.72363,400,11.49790072441101,-0.00338247069158,0.167600571046,8706.0,33800.0,0.0,2197.0,1.5072495937347412,159.7216281890869,0.0
0.0242342339349,2.69923,0.4622981548309326,-9.3132279666e-11,5665.258163690567,3561.40273453,0.00363339730538,0.932679,40.44921612739563,9.68574820348e-09,1.2691164016723633,14.8468,400,9411.6136236,0.006439876277,41.74313306808472,22900.0,48.373711585998535,14.8683,0.933312,2.69778,400,13.447911977767944,-0.00363339739852,0.195913296696,6177.0,34300.0,0.0,1546.75,1.5094459056854248,157.56793117523193,0.0
0.0775993948201,2.70295,0.40212035179138184,1.60070984245e-11,5823.029687643051,3381.45936505,0.00462610834948,0.935326,39.93367004394531,4.19094936532e-09,1.307417392730713,14.933,400,9397.01249068,0.00984922703356,42.09728932380676,22400.0,44.893322706222534,14.9238,0.935031,2.70357,400,11.169514894485474,-0.00462610833347,0.264419815432,8067.5,32700.0,0.0,1634.75,1.3264126777648926,157.7650225162506,0.0
0.0232414592058,2.70251,0.4078176021575928,-5.8206772735e-12,5984.620371103287,5413.89857219,0.00310565623804,0.936199,41.653191328048706,1.9557784281e-09,1.2849221229553223,14.9601,400,11324.095593,0.0098244426772,41.76613736152649,27600.0,49.820510387420654,14.9171,0.934784,2.70539,400,11.746114253997803,-0.00310565624386,0.186942318418,7797.0,36700.0,0.0,2373.5,1.500478744506836,160.81699776649475,0.0
0.0315775707978,2.69116,0.3506762981414795,2.91038304567e-11,6142.375734329224,5520.39344159,0.00376975725521,0.929986,39.88288998603821,-1.11758635679e-09,1.2652099132537842,14.7672,400,9439.93755276,0.00748695107177,41.62051701545715,26600.0,48.010425090789795,14.7488,0.9294,2.69241,400,13.45031213760376,-0.00376975722611,0.178034470551,7023.0,31600.0,0.0,2457.5,1.4798634052276611,157.74940133094788,0.0
0.0200956225373,2.68976,0.3305537700653076,2.77555756156e-17,6303.274778842926,5049.62661986,0.00384271936491,0.928995,38.97385859489441,-3.72529385118e-09,1.2264933586120605,14.7353,400,7477.07679762,0.00978728942573,41.279457092285156,28700.0,47.21478581428528,14.7281,0.928715,2.69024,400,11.807188987731934,-0.00384271936491,0.077767731385,3717.25,32600.0,0.0,2039.0,1.4897208213806152,160.1727318763733,0.0
0.0249183118213,2.68725,0.34007835388183594,-5.12227427141e-10,6460.600454092026,3892.66537863,0.00128435618244,0.930641,39.67618250846863,-8.28877055881e-09,1.2162070274353027,14.7776,400,8793.53135833,0.00729170814157,41.18477916717529,27500.0,49.97967171669006,14.6912,0.927859,2.69311,400,11.916687965393066,-0.00128435669467,0.13129185327,5842.5,35300.0,0.0,1917.5,1.536742925643921,157.31912446022034,0.0
0.0356495055583,2.67596,0.32958531379699707,1.11904219224e-09,6620.452168464661,5109.23046432,0.00473527256545,0.924738,39.87161111831665,3.07336800454e-09,1.2101349830627441,14.588,400,11246.5069133,0.00914932228625,41.49229121208191,25000.0,47.65595531463623,14.5263,0.922744,2.6802,400,13.841788530349731,-0.00473527144641,0.254101644665,8838.5,37900.0,0.0,2913.75,1.514699935913086,158.593510389328,0.0
0.0279337363915,2.67055,0.3780038356781006,8.14907363811e-10,6776.644447565079,4440.2646036,0.00357982877176,0.922042,39.64647603034973,-3.72528918824e-09,1.237928867340088,14.5043,400,10756.0003922,0.00936565455049,41.592005491256714,27200.0,45.33171987533569,14.4479,0.920218,2.67445,400,10.890678405761719,-0.00357982795686,0.116436644443,7279.25,38800.0,0.0,2175.5,1.341921329498291,156.18758034706116,0.0
0.0168919009987,2.67602,0.4171173572540283,-3.6925484892e-10,6934.628009796143,5787.91629172,0.00295965592704,0.923314,39.62122702598572,-8.7544282934e-09,1.2854747772216797,14.5518,400,10924.847539,0.00664456188679,41.286787271499634,29400.0,49.32095289230347,14.5272,0.922516,2.67772,400,12.439916372299194,-0.0029596562963,0.103468059583,7587.5,37800.0,0.0,2435.0,1.3985254764556885,157.22694301605225,0.0
0.0155617830912,2.67327,0.48090577125549316,3.02679881159e-10,7088.655199766159,2640.63760056,0.00275319681969,0.923048,39.99292612075806,5.58793622485e-10,1.2573063373565674,14.5434,400,11861.6416971,0.00707752257586,41.66859722137451,15700.0,46.87018418312073,14.4873,0.921231,2.67714,400,14.120941638946533,-0.00275319651701,0.0618284662393,8337.5,38200.0,0.0,1268.25,1.34332275390625,154.02233695983887,0.0
0.020605630026,2.67088,0.38211727142333984,1.37952160806e-09,7242.703858613968,11134.020736,0.00245259863441,0.920824,40.82753849029541,3.72527536596e-10,1.1951110363006592,14.4722,400,12332.0094064,0.00891064014286,41.473593950271606,39000.0,44.89859700202942,14.4527,0.920212,2.67223,400,11.757733821868896,-0.00245259725489,0.139708578429,8512.0,37900.0,0.0,5313.5,1.31484055519104,153.2851734161377,0.0
0.0196676761063,2.66892,0.3417959213256836,7.10133507553e-10,7400.805399894714,8437.28700102,0.00408033631975,0.918634,40.13840913772583,-9.31322186037e-10,1.253061294555664,14.4099,400,9319.74795461,0.00992210954428,42.15488934516907,34700.0,47.54285788536072,14.4244,0.91908,2.66792,400,14.970106840133667,-0.00408033560961,0.0592645647269,5221.75,33100.0,0.0,3525.75,1.3500125408172607,158.0954086780548,0.0
0.021718552464,2.67239,0.33180904388427734,-4.77302808388e-10,7553.7948088645935,6822.67526341,0.00313066689996,0.921398,39.53070902824402,1.86264476065e-10,1.253577709197998,14.4984,400,13718.1679512,0.00984780397266,41.28898596763611,30000.0,46.113784074783325,14.4745,0.92062,2.67404,400,14.693292617797852,-0.00313066737726,0.113851584338,10758.25,40300.0,0.0,3548.5,1.288607120513916,152.36109519004822,0.0
0.0105036710958,2.67839,0.4534590244293213,3.43425177185e-10,7706.131195783615,6220.42940138,0.00317000818322,0.926385,39.76974892616272,-5.21540721721e-09,1.2437729835510254,14.657,400,12914.3674811,0.00672226725146,41.61971426010132,37400.0,45.94865965843201,14.5616,0.923355,2.68492,400,12.372573375701904,-0.0031700078398,0.161968663885,8225.25,40900.0,0.0,2118.25,1.2924177646636963,152.33196544647217,0.0
0.0277480772504,2.66613,0.39272451400756836,-9.88075066211e-10,7863.581438064575,12835.129136,0.00474653154524,0.916693,39.38475298881531,-7.45058126306e-10,1.2732250690460205,14.3518,400,9353.97924682,0.00748935900629,41.033100843429565,41500.0,49.01661014556885,14.3843,0.917722,2.66387,400,15.80019474029541,-0.00474653253332,0.248868701028,4783.5,37000.0,0.0,7057.75,1.461183786392212,156.7553322315216,0.0
0.0262180383012,2.67894,0.9053657054901123,8.149073083e-11,8015.750507354736,6282.49766713,0.00437869419111,0.924033,39.57292032241821,-1.11758668986e-09,1.246767282485962,14.5825,400,11864.3490234,0.00792412366718,41.3088264465332,32400.0,44.60572957992554,14.5696,0.923614,2.67983,400,14.726932287216187,-0.00437869410962,0.129204465101,8516.5,40600.0,0.0,3284.25,1.2928290367126465,152.161776304245,0.0
0.0115060914299,2.67955,0.37550830841064453,6.1118038408e-10,8172.301465034485,8214.99663725,0.0033746623958,0.924556,40.09009790420532,3.35275807117e-09,1.2746391296386719,14.5956,400,14002.9311574,0.00982602592558,41.550402879714966,40400.0,47.6501739025116,14.5785,0.923986,2.68072,400,12.603296518325806,-0.00337466178462,0.0768322797394,8163.0,40900.0,0.0,2944.5,1.3655107021331787,155.94995212554932,0.0
0.00850250469182,2.67157,0.3371293544769287,-2.38651404194e-10,8326.33613204956,7320.69907437,0.0032689720334,0.921606,38.898191928863525,1.86264476065e-10,1.195988655090332,14.492,400,9491.83163304,0.00782313663512,40.823952436447144,39400.0,47.84471321105957,14.4627,0.920697,2.6736,400,15.560116529464722,-0.00326897227205,0.130240620198,4686.5,38400.0,0.0,2119.75,1.3769965171813965,154.0301661491394,0.0
0.0198804084606,2.6635,0.43715691566467285,1.1641536346e-10,8479.517304182053,9123.30104389,0.00298542727251,0.918502,39.193931102752686,3.72528896619e-10,1.2121686935424805,14.3957,400,14281.7130538,0.00899206101894,41.381081342697144,35700.0,43.21951246261597,14.3463,0.916938,2.66693,400,13.308709144592285,-0.00298542715609,0.28695532115,10858.5,40200.0,0.0,4585.75,1.2915093898773193,152.10402512550354,0.0
0.00990894175199,2.67072,0.34506964683532715,-4.51109372079e-10,8637.924659729004,5614.74095573,0.0023830258433,0.921923,41.501190423965454,-6.51925891049e-09,1.183809757232666,14.5007,400,8822.39627312,0.00821858644485,42.09439778327942,30500.0,48.462693214416504,14.4503,0.920292,2.67419,400,14.074895143508911,-0.00238302629441,0.200259997686,3582.0,40100.0,0.0,1778.0,1.4135990142822266,158.39765429496765,0.0
0.0278423019875,2.67609,0.3279240131378174,-9.89530193896e-11,8793.721825838089,10466.4172953,0.00284742251388,0.923611,40.06899619102478,-7.45057571194e-10,1.206350326538086,14.5573,400,12823.6102342,0.00728992838413,41.8606698513031,39300.0,47.31782937049866,14.5282,0.922657,2.67809,400,15.460519552230835,-0.00284742261283,0.156287904054,10069.25,39800.0,0.0,5597.0,1.399977445602417,155.17690753936768,0.0
0.014734273958,2.67188,0.34366559982299805,4.30736668555e-10,8948.340429544449,6975.50714554,0.00371234185295,0.922066,41.89812231063843,-2.7939645042e-10,1.2401821613311768,14.5022,400,8436.67431145,0.00759432045743,44.02569365501404,31400.0,44.43786954879761,14.4671,0.920955,2.6743,400,12.080601692199707,-0.00371234142222,0.129210918919,5161.25,33000.0,0.0,3162.25,1.3267178535461426,154.6126115322113,0.0
0.0164878924773,2.69033,0.40286922454833984,3.72529007642e-10,9111.09973192215,9004.48496237,0.0019735364709,0.929289,41.16061043739319,-1.21071941361e-09,1.2448184490203857,14.7171,400,12881.9353263,0.00969375111163,43.82852911949158,40200.0,50.11094260215759,14.7365,0.929841,2.68901,400,15.475826978683472,-0.00197353609838,0.184983098386,7268.5,40700.0,0.0,3613.25,1.4460608959197998,161.99946475028992,0.0
0.0139730204934,2.67623,0.469158411026001,3.49245965481e-10,9268.602209806442,7335.80382439,0.0027772890171,0.924412,40.78673791885376,2.79396639158e-09,1.2839839458465576,14.5636,400,15297.5147471,0.00889436807483,43.70724964141846,39000.0,48.02925133705139,14.5302,0.923397,2.67852,400,14.080016613006592,-0.00277728866786,0.114182443605,9777.25,41500.0,0.0,2988.5,1.415252923965454,157.49793219566345,0.0
0.0211682546853,2.684,0.3294820785522461,3.37604416645e-10,9431.28561925888,10372.8752523,0.00288977437885,0.928624,43.43683052062988,-1.86263782176e-10,1.2831130027770996,14.6733,400,16192.0043231,0.00922067742795,44.26584458351135,42000.0,49.0463650226593,14.6435,0.927561,2.68603,400,13.202870607376099,-0.00288977404125,0.0880305601775,11886.0,42000.0,0.0,5047.0,1.3923828601837158,162.01636695861816,0.0
0.0121428344867,2.67348,0.3274233341217041,5.58793566974e-10,9611.45536184311,4582.22282304,0.00236733406782,0.923623,52.73626518249512,5.58793622485e-10,1.4927420616149902,14.5243,400,12649.7367166,0.00925421528518,53.94296097755432,24300.0,48.000017404556274,14.4903,0.922531,2.67582,400,14.908604860305786,-0.00236733350903,0.199396346835,7031.0,41300.0,0.0,1828.0,1.45261812210083,180.1637146472931,0.0
0.0163623232755,2.66805,0.37123918533325195,9.31322519104e-11,9794.63659954071,11236.0402278,0.00158810648136,0.920226,51.48011779785156,4.65661176285e-10,1.5697641372680664,14.4203,400,14062.3692527,0.00814466830343,55.57251000404358,42300.0,50.43279027938843,14.4119,0.919949,2.66864,400,14.310576438903809,-0.00158810638823,0.195233768598,7811.0,42400.0,0.0,4800.0,1.4668593406677246,182.4609522819519,0.0
0.00817876247168,2.68093,0.32864880561828613,-4.65661467719e-11,9979.722868204117,3606.77487515,0.00271702157333,0.927555,51.96204423904419,-2.79396478176e-10,1.5615026950836182,14.6529,400,6679.8498299,0.00910145696253,56.00910496711731,22400.0,51.749218225479126,14.5987,0.925808,2.68464,400,14.578310489654541,-0.0027170216199,0.0690263958102,2267.5,34300.0,0.0,975.0,1.489499568939209,185.07677292823792,0.0
0.0193025556516,2.6864,0.32698774337768555,4.58385329694e-10,10167.40613079071,8112.18834532,0.00237256008404,0.928771,54.25445604324341,1.1483869411e-15,1.506770133972168,14.6942,400,12068.7927084,0.00762795703486,55.43156099319458,34500.0,51.9623589515686,14.6787,0.928204,2.68745,400,14.504178762435913,-0.00237255962566,0.191080881313,8285.25,41000.0,0.0,4024.5,1.4554872512817383,186.92271423339844,0.0
0.0244414914495,2.68334,0.33823561668395996,9.31322574615e-10,10352.185217142105,9823.28896042,0.00285934610292,0.926489,53.63450360298157,5.07570740993e-09,1.5272345542907715,14.6178,400,12871.1090601,0.0095201106742,54.21403503417969,34100.0,51.812522649765015,14.6339,0.927002,2.68224,400,14.356878995895386,-0.0028593451716,0.0714026278379,9888.75,40500.0,0.0,5262.0,1.5328106880187988,184.76951909065247,0.0
0.0164815852929,2.68859,0.3490781784057617,8.14907252789e-10,10539.719596147537,8194.87787813,0.00212010496762,0.929615,53.42060899734497,3.02679903363e-09,1.513930082321167,14.705,400,12346.947558,0.00939083099365,54.99593186378479,33000.0,53.018853425979614,14.7109,0.929802,2.68819,400,14.639866828918457,-0.00212010415271,0.264357266146,7256.0,40500.0,0.0,3578.75,1.4497911930084229,186.81680583953857,0.0
0.0103201034136,2.68525,0.37644028663635254,9.92440574166e-10,10727.839392662048,8224.65035351,0.00256522681157,0.928667,54.014376163482666,-1.67638236626e-09,1.5408697128295898,14.6987,400,10509.5344331,0.00671730469912,55.20104432106018,40100.0,53.418057680130005,14.6618,0.927441,2.68776,400,14.691323041915894,-0.00256522581913,0.0845369303666,4956.0,40900.0,0.0,2841.25,1.4992406368255615,188.10886645317078,0.0
0.00844622374136,2.68333,0.37226343154907227,8.73116856592e-12,10913.289612054825,1764.50552564,0.00256889034936,0.926348,53.46874451637268,-1.06685493773e-16,1.5031630992889404,14.6372,400,5221.35288982,0.00694296229631,54.272942543029785,11200.0,51.6936240196228,14.6337,0.926205,2.68357,400,14.432559251785278,-0.00256889034063,0.0530658100379,1882.0,30000.0,0.0,520.5,1.4201581478118896,184.73608660697937,0.0
0.0360798305027,2.68744,0.35181427001953125,2.29920263384e-10,11099.567339897156,3486.52835031,0.00311091122858,0.92913,53.598411083221436,4.6566114853e-10,1.5152857303619385,14.7233,400,8994.57045945,0.0077964887023,54.18840289115906,15900.0,53.06692457199097,14.694,0.928238,2.68943,400,14.681195974349976,-0.00311091099866,0.104662601613,6098.5,34000.0,0.0,2209.75,1.5401337146759033,186.27022409439087,0.0
0.0155834249627,2.66519,0.32666993141174316,-4.13274386935e-10,11287.826143741608,9873.79293572,0.00251729093143,0.918815,54.442723512649536,-9.31322574615e-10,1.520923376083374,14.403,400,11737.7826883,0.009148334153,55.65390920639038,38500.0,52.22773766517639,14.3707,0.917816,2.66744,400,14.431486129760742,-0.0025172913447,0.0709702903965,6152.75,39000.0,0.0,4411.75,1.5443716049194336,187.51312971115112,0.0
0.0171001127055,2.667,0.35210347175598145,-1.26892707453e-09,11475.96596288681,5878.99515223,0.00289407757809,0.919922,55.39493489265442,-5.68106850451e-09,1.5177955627441406,14.4299,400,8962.51493723,0.00664981082082,55.22405743598938,31100.0,52.12378764152527,14.3967,0.918857,2.6693,400,14.357935190200806,-0.00289407884702,0.180156662598,6024.0,33100.0,0.0,2604.0,1.532564401626587,188.13523626327515,0.0
0.0118533596334,2.68293,0.32637619972229004,-5.23869073121e-11,11664.586453437805,5354.75241608,0.00248035899713,0.927927,54.60953116416931,-6.79866074549e-09,1.5768966674804688,14.6808,400,13296.1144606,0.00995727162808,55.59182572364807,31500.0,52.274147033691406,14.6278,0.926279,2.68654,400,14.443508386611938,-0.00248035904951,0.278665604511,7940.5,38400.0,0.0,2041.25,1.6108534336090088,187.93901562690735,0.0
0.0196543750886,2.67237,0.361558198928833,9.08039532455e-10,11851.139238595963,9936.98037635,0.00207830218133,0.922723,54.14051795005798,5.02914021538e-09,1.4960439205169678,14.506,400,14314.6801484,0.00712126586586,54.64433026313782,41400.0,52.461730003356934,14.4742,0.921627,2.67456,400,14.48203730583191,-0.00207830127329,0.111508189883,9711.5,39400.0,0.0,4739.0,1.5012459754943848,186.54184222221375,0.0
0.0118942161395,2.68063,0.32802653312683105,3.2596292332e-10,12038.817365407944,4651.91787734,0.00319629102014,0.926883,54.12176513671875,-3.16649706456e-09,1.5523619651794434,14.6436,400,13755.0611685,0.00705968216062,54.98370003700256,27000.0,52.46882462501526,14.5943,0.925326,2.68401,400,14.387917280197144,-0.00319629069418,0.0510748795993,8368.5,42300.0,0.0,1757.75,1.5181610584259033,186.95369124412537,0.0
0.0196871399523,2.6843,0.33442258834838867,5.82076720157e-10,12225.361250638962,5305.98414528,0.0026966513833,0.927153,54.100608825683594,8.38189240238e-10,1.49324631690979,14.6374,400,14956.5607991,0.00835960358381,54.99992489814758,32000.0,52.09539341926575,14.6479,0.927508,2.68358,400,14.376469373703003,-0.00269665080123,0.375264481521,10156.25,42500.0,0.0,2561.5,1.5095832347869873,186.53425097465515,0.0
0.0170165521811,2.67022,0.34988975524902344,-3.78349768182e-10,12415.630254983902,3974.75269671,0.00193962603225,0.922376,54.63865089416504,1.58324842126e-09,1.5654804706573486,14.4871,400,14041.0890247,0.00687566492707,55.45660471916199,20900.0,53.96312665939331,14.4431,0.920957,2.67326,400,14.641879081726074,-0.0019396264106,0.244345102212,8337.0,42100.0,0.0,1829.0,1.4714651107788086,189.50056529045105,0.0
0.0143357264598,2.68587,0.3238978385925293,-3.84170584233e-10,12605.93126320839,11267.1092122,0.00210476930952,0.927862,53.2285692691803,3.2596317312e-10,1.5616166591644287,14.6588,400,15687.4120794,0.00678905611858,56.86517810821533,42500.0,54.403836250305176,14.671,0.92822,2.68504,400,14.677252292633057,-0.00210476969369,0.182009212091,8973.5,42800.0,0.0,4450.0,1.5764999389648438,190.29587149620056,0.0
0.0132942414855,2.67404,0.3685877323150635,6.25732521353e-11,12795.184978246689,2849.0365038,0.00343232375308,0.922478,54.2984402179718,-1.21071952464e-09,1.5552761554718018,14.4836,400,12279.6760442,0.00944895204157,55.13038444519043,17400.0,53.50171732902527,14.4984,0.92288,2.67302,400,14.593872547149658,-0.0034323236905,0.0331480503462,5087.5,43000.0,0.0,1079.0,1.5719926357269287,188.55361986160278,0.0
0.0193736488428,2.69566,0.32122111320495605,9.31322574615e-10,12985.083950519562,12732.2798332,0.00288937869482,0.932792,55.070868253707886,-3.72528952131e-10,1.5310306549072266,14.8026,400,13459.769628,0.00758244935423,56.11479592323303,42700.0,53.49344611167908,14.8153,0.933151,2.6948,400,14.550963878631592,-0.00288937776349,0.0954741017929,7111.25,42800.0,0.0,5724.5,1.5174751281738281,189.88921570777893,0.0
0.0146885714957,2.69776,0.34143829345703125,-5.23868726177e-11,13176.647424697876,1821.89022721,0.00433726510382,0.935301,55.43060517311096,1.30385158226e-09,1.5857510566711426,14.9063,400,14119.2367357,0.00846813060343,56.52479553222656,14300.0,53.3720383644104,14.8464,0.93341,2.70179,400,14.625596046447754,-0.00433726515621,0.0615250754594,7952.0,43100.0,0.0,704.0,1.5105159282684326,190.89865493774414,0.0
0.0135101190441,2.67989,0.39124488830566406,-1.30967237055e-09,13364.927184820175,804.820438048,0.00226667299285,0.927036,52.696961879730225,5.26197929673e-09,1.5251011848449707,14.64,400,13852.8584686,0.00753250252455,56.67105293273926,7600.0,53.31170654296875,14.5834,0.925211,2.68376,400,14.574916124343872,-0.00226667430252,0.326206480413,6728.5,42900.0,0.0,286.25,1.5343561172485352,188.27181959152222,0.0
0.00424780292856,2.65182,0.3720254898071289,1.57742752194e-09,13555.519281864166,3255.19460824,0.00228510139859,0.913173,55.1894371509552,6.51925491368e-09,1.5293283462524414,14.212,400,1979.49133302,0.00755194015801,55.43139171600342,28700.0,53.83178925514221,14.1799,0.912163,2.65409,400,14.613081693649292,-0.00228509982117,0.173286483953,713.75,12600.0,0.0,705.75,1.5521750450134277,189.9665458202362,0.0
0.00479646312819,2.65385,0.3393697738647461,2.21189094818e-10,13743.828763961792,5058.12156339,0.00216457200004,0.912095,54.260231018066406,5.77420156134e-09,1.5979163646697998,14.1828,400,3055.85330759,0.00805143453181,55.280569076538086,30300.0,53.363879919052124,14.2086,0.912895,2.65203,400,14.603116750717163,-0.00216457177885,0.364156627594,746.75,18100.0,0.0,1222.5,1.6237976551055908,188.30166220664978,0.0
0.00758750498783,2.69061,0.3379979133605957,-2.06637196243e-09,13936.367182016373,2579.68843807,0.00291238518548,0.930844,53.89740300178528,8.38190239438e-10,1.5550651550292969,14.7477,400,14726.6255385,0.00761500466615,57.60455894470215,18700.0,54.3184175491333,14.7407,0.930587,2.69109,400,14.681802988052368,-0.00291238725185,0.271342207758,7749.5,42700.0,0.0,715.25,1.5665431022644043,191.80552053451538,0.0
0.008769351033,2.68573,0.512578010559082,8.73114858191e-10,14125.493288993835,8920.17079083,0.0023794513545,0.929946,52.84666562080383,5.96046145773e-09,1.5600550174713135,14.723,400,12680.4764081,0.00880289264023,56.35716271400452,42500.0,53.619168519973755,14.669,0.928223,2.68941,400,14.782723188400269,-0.00237945048138,0.239898463058,5245.75,42800.0,0.0,2964.25,1.494741439819336,189.1148557662964,0.0
0.0180207712234,2.70649,0.32123804092407227,1.0710209386e-09,14317.465684652328,14245.2469595,0.00211659460329,0.936245,53.95556092262268,-2.09547468266e-09,1.639674425125122,14.9257,400,14789.6956506,0.00665594916791,58.06434893608093,43100.0,53.5157036781311,14.9766,0.937848,2.70308,400,14.575724840164185,-0.00211659353226,0.22697886652,7394.75,42900.0,0.0,6436.25,1.5510642528533936,191.30777788162231,0.0
0.0134642403274,2.7136,0.42653822898864746,1.13795972645e-09,14509.550328016281,8140.53362809,0.00193825268361,0.943044,53.94339370727539,-7.05476876917e-09,1.591813564300537,15.1394,400,17046.583646,0.00758085306734,57.75108981132507,38900.0,54.405240058898926,15.0835,0.941227,2.7173,400,14.789777040481567,-0.00193825154565,0.248355364107,11444.0,42700.0,0.0,3203.5,1.4972364902496338,192.07580494880676,0.0
0.0068200100749,2.7016,0.3335251808166504,-9.89530235529e-10,14702.021440505981,1877.96006347,0.0029448265559,0.936247,54.02905511856079,-5.9604667868e-09,1.5809862613677979,14.9385,400,7843.72290434,0.00765354977921,57.86357879638672,14000.0,54.28517556190491,14.9036,0.935133,2.70394,400,14.680350542068481,-0.00294482754543,0.110750972605,3381.0,34900.0,0.0,554.0,1.6198644638061523,191.82158017158508,0.0
0.0138228293858,2.70075,0.3393068313598633,-6.05359651296e-10,14894.02076125145,9954.25762865,0.0012759685982,0.935327,53.952433347702026,-5.20958254313e-09,1.586717128753662,14.9007,400,15581.8966091,0.00724061438814,58.23890924453735,42700.0,54.10177540779114,14.8909,0.935078,2.70141,400,14.541209936141968,-0.00127596920356,0.174758184737,9178.25,42600.0,0.0,3860.25,1.5602164268493652,191.99346661567688,0.0
0.0198319001698,2.6945,0.32259559631347656,3.20142135024e-10,15084.528528928757,11518.482189,0.00295521816588,0.931545,54.995739221572876,3.16649506615e-09,1.5420446395874023,14.7798,400,12613.8383433,0.00812728796154,55.53593993186951,43200.0,53.813461780548096,14.7981,0.932138,2.69326,400,14.658487319946289,-0.00295521784574,0.0755360008368,6486.5,42500.0,0.0,5441.75,1.4658787250518799,189.83914637565613,0.0
0.0260267493202,2.71134,0.33547401428222656,5.13318831885e-10,15274.09461593628,12803.0677476,0.00323012243134,0.939762,53.38588500022888,-2.42143705087e-09,1.4755854606628418,15.04,400,15576.9717131,0.00843819696456,57.424962282180786,40800.0,53.620195627212524,15.0495,0.940079,2.71071,400,14.508130550384521,-0.00323012191802,0.0570795885882,9448.5,42100.0,0.0,7242.5,1.5711760520935059,189.55434155464172,0.0
0.0132723924565,2.70496,0.36301422119140625,2.32830976721e-11,15465.259784698486,8595.00476658,0.00181478287559,0.938401,54.47744584083557,1.76951275854e-09,1.5625250339508057,15.0196,400,14775.6766258,0.00660751387477,58.33576536178589,42100.0,52.47641634941101,14.9537,0.936365,2.70936,400,14.264342784881592,-0.00181478285231,0.18513873899,7855.5,42600.0,0.0,3191.75,1.4905028343200684,190.46615648269653,0.0
0.00841408914845,2.70648,0.35394740104675293,5.09317032993e-11,15657.753051757812,7192.52163274,0.00149235378922,0.937277,54.20312452316284,2.79396727976e-10,1.6018524169921875,14.9837,400,13181.9979304,0.00673534581438,58.07431626319885,39200.0,54.717647314071655,14.9764,0.937039,2.70696,400,14.673926591873169,-0.00149235373829,0.104452755759,5766.75,42400.0,0.0,2197.25,1.5650849342346191,192.48841261863708,0.0
0.0156057368654,2.70597,0.3289949893951416,-4.83851292366e-11,15850.409903526306,11778.569711,0.0034734894969,0.936532,54.78637361526489,-1.86264476065e-10,1.6511890888214111,14.9515,400,15384.2626062,0.00782846100628,57.64040279388428,42200.0,54.24873208999634,14.9689,0.937027,2.70481,400,14.6113920211792,-0.00347348954529,0.135986679302,8606.25,42600.0,0.0,5056.75,1.4505603313446045,191.9887957572937,0.0
0.00497353189248,2.70759,0.34389424324035645,2.32830699165e-11,16044.201536655426,551.631160741,0.00220063866582,0.939063,53.772374868392944,5.58793344929e-10,1.6753261089324951,15.0298,400,11381.2578281,0.00659289397299,57.68833017349243,3900.0,55.877806663513184,14.9931,0.937834,2.71004,400,14.898256063461304,-0.00220063864253,0.119499358537,4579.5,42500.0,0.0,135.75,1.592961072921753,193.78491687774658,0.0
0.0209745741349,2.6918,0.3338804244995117,-4.8894438498e-10,16235.286361932755,10569.995787,0.00266836720984,0.931354,55.54992699623108,8.38191571706e-10,1.573683500289917,14.7892,400,16876.9416587,0.00922219827771,56.14147996902466,42400.0,53.511483669281006,14.7582,0.930374,2.6939,400,14.425280809402466,-0.00266836769879,0.0993490645192,12909.5,42700.0,0.0,5036.25,1.4704532623291016,190.37839770317078,0.0
0.00583729123448,2.70821,0.33794355392456055,-1.39698363988e-10,16425.977531671524,6377.01607337,0.00213892231695,0.938884,55.11718010902405,7.45058015283e-10,1.521550178527832,15.0227,400,13420.2442205,0.00688578886911,55.61097025871277,34900.0,54.0715548992157,15.0025,0.938238,2.70956,400,14.485556364059448,-0.00213892245665,0.413246298628,5527.75,42600.0,0.0,1696.0,1.531418800354004,190.68630933761597,0.0
0.0180736827885,2.70267,0.31662631034851074,-4.65661259552e-11,16616.98516368866,12453.3870794,0.00265040872619,0.935796,55.41436719894409,-7.72998287601e-09,1.5128824710845947,14.9307,400,16149.2769014,0.0096494872123,55.91788411140442,42400.0,53.54443621635437,14.9195,0.935474,2.70342,400,14.120231866836548,-0.00265040877275,0.0552308793326,8320.75,42600.0,0.0,5675.5,1.5447943210601807,190.13426995277405,0.0
0.019261503561,2.70055,0.3824169635772705,8.03265731708e-10,16834.15785241127,10683.00743,0.00324087926419,0.934755,65.15898394584656,-6.93835655596e-09,1.9433858394622803,14.8912,400,16191.9081334,0.00899505056441,71.56559896469116,42600.0,55.01234006881714,14.8879,0.934626,2.70077,400,14.347895622253418,-0.00324087846093,0.0981375353427,9619.0,42800.0,0.0,5073.5,1.4995167255401611,217.1677327156067,0.0
0.01271839445,2.71738,0.3612663745880127,2.50293008541e-10,17041.823377370834,10222.9808489,0.0016519738303,0.94193,65.70967149734497,8.27712920426e-09,2.0552620887756348,15.109,400,15908.6602182,0.00676158769056,74.41605997085571,42300.0,43.82365822792053,15.1406,0.942947,2.71529,400,11.912390232086182,-0.00165197358001,0.579419097963,8102.25,42600.0,0.0,4062.75,1.2992396354675293,206.93366265296936,0.0
