1AveragePolicyStd,0MinReturn,0ExplainedVariance,0AverageReturn,0NumTrajs,1ExplainedVariance,0EnvExecTime,ItrTime,1Perplexity,LossAfter,1PolicyExecTime,dLoss,0ProcessExecTime,1ProcessExecTime,0Entropy,0MaxReturn,1MinReturn,LossBefore,MeanKL,1StdReturn,1AverageReturn,0Perplexity,MeanKLBefore,1NumTrajs,0StdReturn,1MaxReturn,0PolicyExecTime,1Entropy,Time,0AveragePolicyStd,1EnvExecTime,ComputeUpdatedDistTime
0.999847,0.0,0.0749488129252,338.2,2000,0.0850915778472,151.14317989349365,744.8688242435455,17.0742,-0.002446975559,236.34034490585327,0.0024469763739,5.910147190093994,5.853275537490845,2.83788,19100.0,0.0,8.14907252789e-10,0.00891133677214,1707.6619074,399.1,17.0794,2.67027866485e-09,2000,1551.01281748,15500.0,147.75796604156494,2.83757,744.8688228130341,1.0,155.3399682044983,1.1372289657592773
0.99759,0.0,0.0817160827541,417.05,2000,0.092819458733,172.3152527809143,923.7983615398407,16.9971,-0.000143193086842,317.73744797706604,0.000143191660754,6.459306478500366,7.944939851760864,2.83275,15200.0,0.0,-1.42608769238e-09,0.0020756283775,1930.81456321,437.15,16.9922,1.04774056098e-09,2000,1671.27923983,17800.0,168.97279405593872,2.83304,1672.9539911746979,0.99745,221.777184009552,0.2958064079284668
0.998705,0.0,0.0689146240916,364.7,2000,0.0818349267032,216.1871953010559,1030.9591853618622,17.0348,-0.00237526535057,334.5685498714447,0.00237526459387,7.850244522094727,8.301426410675049,2.83481,17500.0,0.0,-7.56699591875e-10,0.00886674318463,1851.71389799,424.2,17.0271,2.32827743196e-10,2000,1614.73957962,18800.0,202.34860396385193,2.83526,2707.897160768509,0.998475,233.7612771987915,0.3091275691986084
0.995142,0.0,0.101574978828,534.25,2000,0.0819172105167,218.20015120506287,997.812314748764,16.9137,-0.00221451930702,313.3699514865875,0.00221451831021,8.160615682601929,7.991032361984253,2.82889,16900.0,0.0,-9.96806193143e-10,0.00977396871895,1579.90614911,371.6,16.9266,-5.82074610733e-10,2000,2002.57632501,16100.0,203.12419986724854,2.82812,3709.955447435379,0.99552,218.86497235298157,0.31490349769592285
0.995114,0.0,0.0768988806032,416.9,2000,0.0896805891414,217.11500597000122,985.3940315246582,16.9127,-0.00283208768815,308.05804347991943,0.00283208566543,8.160274505615234,7.860808610916138,2.82853,13900.0,0.0,-2.02271621674e-09,0.00940046645701,1997.5187108,547.0,16.9206,-2.21188822813e-09,2000,1684.79505875,18600.0,202.59697556495667,2.82806,4699.222360372543,0.995344,214.25915575027466,0.26848530769348145
1.00088,0.0,0.103922643906,535.35,2000,0.0922575887995,174.41757726669312,833.5604991912842,17.1092,-0.00196531484835,270.04077553749084,0.00196531381516,6.835362672805786,7.0651633739471436,2.83936,17500.0,0.0,-1.03318598121e-09,0.00668530259281,2008.10236542,556.7,17.1048,-6.40284048004e-10,2000,1981.92466494,16000.0,160.778489112854,2.83961,5537.010126829147,1.00075,187.8875241279602,0.3021998405456543
0.999648,0.0,0.0889708221411,504.65,2000,0.0955852210725,185.25390481948853,840.9777102470398,17.067,-0.00261250277981,260.34748363494873,0.00261250231415,7.306794166564941,6.8007378578186035,2.84055,15900.0,0.0,-4.65661287308e-10,0.00977826211601,2241.35623619,604.15,17.1252,-1.36205926538e-08,2000,1913.41145013,18600.0,175.00920844078064,2.83715,6382.531346797943,1.00135,178.2261838912964,0.2732868194580078
1.00128,0.0,0.0817944116074,566.75,2000,0.0953115244386,189.56359314918518,904.3105590343475,17.1226,-0.00248622754589,312.0646390914917,0.00248622801882,7.3873045444488525,7.136290788650513,2.84065,17900.0,0.0,4.72937244922e-10,0.0092342402786,2208.71141109,620.95,17.1269,-1.18743477273e-08,2000,2077.12046774,20100.0,175.58310747146606,2.8404,7290.859184741974,1.0014,184.44296956062317,0.4339146614074707
1.00464,0.0,0.0953598587866,633.9,2000,0.101665939602,190.11534428596497,873.7803297042847,17.2372,-0.00303730787709,268.2573502063751,0.00303730726591,7.3297765254974365,6.967886924743652,2.84653,18300.0,0.0,-6.11180439591e-10,0.00951329059899,2299.61064313,671.7,17.2279,-1.47847698528e-08,2000,2205.56359917,18500.0,187.28538846969604,2.84707,8168.889498710632,1.00436,185.99946928024292,0.26747679710388184
1.00652,0.0,0.0908947301214,565.0,2000,0.102413280475,200.09593677520752,913.2578821182251,17.3021,-0.00197567604482,286.61300826072693,0.00197567731811,7.622493028640747,7.282919406890869,2.85147,18100.0,0.0,1.27329258248e-09,0.00992712471634,2374.37860292,712.5,17.3131,-1.16415022067e-09,2000,2062.31544629,20800.0,187.13160967826843,2.85083,9086.196659088135,1.00684,196.90338134765625,0.2727653980255127
1.00306,0.0,0.0829413633078,596.0,2000,0.0842614705925,187.40961575508118,848.655905008316,17.1813,-0.00225549680181,262.3176393508911,0.00225549707829,7.166933059692383,6.847712755203247,2.84239,18600.0,0.0,2.76486389339e-10,0.00914054643363,2205.53648576,610.9,17.1568,3.02679659114e-09,2000,2121.11150108,17200.0,174.9210226535797,2.84382,9938.68835234642,1.00237,183.02902054786682,0.2812936305999756
1.00009,0.0,0.0786472021366,587.45,2000,0.0903669727117,182.28908395767212,825.2388203144073,17.0794,-0.00264614401385,257.2455565929413,0.00264614499247,6.89781928062439,6.655202388763428,2.8385,18400.0,0.0,9.78616299108e-10,0.00699105579406,2314.10075353,675.45,17.0902,4.65661259552e-10,2000,2195.51303742,17300.0,167.02582120895386,2.83787,10768.150063037872,1.00041,177.8399178981781,0.2745809555053711
1.002,0.0,0.0795283919606,640.15,2000,0.0961957319579,177.81036758422852,800.2595579624176,17.1438,-0.0024674620945,245.77180361747742,0.00246746203629,6.84779691696167,6.455944299697876,2.8395,20700.0,0.0,-5.82076609135e-11,0.00950701534748,2654.58299503,882.85,17.1073,-1.6298146166e-09,2000,2289.23633064,21000.0,164.42897653579712,2.84164,11572.375076055527,1.00093,171.94568061828613,0.2774529457092285
1.00294,0.0,0.0906090950469,720.15,2000,0.0864547232738,183.1947362422943,799.7941281795502,17.1759,-0.00200484716333,239.1651828289032,0.0020048469014,7.077145338058472,6.26081109046936,2.84168,19300.0,0.0,-2.61934474111e-10,0.00647848984227,2535.92782577,789.75,17.1445,2.32830144054e-10,2000,2390.58548843,20100.0,170.1118996143341,2.8435,12376.155586481094,1.00204,165.746967792511,0.31074047088623047
1.01109,0.0,0.0803439219655,724.45,2000,0.0987215577102,161.05310916900635,731.2094056606293,17.4551,-0.00252049788833,225.58162713050842,0.0025204946578,6.2717978954315186,5.8381688594818115,2.85902,19600.0,0.0,-3.2305251807e-09,0.00999725516886,2744.69796836,928.25,17.4445,6.9849087625e-10,2000,2380.98030179,17800.0,149.1318712234497,2.85963,13111.108308553696,1.01078,153.8043246269226,0.27664995193481445
1.01016,0.0,0.0784801445207,735.7,2000,0.0949840197793,157.63225603103638,808.4688148498535,17.426,-0.00286433962174,269.06225657463074,0.00286434048758,6.221848487854004,6.096984624862671,2.85768,19500.0,0.0,8.65838956088e-10,0.00971505884081,2650.85463766,893.7,17.421,2.91038859679e-10,2000,2359.04334636,19700.0,175.41192317008972,2.85796,13924.51218366623,1.01002,160.42593264579773,0.2794792652130127
1.00918,0.0,0.0841710363824,782.15,2000,0.0954246807591,157.42561531066895,798.6890783309937,17.3928,-0.00189565133769,254.76999950408936,0.00189565020264,6.27210807800293,6.047672271728516,2.85571,17100.0,0.0,-1.13504938781e-09,0.00650605279952,2749.99049998,941.5,17.3868,1.14960285735e-09,2000,2527.8461934,19200.0,180.20877122879028,2.85606,14727.632701158524,1.009,157.40077781677246,0.26972436904907227
1.0041,0.0,0.0730429092638,748.75,2000,0.0985931236794,157.22912287712097,774.2355229854584,17.2195,-0.001753774588,244.36357593536377,0.00175377319101,6.164117097854614,5.879098653793335,2.84776,17700.0,0.0,-1.39698386192e-09,0.00948066078126,2869.29543573,997.05,17.2491,3.20141635424e-10,2000,2403.84867192,20000.0,177.54112029075623,2.84604,15506.40690279007,1.00496,153.44326519966125,0.2632133960723877
0.99165,0.0,0.0745707059422,826.0,2000,0.0997052884745,150.06378483772278,754.6179597377777,16.7912,-0.00238524703309,250.04659152030945,0.00238524785709,5.962437391281128,5.91774845123291,2.81961,18700.0,0.0,8.24002199806e-10,0.00647708214819,2968.97452835,1105.5,16.7703,3.49247075704e-10,2000,2502.04796117,22300.0,154.21722841262817,2.82086,16265.64388871193,0.991019,155.87378478050232,0.2780787944793701
0.990945,0.0,0.0686154476471,807.85,2000,0.10407565889,158.94122505187988,801.1027457714081,16.7673,-0.00199091527611,260.64483094215393,0.0019909158691,6.286756753921509,6.062153577804565,2.82089,20900.0,0.0,5.92990545556e-10,0.00650124903768,3031.09979999,1090.05,16.7918,1.53668242575e-08,2000,2400.97550539,20500.0,178.94126653671265,2.81943,17071.29697918892,0.991654,157.8607213497162,0.2596895694732666
0.98866,0.0,0.0804882474449,916.25,2000,0.0984951218156,167.251713514328,859.9938473701477,16.6917,-0.00260558049195,276.56506872177124,0.00260558162699,6.4529197216033936,6.2072319984436035,2.81734,19300.0,0.0,1.13504938781e-09,0.0098607186228,3003.38323229,1155.4,16.7322,9.89529014284e-10,2000,2634.27237345,19200.0,209.3332040309906,2.81491,17935.985869407654,0.989858,163.39296102523804,0.2829310894012451
0.994376,0.0,0.0664824844663,849.45,2000,0.103821445559,157.9225127696991,807.1267075538635,16.8872,-0.00232235295698,268.0513586997986,0.00232235505246,6.22433876991272,6.094588279724121,2.82773,17000.0,0.0,2.09547579288e-09,0.00721381604671,3175.0645836,1281.7,16.9071,-2.32830621449e-09,2000,2517.89588695,19600.0,174.8222541809082,2.82656,18748.16284441948,0.994963,160.4064462184906,0.2782614231109619
0.993418,0.0,0.0740750102224,983.6,2000,0.0910027276289,160.39136743545532,819.08500623703,16.8538,-0.00171644648071,265.4441065788269,0.00171644758666,6.286478281021118,6.103083372116089,2.82622,17400.0,0.0,1.10594555736e-09,0.00974542926997,2708.00358152,1006.45,16.8816,-3.49246742637e-10,2000,2692.79613785,16600.0,189.72417736053467,2.82457,19571.836357355118,0.994237,159.76223993301392,0.2856025695800781
0.988426,0.0,0.0652611391211,916.0,2000,0.0872893181547,156.64229774475098,795.8772976398468,16.6864,-0.00223061814904,270.2024073600769,0.00223061714496,6.1791722774505615,6.052157402038574,2.81409,20100.0,0.0,-1.00408215076e-09,0.00994489621371,3006.60273357,1149.95,16.6779,1.39698419499e-09,2000,2666.44407404,17600.0,166.4517068862915,2.81459,20371.919157505035,0.988175,159.7179572582245,0.3101081848144531
0.973376,0.0,0.0807493003311,1049.95,2000,0.0881333956016,153.09425711631775,765.8615961074829,16.181,-0.00165094691329,250.7871551513672,0.00165094598196,5.976248025894165,6.109787225723267,2.78503,17200.0,0.0,-9.31322574615e-10,0.00646863365546,3074.08461131,1185.55,16.2003,-3.72529207482e-09,2000,2813.97050402,21300.0,158.6220691204071,2.78384,21142.409074783325,0.973948,160.60430097579956,0.305713415145874
0.965105,0.0,0.0763922415095,1055.95,2000,0.0961617290601,155.37813782691956,784.1719961166382,15.9082,-0.00203526206315,251.78469467163086,0.00203526245423,6.150189638137817,6.068573236465454,2.76618,21300.0,0.0,3.91082721762e-10,0.0064263488166,3173.92570644,1283.1,15.8978,1.2490009027e-16,2000,2816.60160433,18600.0,173.74895238876343,2.76683,21931.502504587173,0.964788,161.21225237846375,0.2598745822906494
0.97119,0.0,0.0719235571288,1049.0,2000,0.0858964826212,162.82042360305786,842.1153502464294,16.1086,-0.0019297975814,279.00237584114075,0.00192979862913,6.290462493896484,6.3322978019714355,2.78061,21400.0,0.0,1.04773789644e-09,0.00697199301794,3175.47071747,1361.65,16.1288,2.32830732472e-09,2000,2808.08813964,18600.0,183.89877200126648,2.77936,22778.170586824417,0.971802,168.34174799919128,0.29437780380249023
0.95597,0.0,0.0608847162594,965.45,2000,0.0961971209909,166.9927794933319,942.0396108627319,15.6076,-0.00197383901104,343.74650382995605,0.00197384002377,6.509223222732544,6.8086159229278564,2.74866,19800.0,0.0,1.01272235042e-09,0.00726810144261,3466.01534763,1531.9,15.6217,-1.86264825786e-09,2000,2549.30604234,19500.0,202.40938901901245,2.74776,23725.14616250992,0.956414,182.63993978500366,0.2985389232635498
0.943007,0.0,0.067591572408,1097.5,2000,0.106177573664,178.0228214263916,935.8437306880951,15.185,-0.00223489617929,297.5639946460724,0.0022348962957,6.752740144729614,6.282320737838745,2.72254,19000.0,0.0,1.16415321827e-10,0.00956939440221,3585.68319292,1659.8,15.2189,-9.3132135337e-10,2000,2753.65098551,19800.0,246.24840116500854,2.72031,24665.997349500656,0.944047,168.67799544334412,0.3197610378265381
0.944665,0.0,0.0659937447447,1098.9,2000,0.090756262324,163.2671627998352,840.5396111011505,15.2386,-0.00256973598152,278.3861219882965,0.00256973574142,6.321809530258179,6.145284414291382,2.72402,20400.0,0.0,-2.40106601268e-10,0.0099947527051,3273.41479765,1339.25,15.2414,6.93889390391e-17,2000,2793.06977893,21200.0,188.91528177261353,2.72383,25511.137151002884,0.944748,165.9326992034912,0.29978322982788086
0.949319,0.0,0.0765452458789,1190.4,2000,0.0925809610754,164.8631570339203,840.7686319351196,15.388,-0.00206991424784,277.3142409324646,0.00206991418963,6.311854600906372,6.154507398605347,2.7343,18100.0,0.0,-5.82076609135e-11,0.00920448172837,3569.87808755,1536.2,15.3989,2.79396594749e-09,2000,2892.95140644,20800.0,188.90045619010925,2.73359,26356.285453557968,0.949633,164.36799716949463,0.27089810371398926
0.941927,0.0,0.067475341042,1087.55,2000,0.0825064291711,164.07798171043396,842.1382350921631,15.1496,-0.001901929616,278.88768458366394,0.0019019290703,6.40758752822876,6.176637411117554,2.72012,20500.0,0.0,-5.45696821064e-10,0.00668340409175,3240.86634097,1375.6,15.1822,1.76950916142e-08,2000,2928.71132027,20000.0,189.82041931152344,2.71797,27203.828999519348,0.942939,165.20263195037842,0.30730581283569336
0.934548,0.0,0.0749217625152,1209.45,2000,0.0977668153668,165.30374097824097,838.9463446140289,14.9166,-0.00226080557331,277.5835943222046,0.00226080574339,6.341662645339966,6.159621000289917,2.7024,19400.0,0.0,1.70075509232e-10,0.00915792677552,3620.20673995,1564.6,14.9155,-2.79396905611e-09,2000,3059.33909489,20800.0,188.7774748802185,2.70247,28047.105435609818,0.934516,164.5545129776001,0.2787618637084961
0.931371,0.0,0.0653612007195,1099.8,2000,0.0907759308414,163.9928102493286,841.6601324081421,14.8155,-0.00218286551535,278.41285133361816,0.00218286675954,6.402860879898071,6.153232574462891,2.69531,17700.0,0.0,1.24418875203e-09,0.0097961332649,3546.69382806,1601.7,14.8102,1.31838984174e-16,2000,2785.89482214,21800.0,187.9522967338562,2.69567,28893.5825650692,0.9312,165.52761006355286,0.3021841049194336
0.927261,0.0,0.0670157372847,1166.9,2000,0.0884419015261,164.01095628738403,849.7566640377045,14.6798,-0.00179115578067,279.8853907585144,0.00179115495121,6.406803607940674,6.200403690338135,2.68871,17200.0,0.0,-8.29459168017e-10,0.00672270124778,3489.45984036,1549.85,14.7127,-9.31321075814e-10,2000,2947.40638359,20400.0,188.4561469554901,2.68647,29747.97434425354,0.928274,165.066486120224,0.3062174320220947
0.921584,0.0,0.0690973176122,1240.9,2000,0.0985874867878,165.77986931800842,823.1279594898224,14.4863,-0.0021707683336,272.88028216362,0.00217076865374,6.36426854133606,6.040092706680298,2.67515,19600.0,0.0,3.20142135024e-10,0.00941492523998,3660.73821927,1608.7,14.5146,-1.86264326185e-09,2000,3105.12595397,20900.0,179.52334856987,2.6732,30575.376446008682,0.922486,162.1655764579773,0.2559807300567627
0.922613,0.0,0.0708585831229,1228.15,2000,0.0801745825676,156.72108507156372,761.750919342041,14.5231,-0.00169461511541,250.67695879936218,0.00169461469773,6.087874889373779,5.888842582702637,2.67497,18600.0,0.0,-4.17685441789e-10,0.00941906496882,3512.29326794,1526.0,14.5119,9.31317911679e-10,2000,2893.94930458,20600.0,152.17500233650208,2.67574,31341.47086954117,0.922279,158.3996307849884,0.30506205558776855
0.927853,0.0,0.072022443648,1341.2,2000,0.0872849359291,157.15675711631775,754.8928079605103,14.6725,-0.00190178304911,248.18401908874512,0.00190178098273,6.112759351730347,5.826397180557251,2.68785,19200.0,0.0,-2.06637196243e-09,0.00650944327936,3538.77129948,1611.3,14.7001,-9.31321131326e-10,2000,3097.84643906,20100.0,152.30763506889343,2.68597,32100.473176002502,0.928757,156.15256452560425,0.2767527103424072
0.926366,0.0,0.0762228171451,1387.45,2000,0.101345738358,157.60153603553772,757.7778332233429,14.6359,-0.00236080773175,248.9971239566803,0.00236080872128,6.095086336135864,5.865799427032471,2.68231,19500.0,0.0,9.89530235529e-10,0.00942476093769,3754.437906,1855.1,14.6188,-9.31320909281e-10,2000,3204.41687324,20100.0,152.46136856079102,2.68348,32862.23717164993,0.925819,156.93931245803833,0.27901339530944824
0.929829,0.0,0.0747957826509,1360.1,2000,0.0971016920545,157.61297035217285,757.4863617420197,14.7413,-0.00235542561859,248.88801264762878,0.00235542580231,6.171656847000122,5.848232746124268,2.68951,18600.0,0.0,1.83717929758e-10,0.00956918206066,3777.18960042,1771.65,14.7245,-3.25962212777e-09,2000,3162.22042084,20900.0,152.5044915676117,2.69065,33624.30729341507,0.929267,156.2651104927063,0.3020951747894287
0.923598,0.0,0.0640286028892,1298.1,2000,0.0919743123622,158.3382387161255,759.6368882656097,14.5286,-0.00244475994259,249.69937658309937,0.00244475726504,6.157214164733887,5.8257622718811035,2.67459,19500.0,0.0,-2.67755240202e-09,0.00992818456143,3661.35454579,1676.7,14.5064,9.31321242348e-10,2000,3045.23667225,21400.0,153.62945175170898,2.67612,34388.02276754379,0.922843,157.09061074256897,0.30779266357421875
0.915511,0.0,0.071149360974,1414.6,2000,0.0910196589182,159.65726780891418,759.5183098316193,14.2617,-0.00163950351998,248.16569924354553,0.00163950401839,6.204488039016724,5.780225038528442,2.65952,17900.0,0.0,4.98403096572e-10,0.0066898567602,3792.69407908,1757.85,14.2894,-5.58794033267e-09,2000,3132.25746707,20000.0,153.52849340438843,2.65758,35151.95035457611,0.9163,155.62801504135132,0.2748546600341797
0.90059,0.0,0.0726276657701,1366.2,2000,0.102834880266,156.24770975112915,756.1941866874695,13.8101,-0.00227588578127,248.7674446105957,0.00227588621055,6.051041841506958,5.833714008331299,2.62581,17600.0,0.0,4.29281499237e-10,0.00940207671374,3831.7617929,1891.25,13.8158,1.76951200359e-08,2000,3003.26448386,19800.0,152.84291696548462,2.6254,35912.44762587547,0.900833,157.103449344635,0.29568052291870117
0.890076,0.0,0.0605882444519,1253.25,2000,0.0850515662671,158.06160855293274,759.89075756073,13.5024,-0.00179423007648,248.72786140441895,0.00179422815563,6.1432318687438965,5.851844787597656,2.60513,18600.0,0.0,-1.92085281014e-09,0.00695770792663,3700.69140027,1735.4,13.533,1.86263460211e-09,2000,2946.77441239,22000.0,153.66567039489746,2.60286,36677.06352710724,0.89112,156.38077449798584,0.2869846820831299
0.870157,0.0,0.066715966804,1245.3,2000,0.083657765177,159.4424705505371,758.4830205440521,12.8949,-0.00222223298624,246.5436327457428,0.00222223319724,6.142071723937988,5.846422910690308,2.55727,19400.0,0.0,2.11002770811e-10,0.00971813313663,3864.39191562,1799.65,12.9005,1.86264237367e-09,2000,2990.79887488,20600.0,154.6898500919342,2.55683,37440.50291442871,0.870301,156.6791319847107,0.24247980117797852
0.854658,0.0,0.0672929448385,1321.15,2000,0.089689117202,156.84673643112183,758.2184882164001,12.454,-0.00253771059215,249.8534767627716,0.00253770986455,6.0998475551605225,5.876652479171753,2.5228,18700.0,0.0,-7.27595761418e-10,0.00990050006658,3906.39420406,1923.65,12.4634,0.0,2000,3058.33413438,20900.0,152.86698246002197,2.52204,38203.108659267426,0.854952,158.0064516067505,0.28403544425964355
0.849531,0.0,0.0656025361467,1368.05,2000,0.092143356757,159.49975848197937,762.165093421936,12.3095,-0.00193681987002,245.87878227233887,0.00193681556266,6.134343862533569,5.841104507446289,2.51158,19900.0,0.0,-4.3073669076e-09,0.00752059742808,4025.36519585,2025.2,12.3243,1.67638241066e-08,2000,3210.27167036,19900.0,155.07712984085083,2.51038,38969.48263669014,0.850069,157.07248544692993,0.2691514492034912
0.837748,0.0,0.0665922859683,1633.7,2000,0.115080155542,158.0650930404663,759.2449798583984,11.9677,-0.00186934834346,243.46961188316345,0.00186934949306,6.0751001834869385,5.90744686126709,2.48344,18600.0,0.0,1.14960130304e-09,0.00681499578059,4340.00032719,2315.4,11.9824,5.55111512313e-17,2000,3466.05890169,22200.0,154.623202085495,2.48221,39733.0337767601,0.83824,158.84141182899475,0.3969416618347168
0.825563,0.0,0.0544916679342,1374.4,2000,0.0763409476498,157.45941495895386,761.0081570148468,11.6215,-0.00230514444411,238.63967299461365,0.00230514538998,6.12133526802063,5.853886604309082,2.45219,20200.0,0.0,9.45874489844e-10,0.00910474639386,3935.34595049,1888.5,11.6138,-3.72529456172e-08,2000,3287.08451975,19500.0,163.64235281944275,2.45286,40498.33519911766,0.82527,157.13018345832825,0.2426438331604004
0.819404,0.0,0.0652476973527,1476.2,2000,0.101909778949,159.9196560382843,759.7080731391907,11.4502,-0.00119754055049,241.188973903656,0.00119754025945,6.114593982696533,5.849419355392456,2.4384,19100.0,0.0,-2.91038304567e-10,0.00662216125056,4271.74720665,2105.55,11.4547,3.7252845253e-09,2000,3396.6547602,21800.0,160.98532128334045,2.43801,41262.200030088425,0.81957,156.90559005737305,0.3024449348449707
0.813067,0.0,0.0606963976966,1383.9,2000,0.102849544088,158.1338882446289,764.974775314331,11.2727,-0.00133742578328,241.420672416687,0.00133742662001,6.112001180648804,5.900402545928955,2.42437,18500.0,0.0,8.36735125631e-10,0.00693087745458,4415.64317824,2331.15,11.2951,0.0,2000,3127.02906766,21500.0,163.0016860961914,2.42238,42031.50699067116,0.813851,158.93661618232727,0.27748560905456543
0.810503,0.0,0.0645178732333,1421.1,2000,0.0897911063154,157.30850219726562,758.7020545005798,11.1871,-0.00157274771482,241.4238522052765,0.00157274933008,6.143200635910034,5.865721940994263,2.41619,19700.0,0.0,1.61526259035e-09,0.00689001847059,4169.87377477,1987.05,11.2031,-3.72518527136e-09,2000,3391.72150832,21200.0,159.93605160713196,2.41476,42794.36199903488,0.811087,157.0810582637787,0.2912912368774414
0.806401,0.0,0.0572530564246,1425.95,2000,0.0914359188624,158.24196910858154,758.5571095943451,11.0633,-0.00170814199373,240.12013936042786,0.00170814315061,6.166571378707886,5.872664451599121,2.40314,19600.0,0.0,1.15687726066e-09,0.00685453694314,4190.25580961,1962.5,11.0579,0.0,2000,3307.68220927,21000.0,162.14566707611084,2.40363,43557.35949087143,0.806211,157.08484935760498,0.24584507942199707
0.798298,0.0,0.0609565053077,1478.55,2000,0.0957415589641,160.05680394172668,730.4387254714966,10.832,-0.00125544192269,225.12100410461426,0.00125544195907,6.191431760787964,5.674325704574585,2.38261,23500.0,0.0,3.63797880709e-11,0.00714572286233,4548.18407609,2361.9,10.8332,4.16333634234e-16,2000,3447.58972291,22400.0,153.49414563179016,2.3825,44291.95059800148,0.798315,151.31937956809998,0.2694680690765381
0.792366,0.0,0.0570544248014,1532.95,2000,0.0741594296611,158.53045320510864,735.514769077301,10.674,-0.0012810297776,228.44353938102722,0.00128102995222,6.242403268814087,5.804893493652344,2.36671,21100.0,0.0,1.7462298274e-10,0.00656614126638,3844.95746368,1848.55,10.6623,-7.4505734915e-09,2000,3418.50541867,21400.0,152.951495885849,2.36781,45031.90047574043,0.79196,155.06780195236206,0.27568602561950684
0.792267,0.0,0.0605100077494,1561.05,2000,0.0784362449602,172.63586354255676,762.7855553627014,10.6801,-0.00186187087093,229.97176122665405,0.00186187121108,6.650358200073242,5.897001028060913,2.36826,19800.0,0.0,3.40151018463e-10,0.00998509489,4121.16121378,2000.5,10.6788,3.7252845253e-09,2000,3484.86411464,19800.0,162.68748593330383,2.36838,45799.087329149246,0.792204,157.55396389961243,0.27581286430358887
0.788374,0.0,0.0628892405296,1671.65,2000,0.0871871572757,169.31755948066711,771.8801052570343,10.5762,-0.00194256589748,230.86327505111694,0.00194256502436,6.536977052688599,5.977172374725342,2.36004,20500.0,0.0,-8.73114913702e-10,0.00644848542288,4201.55753977,2186.8,10.5914,4.16333634234e-16,2000,3624.28493327,20900.0,162.07512640953064,2.35861,46575.498733997345,0.789039,159.99980902671814,0.2906157970428467
0.783825,0.0,0.0620343091377,1505.5,2000,0.0870303746263,169.36943793296814,757.7168455123901,10.4197,-0.00161448551808,229.79437589645386,0.00161448604194,6.510844707489014,5.868352890014648,2.34373,20300.0,0.0,5.23868948221e-10,0.00974465720356,4181.38359607,2153.35,10.4201,-3.72528519144e-09,2000,3403.73173884,21200.0,154.46930146217346,2.3437,47336.944605112076,0.783838,157.46644067764282,0.2588505744934082
0.780605,0.0,0.0625726653806,1562.8,2000,0.0918608590153,172.0378565788269,756.7142086029053,10.3212,-0.00108174351044,228.4834017753601,0.00108174255365,6.6216700077056885,5.8982930183410645,2.33452,17300.0,0.0,-9.56788426265e-10,0.00695342896506,4455.10655737,2363.25,10.3245,3.72528541348e-09,2000,3443.27695081,22100.0,157.87631154060364,2.3342,48097.36126446724,0.780676,157.54649472236633,0.27507925033569336
0.775698,0.0,0.0684376179582,1541.0,2000,0.0864958572418,168.4885265827179,763.4908015727997,10.1954,-0.00193842872977,231.25785183906555,0.00193842894805,6.535630941390991,5.984798431396484,2.32136,20500.0,0.0,2.18278728426e-10,0.00740756699815,4352.33852974,2226.35,10.1895,0.0,2000,3406.01658833,21300.0,162.87622952461243,2.32194,48864.824092149734,0.775406,159.93621921539307,0.26814723014831543
0.767185,0.0,0.0654308187784,1527.65,2000,0.0934798166493,168.21400237083435,758.2155408859253,9.97925,-0.00168635381851,229.70779538154602,0.00168635390582,6.561600685119629,5.954486846923828,2.3011,22000.0,0.0,8.73114913702e-11,0.0097335409373,4404.23137449,2206.0,9.98517,-2.23517613307e-08,2000,3485.08399863,20900.0,162.21962690353394,2.30051,49627.09345078468,0.767441,157.8935387134552,0.2661709785461426
0.761174,0.0,0.0639282543102,1439.05,2000,0.0677063355796,168.52023696899414,758.6457104682922,9.82755,-0.00172678136732,229.24319648742676,0.00172678331728,6.6015496253967285,5.881367444992065,2.28659,21000.0,0.0,1.9499566406e-09,0.00972304772586,3444.6219789,1468.15,9.84134,1.86264710322e-08,2000,3406.27804172,19900.0,162.51589703559875,2.28519,50390.04681110382,0.761741,157.6859254837036,0.2799971103668213
0.761107,0.0,0.055484685078,1394.85,2000,0.065590301604,169.42298245429993,760.5686647891998,9.82635,-0.00180758605711,229.90546941757202,0.00180758722126,6.563768625259399,5.929643630981445,2.28634,18800.0,0.0,1.16415321827e-09,0.0098409820348,3730.69839005,1727.65,9.83883,-2.23517542253e-08,2000,3195.09130973,21500.0,161.41028380393982,2.28507,51154.363122463226,0.76158,157.93348789215088,0.2651965618133545
0.765213,0.0,0.0571622070853,1381.1,2000,0.0846357060463,166.65794253349304,762.3399245738983,9.93778,-0.00199230760336,233.3882613182068,0.00199230780709,6.433032512664795,5.9984753131866455,2.29669,21100.0,0.0,2.03726813197e-10,0.00869480334222,4077.16091141,1929.05,9.9412,0.0,2000,3253.9180675,21900.0,161.69842839241028,2.29634,51921.03379034996,0.765366,160.8915410041809,0.2731349468231201
0.759417,0.0,0.0638130039817,1511.9,2000,0.0951026850644,165.4687056541443,754.4183301925659,9.77754,-0.00539680523798,230.38458228111267,0.00539680389193,6.461341857910156,5.917272090911865,2.27975,19300.0,0.0,-1.34605215862e-09,0.00944753363729,4217.46160356,2125.35,9.77428,3.72528496939e-09,2000,3400.08946794,22500.0,160.19124293327332,2.28009,52679.23747563362,0.759308,158.44402647018433,0.26531434059143066
0.758015,0.0,0.0686395962639,1469.1,2000,0.102432912353,164.25435137748718,756.3251156806946,9.72741,-0.00193331099581,232.92286276817322,0.00193331173796,6.452214002609253,6.049053430557251,2.27415,18700.0,0.0,7.42147676647e-10,0.00649398565292,4252.12198761,2086.45,9.7197,3.72528474735e-09,2000,3303.46109255,22100.0,158.9525556564331,2.27495,53440.0402739048,0.757689,160.1885917186737,0.26465535163879395
0.757592,0.0,0.0668814429204,1605.5,2000,0.0876523094021,167.26159858703613,757.816816329956,9.73202,-0.00213311659172,231.5041310787201,0.00213311702828,6.491904258728027,5.945847988128662,2.27814,19500.0,0.0,4.36557456851e-10,0.00994204729795,4320.02993016,2141.55,9.7585,0.0,2000,3550.16193293,20800.0,160.0474226474762,2.27542,54201.68899965286,0.758634,159.43132495880127,0.29671573638916016
0.750334,0.0,0.0598214307812,1540.8,2000,0.0844588383538,162.97312903404236,756.8695080280304,9.5451,-0.00196362053975,234.23158812522888,0.00196361893904,6.398968935012817,6.093218088150024,2.2563,21100.0,0.0,-1.60071067512e-09,0.00980967376381,4221.04934702,2207.9,9.5477,-2.23517648834e-08,2000,3449.95584899,21400.0,158.40250086784363,2.25603,54962.950410842896,0.750344,162.3765525817871,0.27014613151550293
