1Perplexity,0ExplainedVariance,ComputeUpdatedDistTime,dLoss,1ExplainedVariance,0Perplexity,LossBefore,LossAfter,1MinReturn,1PolicyExecTime,0StdReturn,0ProcessExecTime,0EnvExecTime,ItrTime,1StdReturn,0AveragePolicyStd,Time,0MinReturn,0PolicyExecTime,1MaxReturn,1Entropy,1ProcessExecTime,0MaxReturn,1AverageReturn,0AverageReturn,1AveragePolicyStd,MeanKL,1EnvExecTime,MeanKLBefore,0NumTrajs,1NumTrajs,0Entropy
17.1208,0.0552903091939,0.6938052177429199,0.00505062003504,0.187297235593,17.0795,9.02218744159e-10,-0.00505061913282,0.0,48.138641595840454,117.033725298,0.783674955368042,18.25524091720581,126.63131213188171,216.072443917,1.0,126.63131070137024,0.0,20.507144689559937,2200.0,2.84029,1.3389947414398193,1600.0,41.6428571429,14.5,1.00122,0.0093006901443,32.06322407722473,6.83941570045e-10,1400,1400,2.83788
17.209,0.0507982938721,0.08779072761535645,0.00489799355273,0.140359566753,17.2481,-1.83354131877e-09,-0.00489799538627,0.0,48.247020959854126,101.308178045,0.8404061794281006,19.50913667678833,127.75944662094116,191.661691743,1.00497,256.3559248447418,0.0,21.654526948928833,2000.0,2.84543,1.3522300720214844,1300.0,38.2857142857,12.2857142857,1.00388,0.00769591191784,32.1949028968811,-1.16415321827e-09,1400,1400,2.8477
16.9743,0.0543021875127,0.10493874549865723,0.00607358105481,0.201380141822,16.9763,-1.86264514923e-09,-0.00607358291745,0.0,48.26578187942505,122.564414551,0.678800106048584,15.763052463531494,120.75849103927612,275.543609275,0.996976,379.13683223724365,0.0,18.61807870864868,1900.0,2.8317,1.3511943817138672,1500.0,80.0714285714,18.5,0.996932,0.00857550650835,32.10826396942139,1.6589176699e-09,1400,1400,2.83182
16.863,0.0431959690141,0.09276008605957031,0.00840931250423,0.238880392283,16.7724,5.09317032993e-10,-0.00840931199491,0.0,47.291465759277344,122.717507857,0.7223386764526367,16.7209575176239,120.6956090927124,338.428872942,0.990983,502.09333181381226,0.0,19.215652227401733,1900.0,2.82512,1.3399159908294678,1400.0,117.571428571,18.6428571429,0.99368,0.00776565168053,31.476155996322632,-1.74622316607e-10,1400,1400,2.81974
16.4094,0.0748955028874,0.08263134956359863,0.0088309874991,0.291393446383,16.5123,5.82076609135e-10,-0.00883098691702,0.0,48.15002512931824,174.588437329,0.8200483322143555,18.90791964530945,126.36306715011597,402.046194929,0.983262,630.6711978912354,0.0,21.014983654022217,2300.0,2.79785,1.3493103981018066,1700.0,154.0,32.1428571429,0.980207,0.00835789367557,32.114296674728394,-1.30385267028e-08,1400,1400,2.80411
16.2912,0.0633244886288,0.08562731742858887,0.00704169092933,0.395910625263,16.2974,-8.73114913702e-10,-0.00704169180244,0.0,47.77816653251648,187.794883762,0.7260558605194092,16.79196262359619,121.88621640205383,664.770172806,0.976841,754.7469086647034,0.0,19.40234136581421,2600.0,2.79063,1.3457400798797607,1700.0,357.214285714,37.2857142857,0.976659,0.00850393343717,31.91669249534607,2.79396838998e-09,1400,1400,2.79101
15.8852,0.0543728869731,0.11331844329833984,0.00609500368591,0.466417703362,15.9552,-1.04773789644e-09,-0.00609500473365,0.0,48.48661708831787,151.501060817,0.8434484004974365,19.52061676979065,128.3113293647766,722.0115007,0.966533,885.0902934074402,0.0,21.532920598983765,2700.0,2.76539,1.36619234085083,2000.0,431.5,26.0,0.964431,0.00658874353394,32.469945669174194,-4.65662119975e-10,1400,1400,2.76979
15.9367,0.0791290435851,0.07712984085083008,0.00699129211716,0.479002850985,15.9247,6.98491930962e-10,-0.00699129141867,0.0,48.39393186569214,203.932711992,0.7710905075073242,17.911276817321777,125.07671427726746,727.42873976,0.965604,1012.3868441581726,0.0,20.23739457130432,2800.0,2.76863,1.366107702255249,1900.0,476.0,40.1428571429,0.965976,0.00735551957041,32.432713747024536,-1.86264603741e-09,1400,1400,2.76787
15.7275,0.0766109029426,0.1006615161895752,0.00748802442104,0.404734703455,15.7179,-1.39698386192e-09,-0.00748802581802,0.0,48.09537887573242,200.336133352,0.8430995941162109,19.280666828155518,126.88325667381287,722.976430022,0.959312,1141.6517627239227,0.0,21.337390184402466,2900.0,2.75541,1.3458442687988281,2000.0,415.285714286,36.0714285714,0.959626,0.00987433455884,31.960528135299683,-9.31322907682e-10,1400,1400,2.7548
15.4071,0.0512805094712,0.08389925956726074,0.0073809340829,0.409937312276,15.3729,-8.14907252789e-10,-0.00738093489781,0.0,43.99819231033325,169.910525674,0.8183302879333496,18.63047504425049,117.92144322395325,701.500941859,0.948728,1261.7882466316223,0.0,20.33821964263916,2700.0,2.73483,1.2386739253997803,1700.0,375.0,26.3571428571,0.949791,0.00964266434312,29.043510675430298,-3.72528696779e-09,1400,1400,2.73261
15.2915,0.0743486268629,0.07865619659423828,0.00777596537955,0.464559041263,15.3527,2.09547579288e-09,-0.00777596328408,0.0,41.36490178108215,197.408516658,0.8507025241851807,19.459275484085083,114.61880612373352,745.039757191,0.948102,1378.5332355499268,0.0,20.475234746932983,2800.0,2.7273,1.1465518474578857,1700.0,548.785714286,36.8571428571,0.946236,0.00786684826016,27.298784017562866,1.58324979793e-08,1400,1400,2.73129
14.9363,0.0342457947052,0.08197593688964844,0.00592151575256,0.354490519392,14.9142,-8.14907252789e-10,-0.00592151656747,0.0,47.492262840270996,127.918480897,0.7068803310394287,16.890608549118042,121.56351161003113,563.18572262,0.93448,1502.2518401145935,0.0,19.214256048202515,2600.0,2.70379,1.312791347503662,1700.0,274.357142857,16.0714285714,0.935198,0.00824794825166,31.937833070755005,-5.58792923044e-09,1400,1400,2.70231
14.6298,0.0490159825695,0.12872719764709473,0.0041260331891,0.434111539101,14.5382,-3.35057848133e-09,-0.00412603653967,0.0,42.12603306770325,175.966703135,0.7907519340515137,18.41340208053589,114.33691453933716,781.593492651,0.922673,1618.842470407486,0.0,20.170838594436646,2800.0,2.68306,1.186551570892334,1800.0,562.428571429,32.0714285714,0.925614,0.00804350804538,27.767807483673096,-2.1371793224e-15,1400,1400,2.67678
14.2652,0.0729831979756,0.07791781425476074,0.00795630645007,0.465477277235,14.2422,-9.31322574615e-10,-0.00795630738139,0.0,43.82099509239197,231.574457987,0.8281564712524414,19.417104482650757,119.52898931503296,864.204337964,0.913243,1740.5006523132324,0.0,21.445690631866455,2800.0,2.65782,1.2270870208740234,1900.0,716.928571429,48.6428571429,0.913993,0.00695507088676,28.862268686294556,-2.77555756156e-17,1400,1400,2.65621
13.6549,0.0577482603978,0.08032083511352539,0.00622445275076,0.439740631702,13.6969,-2.32830643654e-10,-0.00622445298359,0.0,45.29960322380066,177.70611775,0.8135254383087158,19.26713752746582,121.87033891677856,933.010171216,0.895524,1864.403002023697,0.0,21.30654501914978,2900.0,2.6141,1.2663538455963135,1800.0,728.142857143,32.5,0.894175,0.00649042520672,29.98778986930847,3.72529118664e-09,1400,1400,2.61717
13.1635,0.0490848238152,0.09711575508117676,0.00829947483726,0.473629701726,13.1558,2.09547579288e-09,-0.00829947274178,0.0,46.74035334587097,148.716258392,0.8520338535308838,19.801207065582275,125.27681517601013,854.34349721,0.87767,1991.8358738422394,0.0,21.467806816101074,2700.0,2.57745,1.3002443313598633,1600.0,738.785714286,22.7857142857,0.877946,0.00952200498432,31.144418954849243,-3.72529118664e-09,1400,1400,2.57686
12.5876,0.0613074676889,0.08338451385498047,0.00614440382924,0.455257138893,12.5841,8.14907252789e-10,-0.00614440301433,0.0,47.484620332717896,182.3230901,0.7833418846130371,18.647514820098877,124.61781334877014,826.272673282,0.858381,2118.5060606002808,0.0,20.672380924224854,2800.0,2.53271,1.3082010746002197,1600.0,571.428571429,33.9285714286,0.858517,0.00679159956053,31.76442313194275,3.72529207482e-09,1400,1400,2.53244
12.1381,0.0488212148546,0.07433509826660156,0.00563917227555,0.452033819221,12.1327,1.04773789644e-09,-0.00563917122781,0.0,45.70638656616211,152.933158669,0.7171308994293213,16.89509677886963,118.04842352867126,802.244949616,0.842894,2238.703799724579,0.0,19.26255965232849,2700.0,2.49635,1.276773452758789,1800.0,527.571428571,24.1428571429,0.843073,0.00670849438757,30.330671548843384,0.0,1400,1400,2.4959
11.6987,0.0603689239685,0.08283710479736328,0.00626895407913,0.396490929411,11.7045,-1.68802216649e-09,-0.00626895576715,0.0,47.37759232521057,194.334014479,0.799006462097168,18.829289436340332,124.67776489257812,840.194571732,0.827826,2365.492073059082,0.0,20.477829456329346,2700.0,2.45948,1.3178083896636963,1800.0,627.285714286,32.9285714286,0.82763,0.0093565993011,31.90023183822632,-3.72529207482e-09,1400,1400,2.45997
11.1824,0.0479629086512,0.07516217231750488,0.00228753255215,0.368476746715,11.2062,-1.16415321827e-10,-0.00228753266856,0.0,37.03933072090149,153.307680492,0.8008489608764648,18.69989848136902,106.42776560783386,736.239424234,0.810023,2474.043443918228,0.0,20.733046054840088,2800.0,2.41434,1.0367469787597656,1600.0,540.285714286,25.5714285714,0.80918,0.00421562697738,24.25788116455078,2.6077016102e-08,1400,1400,2.41647
10.7752,0.0737667946325,0.08197617530822754,0.00455209064603,0.495049274892,10.7696,-1.75714376383e-09,-0.00455209240317,0.0,47.34917712211609,184.373055161,0.7385427951812744,17.43001413345337,121.47366905212402,944.958956025,0.794121,2597.6737942695618,0.0,18.99923825263977,2900.0,2.37724,1.3164699077606201,1900.0,882.0,30.9285714286,0.79433,0.0080879656598,31.748801946640015,0.0,1400,1400,2.37673
10.6785,0.0568393062679,0.0798184871673584,0.00461492862087,0.464506803173,10.619,-1.16415321827e-10,-0.00461492873728,0.0,34.664905309677124,155.06489754,0.7359073162078857,17.306031465530396,98.95540452003479,936.356461754,0.788517,2698.7933802604675,0.0,19.066946029663086,2800.0,2.36823,0.953812837600708,1900.0,783.071428571,23.8571428571,0.79076,0.00905435625464,22.46940302848816,-7.45059214324e-09,1400,1400,2.36264
10.6247,0.0664822495224,0.08103036880493164,0.00356943786028,0.416701572504,10.5952,6.69388100505e-10,-0.00356943719089,0.0,40.817522048950195,156.843464795,0.8271112442016602,19.13717484474182,112.49837279319763,1088.15831822,0.787636,2813.4560799598694,0.0,19.504403591156006,2900.0,2.36318,1.1265573501586914,1800.0,989.785714286,24.6428571429,0.788766,0.00766287231818,27.11580181121826,3.72529163073e-09,1400,1400,2.3604
10.3922,0.0610356426022,0.0767664909362793,0.00534570612945,0.449430105736,10.3671,1.62981450558e-09,-0.00534570449963,0.0,37.163692474365234,159.817737388,0.7963697910308838,18.76640820503235,105.91678857803345,894.212317276,0.779097,2921.574456214905,0.0,19.986562252044678,2700.0,2.34105,1.029372215270996,1700.0,683.785714286,26.0714285714,0.780044,0.00750158587471,24.367326498031616,-3.72529207482e-09,1400,1400,2.33863
10.0145,0.0676056419692,0.07900524139404297,0.00264674398932,0.502009475741,10.0497,-9.60426405072e-10,-0.00264674494974,0.0,40.38215708732605,155.638513674,0.7663545608520508,17.860177993774414,109.36363482475281,973.937767781,0.767078,3033.0267651081085,0.0,18.67598032951355,2900.0,2.30404,1.1180243492126465,1800.0,913.714285714,23.7142857143,0.765748,0.0088176978752,26.695909023284912,7.45058414964e-09,1400,1400,2.30754
9.78195,0.0506220304605,0.08323121070861816,0.00715618929826,0.487732643351,9.82304,-1.62981450558e-09,-0.00715619092807,0.0,47.39462399482727,131.596088894,0.6489245891571045,15.45902419090271,118.30410861968994,929.368438176,0.758379,3153.473740339279,0.0,17.716076135635376,2900.0,2.28054,1.3091042041778564,1700.0,745.857142857,18.4285714286,0.756804,0.00896538235247,31.86472201347351,2.23517400144e-08,1400,1400,2.28473
9.69253,0.0654383446092,0.08321762084960938,0.00636906159343,0.474119047571,9.62701,2.1536834538e-09,-0.00636905943975,0.0,47.16857981681824,133.214496361,0.7763378620147705,18.539954900741577,123.7984447479248,967.579338096,0.750773,3279.4027202129364,0.0,20.643517017364502,2900.0,2.27136,1.300675630569458,1700.0,791.285714286,18.4285714286,0.753337,0.00672644283623,31.311903953552246,2.23517435671e-08,1400,1400,2.26457
9.31216,0.057783017491,0.0774850845336914,0.00592644629069,0.470888113082,9.29862,2.09547579288e-09,-0.00592644419521,0.0,47.76821994781494,123.986174344,0.8283941745758057,19.680652379989624,126.93701076507568,941.905970436,0.737857,3408.4693627357483,0.0,21.337186813354492,2900.0,2.23132,1.3338758945465088,1600.0,766.0,16.0,0.738406,0.00759472185746,31.970824241638184,0.0,1400,1400,2.22987
9.25441,0.0572319589039,0.07720804214477539,0.00349838641705,0.45117021094,9.18333,7.56699591875e-10,-0.00349838566035,0.0,46.74142408370972,147.367096818,0.826045036315918,19.469966411590576,124.61829137802124,866.762304705,0.733282,3535.2415437698364,0.0,21.304266691207886,2800.0,2.2251,1.2967603206634521,1800.0,630.5,20.2857142857,0.736117,0.00362018402666,31.10103678703308,0.0,1400,1400,2.21739
9.08124,0.063900534508,0.08344364166259766,0.00654615042731,0.473564563624,9.10639,1.86264514923e-09,-0.00654614856467,0.0,45.96072483062744,149.658642195,0.7480411529541016,17.773590564727783,120.29810404777527,922.631540315,0.730197,3657.696686267853,0.0,19.845665454864502,2800.0,2.20621,1.2750084400177002,1800.0,621.571428571,21.9285714286,0.729202,0.00788117200136,30.714468240737915,1.49011629702e-08,1400,1400,2.20898
8.7424,0.0732342728486,0.07714509963989258,0.00739103890373,0.523679557516,8.74523,-3.78349795938e-10,-0.00739103928208,0.0,47.66071534156799,125.283169057,0.9088690280914307,21.30504822731018,129.79426264762878,964.589105711,0.715568,3789.6825544834137,0.0,22.586817502975464,2800.0,2.16818,1.3220412731170654,1500.0,805.0,17.6428571429,0.715454,0.00894875731319,31.97791862487793,0.0,1400,1400,2.16851
8.58017,0.0685920811224,0.07712125778198242,0.00562037329655,0.511561731934,8.58762,8.14907252789e-10,-0.00562037248164,0.0,45.24135088920593,145.934777156,0.7263901233673096,17.14301872253418,117.29853987693787,1066.91006975,0.709126,3909.1705107688904,0.0,19.057892084121704,2900.0,2.14945,1.2583966255187988,1500.0,865.214285714,20.4285714286,0.708833,0.00895216874778,30.13043713569641,0.0,1400,1400,2.15032
8.49719,0.0606337378461,0.07989954948425293,0.00394117482938,0.521240868097,8.44888,1.16415321827e-09,-0.00394117366523,0.0,46.55940365791321,122.636658467,0.7066833972930908,16.578599452972412,119.15478730201721,1039.99127744,0.703377,4030.4772021770477,0.0,18.81955599784851,2900.0,2.13974,1.29331636428833,1700.0,819.0,14.5,0.705374,0.00878617819399,31.29176640510559,0.0,1400,1400,2.13403
8.47117,0.120598012687,0.07475471496582031,0.00559117970988,0.497909014023,8.4511,-9.31322574615e-10,-0.0055911806412,0.0,45.681880235672,142.822692275,0.8467910289764404,19.46859574317932,122.71922492980957,997.464620108,0.703546,4155.390882730484,0.0,21.035038948059082,2900.0,2.13667,1.274219274520874,1800.0,799.785714286,19.5,0.704387,0.00694971298799,30.438202381134033,-7.45058237328e-09,1400,1400,2.1343
8.41298,0.166447349494,0.0792078971862793,0.00517108137137,0.520116544161,8.39449,-2.00816430151e-09,-0.00517108337954,0.0,47.54748272895813,137.083897296,0.8333401679992676,19.323501110076904,125.3693835735321,911.718938856,0.701212,4282.904628038406,0.0,20.89785361289978,2900.0,2.12978,1.3103485107421875,1700.0,655.071428571,16.9285714286,0.701957,0.00503036892042,31.474010705947876,1.49011665229e-08,1400,1400,2.12758
8.21807,0.0704494603371,0.0840754508972168,0.00739033706486,0.538131950164,8.23757,-1.86264514923e-09,-0.00739033892751,0.0,46.23617148399353,113.727565628,0.8735692501068115,20.304372549057007,125.63169956207275,983.932250447,0.694679,4410.402997493744,0.0,21.985394716262817,2900.0,2.10634,1.2867417335510254,1400.0,752.428571429,13.4285714286,0.693852,0.0080262478441,31.019089221954346,0.0,1400,1400,2.10871
7.93803,0.102302663955,0.07688736915588379,0.00664137117565,0.518069248041,7.9528,3.25962901115e-09,-0.00664136791602,0.0,46.15605449676514,160.625753393,0.8662667274475098,20.42794132232666,125.40801358222961,987.491152117,0.68262,4538.309131145477,0.0,22.152124166488647,2900.0,2.07167,1.2881669998168945,1900.0,764.285714286,23.2857142857,0.681964,0.00883715972304,30.61989188194275,0.0,1400,1400,2.07352
7.68215,0.119581186915,0.09116268157958984,0.00574705554754,0.514869586545,7.70468,2.70665623248e-09,-0.00574705284089,0.0,45.45594239234924,147.120941502,0.7821321487426758,18.298431634902954,119.80709648132324,1058.81787906,0.671957,4660.286748170853,0.0,19.835798501968384,2900.0,2.0389,1.2711100578308105,1700.0,920.642857143,22.0,0.670957,0.00907381437719,30.226878881454468,0.0,1400,1400,2.04183
7.61261,0.0922292007537,0.07291054725646973,0.00566008524038,0.508762803187,7.62374,1.62981450558e-09,-0.00566008361056,0.0,44.96012759208679,116.162359986,0.8016982078552246,18.479426622390747,120.35479474067688,947.076608327,0.668532,4782.505131483078,0.0,20.609517812728882,2800.0,2.02981,1.2752857208251953,1700.0,729.571428571,13.8571428571,0.668077,0.00681818649173,30.328939199447632,0.0,1400,1400,2.03127
7.48188,0.0740868459796,0.07956433296203613,0.00359326219768,0.503559497532,7.53935,-5.20958565176e-09,-0.00359326740727,0.0,42.71028542518616,144.57756904,0.7854824066162109,18.56548762321472,115.63550353050232,1024.23683635,0.664873,4900.553785562515,0.0,20.252896547317505,2900.0,2.01248,1.1756830215454102,1800.0,781.785714286,19.5714285714,0.662362,0.00872337631881,28.318788051605225,-7.45058326146e-09,1400,1400,2.02014
7.41242,0.106251567453,0.08266043663024902,0.00408433820121,0.549315153893,7.43102,-1.16415321827e-09,-0.00408433936536,0.0,47.784568548202515,145.76677976,0.6825027465820312,16.173829078674316,120.31959843635559,1067.34188238,0.660071,5023.0689351558685,0.0,18.248344659805298,2900.0,2.00316,1.3123486042022705,1800.0,861.142857143,17.7857142857,0.659221,0.00678420811892,32.183945178985596,0.0,1400,1400,2.00566
7.30534,0.183974283351,0.0825812816619873,0.00623060017824,0.482507987521,7.28905,0.0,-0.00623060017824,0.0,47.59279656410217,133.511369232,0.8362798690795898,19.90337562561035,127.72412943840027,845.058260882,0.653831,5152.829949617386,0.0,21.933498859405518,2700.0,1.9886,1.3254776000976562,1900.0,571.5,17.0,0.654513,0.00905525870621,32.2024085521698,0.0,1400,1400,1.98637
7.0648,0.0647832224923,0.09246110916137695,0.00389916202403,0.53984866339,7.12314,-3.40514816344e-09,-0.00389916542917,0.0,47.64197278022766,140.073431908,0.6833622455596924,16.358362913131714,120.47948360443115,1143.81386517,0.646522,5275.710522651672,0.0,18.62639880180359,3000.0,1.95512,1.3215913772583008,1900.0,1007.35714286,16.9285714286,0.643883,0.00684778345749,31.951925039291382,0.0,1400,1400,1.96335
7.08666,0.0720727287012,0.07715630531311035,0.00430171968765,0.543913868301,7.06221,7.85803422332e-10,-0.00430171890184,0.0,48.054115533828735,152.409072926,0.8595929145812988,20.01536750793457,128.7121500968933,1202.15235333,0.643842,5406.267397642136,0.0,22.029935359954834,2900.0,1.95821,1.3409514427185059,1900.0,1093.92857143,21.2142857143,0.644903,0.00658953376114,32.408050298690796,7.45058237328e-09,1400,1400,1.95476
6.75624,0.0958181950374,0.07642936706542969,0.00343922153115,0.540321660974,6.75819,9.31322574615e-10,-0.00343922059983,0.0,47.78851342201233,156.783680429,0.7560710906982422,17.717355489730835,123.4294502735138,1059.52104842,0.629629,5532.211428165436,0.0,19.91328191757202,2900.0,1.91047,1.3202810287475586,2000.0,708.071428571,22.1428571429,0.629406,0.007733178325,31.983103036880493,0.0,1400,1400,1.91076
6.69026,0.0754911594097,0.0837547779083252,0.00300683375826,0.557829175978,6.67576,1.08411768451e-09,-0.00300683267415,0.0,48.289846420288086,163.434065842,0.8036184310913086,19.12219738960266,126.71144533157349,1155.26478765,0.625842,5660.7927124500275,0.0,20.983293771743774,2900.0,1.90065,1.3439922332763672,1800.0,1021.35714286,25.1428571429,0.626499,0.00363126560114,32.12882661819458,0.0,1400,1400,1.89848
6.64573,0.107293769427,0.08306884765625,-1.22236087918e-09,0.518671067469,6.60988,-2.32830643654e-09,-1.10594555736e-09,0.0,47.878984689712524,185.53199845,0.8647689819335938,20.27559757232666,129.09002017974854,1063.78026109,0.622712,5791.703505516052,0.0,22.247792959213257,2900.0,1.89397,1.3247880935668945,1800.0,775.357142857,29.1428571429,0.62438,0.0,31.915451526641846,0.0,1400,1400,1.88857
6.62981,0.0431517419724,0.08190488815307617,0.00412473315373,0.544901882939,6.60988,-1.86264514923e-09,-0.00412473501638,0.0,47.908886194229126,119.004030115,0.7569668292999268,17.704415798187256,123.8491382598877,1135.3682649,0.622712,5917.951987981796,0.0,19.94206428527832,3000.0,1.89158,1.332057237625122,1700.0,946.785714286,15.4285714286,0.623594,0.00804389081895,32.18494892120361,0.0,1400,1400,1.88857
6.60677,0.0771032913961,0.08017516136169434,0.00347182177939,0.529136114181,6.58343,2.56113708019e-09,-0.00347181921825,0.0,47.82740807533264,161.556902214,0.788372278213501,18.742096185684204,125.76790571212769,1118.1039983,0.621408,6045.907690525055,0.0,21.04761266708374,2900.0,1.88809,1.321472406387329,2200.0,953.857142857,23.2857142857,0.62254,0.00479324581102,32.12806153297424,0.0,1400,1400,1.88456
6.57252,0.0606659493469,0.08124947547912598,0.00358693656744,0.556428801293,6.56274,-3.43425199389e-09,-0.0035869400017,0.0,47.94630265235901,137.757476926,0.8196907043457031,19.071333408355713,126.5316424369812,1174.04602177,0.620383,6174.354295969009,0.0,21.187050580978394,3000.0,1.8829,1.3306903839111328,1600.0,851.285714286,19.8571428571,0.620803,0.00594588043168,32.19943714141846,1.49011665229e-08,1400,1400,1.88141
6.50431,0.0655091477141,0.08298182487487793,0.00315961486194,0.536695576877,6.50632,3.37604433298e-09,-0.0031596114859,0.0,47.955769300460815,136.495477237,0.8727848529815674,20.63157629966736,129.00645470619202,1111.15396672,0.617804,6305.844042539597,0.0,22.21171998977661,2900.0,1.87247,1.3291263580322266,1800.0,976.071428571,18.6428571429,0.617705,0.00742430659011,32.0206241607666,-7.45058326146e-09,1400,1400,1.87277
6.47733,0.0947516600728,0.0789022445678711,0.0045582348248,0.541708301351,6.4471,2.21189111471e-09,-0.00455823261291,0.0,43.88511085510254,153.372146448,0.8812320232391357,20.6865017414093,122.25525212287903,1143.8344036,0.614954,6430.281138658524,0.0,22.492192029953003,2900.0,1.86831,1.2019598484039307,1800.0,880.0,22.6428571429,0.61639,0.00830955430865,29.11309552192688,0.0,1400,1400,1.86363
6.37,0.0675598565194,0.07764267921447754,-8.44011083245e-10,0.522805199514,6.30677,-3.20142135024e-10,5.23868948221e-10,0.0,45.43587350845337,136.935557613,0.7958252429962158,18.72155261039734,121.44535970687866,1156.95892498,0.608232,6553.847108602524,0.0,20.558756589889526,2900.0,1.8516,1.265639305114746,2000.0,976.785714286,18.2857142857,0.611288,-2.23517435671e-08,30.31402850151062,0.0,1400,1400,1.84162
6.33666,0.0870660911175,0.07680559158325195,0.00254948477959,0.555876277117,6.30677,-7.56699591875e-10,-0.00254948553629,0.0,44.64859127998352,175.371326165,0.7306902408599854,16.988378047943115,116.04921364784241,1172.15161484,0.608232,6672.100949764252,0.0,18.742481470108032,3000.0,1.84635,1.2403554916381836,2000.0,1033.85714286,28.5714285714,0.609744,0.00785161461681,29.840105295181274,0.0,1400,1400,1.84162
6.28441,0.0683405332916,0.10290694236755371,0.0040678700534,0.56961006725,6.27809,2.05909600481e-09,-0.00406786799431,0.0,47.86760067939758,165.096987574,0.76285719871521,18.010633945465088,124.3504364490509,1190.17979906,0.606776,6798.578454732895,0.0,20.093456983566284,2900.0,1.83807,1.3249194622039795,2000.0,925.785714286,24.6428571429,0.607092,0.0071405665949,32.395809173583984,0.0,1400,1400,1.83707
6.2064,0.0933999232044,0.08373761177062988,0.00430026405957,0.497254474899,6.2229,1.7462298274e-09,-0.00430026231334,0.0,46.10493230819702,148.641398359,0.8149502277374268,19.17715883255005,123.15229058265686,1055.6373063,0.604135,6923.9328854084015,0.0,21.081401586532593,2800.0,1.82558,1.2816786766052246,1800.0,763.142857143,20.1428571429,0.603354,0.00989739317447,30.78657102584839,0.0,1400,1400,1.82824
6.17589,0.098392823689,0.07640337944030762,0.00349255750189,0.538868482918,6.18824,7.56699591875e-10,-0.00349255674519,0.0,46.11014151573181,162.046289683,0.7154359817504883,17.06272029876709,119.41595578193665,1134.36118632,0.60248,7045.543471813202,0.0,19.53345799446106,2900.0,1.82065,1.2799179553985596,2400.0,891.357142857,21.0,0.601863,0.00549631891772,30.816221952438354,-7.45058237328e-09,1400,1400,1.82265
6.11302,0.0909059089428,0.07366704940795898,0.00444395432714,0.528733663794,6.13086,-1.2805685401e-09,-0.00444395560771,0.0,45.03592586517334,172.910838767,0.8175332546234131,19.31941819190979,121.7646312713623,1155.3935278,0.599731,7169.120839834213,0.0,21.275854110717773,3000.0,1.81042,1.2703208923339844,2100.0,911.714285714,26.3571428571,0.598773,0.00588463898748,30.138962030410767,0.0,1400,1400,1.81334
6.14832,0.135842034947,0.08994126319885254,0.0034265301656,0.516720250967,6.14141,-1.62981450558e-09,-0.00342653179541,0.0,45.68905162811279,161.890552598,0.7326176166534424,17.53380298614502,119.42552661895752,1155.30577055,0.600231,7290.8201451301575,0.0,19.72504949569702,2900.0,1.81618,1.274463415145874,2100.0,1027.07142857,20.1428571429,0.600518,0.00716292811558,30.495436668395996,0.0,1400,1400,1.81505
6.09877,0.112875638964,0.10433053970336914,0.00280710839434,0.522264265912,6.09657,-1.22236087918e-09,-0.0028071096167,0.0,46.27296042442322,195.752746482,0.920238733291626,21.515655517578125,127.7631824016571,1133.93610796,0.598117,7420.801595926285,0.0,22.950836181640625,3000.0,1.80809,1.2834117412567139,2100.0,928.214285714,29.0714285714,0.598227,0.00687213102356,30.795408725738525,0.0,1400,1400,1.80773
6.06112,0.101758294041,0.12963581085205078,0.00460213865153,0.500240754748,6.05426,1.62981450558e-09,-0.00460213702172,0.0,46.32650828361511,157.336747268,0.7737147808074951,18.120851039886475,121.24245977401733,1020.47578939,0.596201,7544.2249212265015,0.0,19.91472291946411,2800.0,1.80189,1.2923617362976074,2000.0,718.142857143,20.9285714286,0.596574,0.00648775557056,30.82739281654358,-7.45058237328e-09,1400,1400,1.80076
5.99038,0.134127863959,0.0841524600982666,0.00414044322679,0.538016136864,5.9898,-8.73114913702e-10,-0.0041404440999,0.0,48.30892992019653,178.215359287,0.9022960662841797,21.247663259506226,128.5273516178131,1156.62104416,0.593143,7674.794014453888,0.0,22.57070541381836,2900.0,1.79015,1.2751953601837158,2000.0,1015.78571429,25.0,0.593098,0.00674789911136,30.073938846588135,1.49011682993e-08,1400,1400,1.79006
5.92795,0.104792592224,0.08865094184875488,-1.99361238629e-09,0.54467426555,5.92955,-3.25962901115e-09,-1.26601662487e-09,0.0,47.62151551246643,166.720452206,0.9173703193664551,20.60587739944458,132.18999123573303,1108.95177339,0.5902,7809.080898284912,0.0,25.585105180740356,2900.0,1.77968,1.3131628036499023,2000.0,834.5,22.9285714286,0.590137,0.0,31.64212965965271,0.0,1400,1400,1.77995
5.91744,0.0642709943056,0.07665348052978516,0.00337923516054,0.529522827293,5.92955,-5.00585883856e-09,-0.0033792401664,0.0,44.633150577545166,152.822943437,0.7846736907958984,18.465318202972412,119.10032486915588,1095.77416255,0.5902,7930.404133558273,0.0,20.40796971321106,2900.0,1.7779,1.2457704544067383,1700.0,813.642857143,20.9285714286,0.589659,0.00416607502848,29.676187992095947,0.0,1400,1400,1.77995
5.87299,0.112150674771,0.07379269599914551,0.00297358655371,0.529868948129,5.85806,1.16415321827e-09,-0.00297358538955,0.0,45.47314929962158,204.502569716,0.7659680843353271,18.441561698913574,120.75552439689636,1176.39514221,0.586645,8053.365751504898,0.0,20.420997858047485,2900.0,1.77036,1.2676312923431396,2100.0,1010.42857143,34.6428571429,0.587313,0.00952525343746,30.511064291000366,0.0,1400,1400,1.76782
5.82857,0.111568564657,0.08555483818054199,0.00353846419603,0.54549026644,5.81644,4.65661287308e-10,-0.00353846373037,0.0,45.93777275085449,178.850296537,0.7871346473693848,18.59533977508545,121.79266858100891,1144.85406788,0.58465,8177.296164512634,0.0,20.497567653656006,2900.0,1.76277,1.2793984413146973,2000.0,991.857142857,28.0,0.585346,0.00680716801435,30.762463331222534,0.0,1400,1400,1.76069
5.82998,0.105727773484,0.08229422569274902,1.49884726852e-09,0.529121855028,5.83205,-1.2805685401e-09,-2.77941580862e-09,0.0,47.373878479003906,174.449206104,0.8354790210723877,19.503185272216797,126.34557485580444,1186.22673092,0.585375,8305.748718976974,0.0,21.088470697402954,3000.0,1.76301,1.3187384605407715,1900.0,997.0,26.7857142857,0.58529,0.0,31.74297595024109,0.0,1400,1400,1.76337
5.86187,0.111732937218,0.09374880790710449,0.00288134736184,0.503431146063,5.83205,-7.27595761418e-11,-0.0028813474346,0.0,43.93354654312134,195.066916828,0.8026490211486816,18.876678466796875,118.17307806015015,1222.64742653,0.585375,8426.251823663712,0.0,20.132908582687378,3000.0,1.76847,1.2222895622253418,2000.0,931.357142857,30.5714285714,0.586773,0.00696354033425,29.32577419281006,0.0,1400,1400,1.76337
5.77231,0.0850715579628,0.08348560333251953,0.00455044804403,0.519804709176,5.77563,-1.50612322614e-09,-0.00455044955015,0.0,47.798333406448364,176.58899589,0.8071644306182861,18.771215677261353,124.90849113464355,1115.50564859,0.582546,8553.305539131165,0.0,20.02703547477722,3000.0,1.75307,1.3262386322021484,1800.0,819.928571429,28.5714285714,0.582298,0.00967706367373,32.28260326385498,0.0,1400,1400,1.75365
5.76871,0.0678247121132,0.0768117904663086,0.00309058523271,0.519260003498,5.7231,-3.49245965481e-10,-0.00309058558196,0.0,47.67070198059082,154.95562235,0.7847135066986084,18.73288345336914,125.29849195480347,1104.00504426,0.580038,8680.814497947693,0.0,20.60432744026184,2900.0,1.75245,1.3198368549346924,2000.0,814.928571429,20.4285714286,0.582224,0.00706391083077,32.21157908439636,0.0,1400,1400,1.74451
5.68646,0.111697763601,0.0750575065612793,0.0029469934525,0.54166948518,5.68634,3.37604433298e-09,-0.00294699007645,0.0,47.5466206073761,196.079312878,0.6637210845947266,15.894123077392578,119.55114316940308,1203.50269198,0.578268,8802.12176990509,0.0,18.167575120925903,2900.0,1.73809,1.3180298805236816,2200.0,1098.35714286,31.2142857143,0.578232,0.00634280545637,32.07496118545532,-7.45058237328e-09,1400,1400,1.73807
5.67018,0.0683909192901,0.07730388641357422,0.00357814086601,0.547154695762,5.66182,4.65661287308e-10,-0.00357814040035,0.0,47.79971694946289,182.173820898,0.6996128559112549,16.612576484680176,121.42886328697205,1158.71665243,0.577013,8925.824652194977,0.0,18.961450815200806,2900.0,1.73522,1.3124942779541016,2100.0,980.071428571,27.3571428571,0.577367,0.00874388124794,32.1783173084259,0.0,1400,1400,1.73375
5.64107,0.128116570971,0.07884836196899414,0.00637133669807,0.514232734957,5.63848,-2.61934474111e-09,-0.00637133931741,0.0,47.604501247406006,200.92793662,0.77972412109375,18.669953107833862,125.10652112960815,1135.019473,0.575801,9053.134654521942,0.0,20.77319836616516,2900.0,1.73007,1.3168792724609375,2000.0,843.285714286,31.5,0.575876,0.00961787533015,32.0246467590332,0.0,1400,1400,1.72962
5.6028,0.106840913223,0.07816624641418457,0.0023054049816,0.557149668429,5.62905,3.0267983675e-09,-0.0023054019548,0.0,47.785682916641235,174.79731703,0.7451691627502441,17.865121603012085,123.7982246875763,1154.89640626,0.575366,9179.007464408875,0.0,19.937492609024048,2900.0,1.72327,1.3288090229034424,2300.0,849.928571429,27.5714285714,0.573951,0.00772632658482,32.197707176208496,-1.49011647466e-08,1400,1400,1.72794
5.63225,0.0876571126468,0.10210537910461426,0.0021948945141,0.546005771827,5.61571,5.02041075379e-10,-0.00219489401206,0.0,47.96229362487793,174.529747187,0.8203840255737305,19.70018768310547,127.79129195213318,1206.88973678,0.574756,9308.99132490158,0.0,21.474925994873047,3000.0,1.72851,1.3312318325042725,2000.0,889.857142857,25.2857142857,0.575636,0.00659269979224,32.50506091117859,0.0,1400,1400,1.72557
5.61178,0.0844955502073,0.08451485633850098,0.00231022108346,0.525369218483,5.6025,1.16415321827e-09,-0.00231021991931,0.0,47.96074199676514,157.330910206,0.755549430847168,17.925865650177002,124.47990655899048,1149.06030596,0.574169,9435.696478128433,0.0,20.113800764083862,2900.0,1.72487,1.3317160606384277,1900.0,969.357142857,21.6428571429,0.574754,0.00419627549127,32.45315909385681,-7.45058237328e-09,1400,1400,1.72321
5.55743,0.101190095776,0.08398723602294922,0.00313685840229,0.542444941564,5.56983,-2.03726813197e-09,-0.00313686043955,0.0,47.9314649105072,161.77074986,0.7401273250579834,17.69920587539673,124.06405997276306,1162.62783804,0.572647,9561.985595703125,0.0,19.988362312316895,2900.0,1.71514,1.319434404373169,1900.0,1053.28571429,22.7142857143,0.571937,0.00717678060755,32.40730857849121,0.0,1400,1400,1.71737
5.53977,0.0783049632391,0.11203432083129883,0.00402113003656,0.523901401931,5.54395,7.45058059692e-09,-0.00402112258598,0.0,47.95794486999512,177.944485152,0.717322587966919,17.070882320404053,122.81017899513245,1129.63506614,0.571355,9686.661684274673,0.0,19.355822563171387,3000.0,1.71195,1.325589656829834,2000.0,981.785714286,28.7857142857,0.571053,0.00909491162747,32.40945363044739,0.0,1400,1400,1.71271
5.53432,0.13073546767,0.07785320281982422,0.00235788262216,0.560587587315,5.5265,-5.82076609135e-11,-0.00235788268037,0.0,47.81092882156372,196.617817927,0.7647709846496582,18.27589225769043,124.59982895851135,1272.59171315,0.570525,9813.577720880508,0.0,20.2742702960968,2900.0,1.71097,1.3195898532867432,2200.0,1233.21428571,34.9285714286,0.570893,0.00896072015166,32.293386459350586,0.0,1400,1400,1.70955
5.51853,0.138287905161,0.09031510353088379,0.00308375281747,0.531404378975,5.49783,-1.97906047106e-09,-0.00308375479653,0.0,47.78906059265137,199.799848828,0.7564980983734131,17.900429010391235,123.99994158744812,1186.45613411,0.56894,9939.752143383026,0.0,20.076992750167847,2900.0,1.70811,1.3249821662902832,2100.0,888.642857143,34.1428571429,0.56998,0.009821084328,32.22011423110962,0.0,1400,1400,1.70435
5.52221,0.111469800945,0.07981348037719727,0.00303835367959,0.549968635855,5.51029,-7.27595761418e-11,-0.00303835375234,0.0,47.727407932281494,211.625378961,0.7108993530273438,16.794777631759644,122.0010769367218,1212.82078862,0.569604,10063.988469362259,0.0,19.2336368560791,2900.0,1.70878,1.3197104930877686,2500.0,1065.85714286,38.6428571429,0.570125,0.00883622374386,32.22881317138672,-2.98023294931e-08,1400,1400,1.70662
5.47917,0.0932466425077,0.10190749168395996,0.00225945212878,0.537186823758,5.48041,-1.39698386192e-09,-0.00225945352577,0.0,48.12255620956421,204.953902234,0.8014571666717529,19.044166564941406,126.83031439781189,1233.49841789,0.568023,10192.984234333038,0.0,20.950411319732666,2900.0,1.70095,1.330155372619629,2200.0,1121.28571429,35.5714285714,0.568033,0.00756490137428,32.51789331436157,-7.45058237328e-09,1400,1400,1.70118
5.47764,0.0887758136219,0.08423280715942383,0.00200103569659,0.519692141671,5.45363,-2.12457962334e-09,-0.00200103782117,0.0,47.8267457485199,188.396983706,0.8155064582824707,19.501200914382935,127.49903345108032,1195.75106404,0.5667,10322.321818590164,0.0,21.60123872756958,3000.0,1.70067,1.3160676956176758,2300.0,991.5,30.9285714286,0.567903,0.00413695350289,32.4584698677063,0.0,1400,1400,1.69628
5.43898,0.124377605864,0.1033632755279541,0.00356853019912,0.538726700494,5.45339,-2.21189111471e-09,-0.00356853241101,0.0,47.950989723205566,201.947545725,0.7448263168334961,17.64201521873474,123.62195467948914,1225.39838587,0.566652,10447.867692232132,0.0,19.673540592193604,3000.0,1.69359,1.3215882778167725,2000.0,1117.28571429,34.7857142857,0.565842,0.00822916906327,32.36810111999512,0.0,1400,1400,1.69624
5.4217,0.0892301941855,0.07736515998840332,0.00300023326417,0.545510311993,5.44811,-3.78349795938e-09,-0.00300023704767,0.0,47.93534755706787,176.423062378,0.7735950946807861,18.401099681854248,125.37710309028625,1207.15379327,0.566393,10575.632874965668,0.0,20.480206727981567,2900.0,1.69041,1.3223512172698975,2300.0,1018.92857143,29.2142857143,0.565045,0.00705730356276,32.34576463699341,7.45058414964e-09,1400,1400,1.69527
5.4434,0.146854013175,0.07677936553955078,0.00285986019298,0.540049535188,5.45256,-1.86264514923e-09,-0.00285986205563,0.0,47.94217777252197,211.348621467,0.716273307800293,17.09300684928894,122.53528714179993,1144.18902525,0.566648,10700.38411974907,0.0,19.34409213066101,2900.0,1.6944,1.3205726146697998,2000.0,1065.21428571,36.7857142857,0.566205,0.00383869069628,32.25576901435852,0.0,1400,1400,1.69609
5.4422,0.131963525044,0.08353447914123535,0.00226958446729,0.547459065984,5.44491,-2.08092387766e-09,-0.00226958654821,0.0,47.89973020553589,224.617032356,0.6887843608856201,16.50579047203064,121.61754059791565,1242.66623944,0.566232,10824.242310523987,0.0,18.856863975524902,2900.0,1.69418,1.3216981887817383,2500.0,1110.78571429,39.7857142857,0.566048,0.00965788215399,32.38204741477966,1.49011647466e-08,1400,1400,1.69468
5.37054,0.0778004459347,0.08063435554504395,0.00340277538635,0.515860290461,5.36573,2.32830643654e-10,-0.00340277515352,0.0,47.660924196243286,153.483097521,0.7582471370697021,17.977400541305542,124.0331814289093,1205.95153387,0.562249,10950.110143184662,0.0,20.174089908599854,3000.0,1.68093,1.3153178691864014,2000.0,1084.57142857,21.7142857143,0.562424,0.0062287626788,32.17581510543823,1.49011647466e-08,1400,1400,1.68003
5.37478,0.109752037243,0.0900568962097168,-2.40106601268e-10,0.56058547314,5.35591,1.16415321827e-10,3.56521923095e-10,0.0,47.906938791275024,191.72556918,0.701481819152832,16.819058656692505,122.36310195922852,1217.17350733,0.561778,11074.787119150162,0.0,18.95696258544922,2900.0,1.68172,1.323822259902954,1900.0,1030.28571429,31.1428571429,0.562693,0.0,32.333317041397095,0.0,1400,1400,1.6782
5.34099,0.125703998615,0.07793784141540527,0.00241307882243,0.531004887518,5.35591,1.45519152284e-10,-0.00241307867691,0.0,47.92280054092407,191.505301786,0.6614389419555664,15.754969596862793,119.9336519241333,1177.52810747,0.561778,11196.93076300621,0.0,18.220189571380615,2900.0,1.67541,1.3181490898132324,2100.0,1028.64285714,30.0714285714,0.560979,0.00725767854601,32.20502328872681,0.0,1400,1400,1.6782
5.36852,0.128550349823,0.09673428535461426,0.00291672059393,0.542476770461,5.35869,1.06228981167e-09,-0.00291671953164,0.0,47.8687481880188,186.971008884,0.8337221145629883,19.55755925178528,127.1259253025055,1227.12321413,0.561879,11326.234059810638,0.0,21.524224281311035,2900.0,1.68055,1.3285610675811768,2300.0,1113.78571429,28.6428571429,0.562374,0.00635595899075,32.07970476150513,0.0,1400,1400,1.67872
5.36777,0.113291627589,0.09789085388183594,0.00283625314478,0.558535946691,5.35206,-5.82076609135e-10,-0.00283625372685,0.0,47.69871687889099,164.750754853,0.8484258651733398,19.99190092086792,126.88155841827393,1158.84985205,0.561535,11455.398476600647,0.0,21.55178713798523,2900.0,1.68041,1.307387351989746,1700.0,1011.14285714,25.2142857143,0.562366,0.00894622690976,31.47695803642273,0.0,1400,1400,1.67748
5.32254,0.138742620434,0.07363629341125488,0.00360507430742,0.547929504315,5.31492,-4.07453626394e-10,-0.00360507471487,0.0,48.49250674247742,195.345834094,0.845726490020752,20.034153699874878,128.7552433013916,1205.74695073,0.559665,11586.03795003891,0.0,21.877456426620483,3000.0,1.67195,1.339226484298706,2200.0,912.928571429,30.0714285714,0.559951,0.00939707551152,32.28537344932556,0.0,1400,1400,1.67052
5.30622,0.0717236443084,0.08039093017578125,0.0037653130712,0.54668423392,5.30575,-3.60887497663e-09,-0.00376531668007,0.0,46.36103081703186,149.377961929,0.8651211261749268,20.42716383934021,125.94476795196533,1201.09970019,0.559194,11713.769721031189,0.0,22.13053607940674,3000.0,1.66888,1.2756099700927734,1700.0,1092.28571429,20.7142857143,0.559393,0.00994152296335,30.797621726989746,-1.49011647466e-08,1400,1400,1.66879
5.25866,0.0933218086469,0.1029047966003418,0.0027657160681,0.522957465225,5.2856,7.1304384619e-10,-0.00276571535505,0.0,46.5020010471344,178.844077569,0.8449103832244873,19.767570734024048,123.71430349349976,1209.44834574,0.558153,11839.85290312767,0.0,21.30628728866577,3000.0,1.65988,1.2533066272735596,1700.0,1078.64285714,30.7142857143,0.556597,0.00783553626388,30.017818927764893,0.0,1400,1400,1.66499
5.26297,0.175624618871,0.09611129760742188,0.00211486290209,0.533206779066,5.25137,4.42378222942e-09,-0.00211485847831,0.0,45.05428433418274,194.253555637,0.8184390068054199,19.346291542053223,121.86777019500732,1242.33304015,0.556383,11963.943651676178,0.0,21.253047943115234,3000.0,1.6607,1.2472550868988037,1900.0,1154.78571429,31.6428571429,0.556956,0.00581050664186,30.107704639434814,0.0,1400,1400,1.65849
5.30785,0.112972876017,0.07229948043823242,0.00315220508492,0.514814254339,5.2768,-1.45519152284e-09,-0.00315220654011,0.0,48.004600048065186,188.04574997,0.8747677803039551,20.326279640197754,128.78711819648743,1206.51183634,0.557656,12094.942517757416,0.0,21.976969957351685,2900.0,1.66919,1.3249852657318115,1900.0,922.214285714,28.7142857143,0.559367,0.0098294140771,32.27648448944092,0.0,1400,1400,1.66332
5.26782,0.080532565601,0.08473014831542969,0.00310319654818,0.540266583481,5.25804,-7.27595761418e-11,-0.00310319662094,0.0,45.92798352241516,184.700957977,0.8401744365692139,20.019778728485107,124.7863781452179,1194.96679144,0.556821,12221.611556053162,0.0,21.938028573989868,3000.0,1.66162,1.2645657062530518,2100.0,1041.71428571,27.6428571429,0.55738,0.00786479841918,30.74419069290161,-1.49011647466e-08,1400,1400,1.65976
5.24986,0.105854210712,0.08368611335754395,-4.65661287308e-10,0.518105384134,5.25526,2.21189111471e-09,2.67755240202e-09,0.0,47.38210320472717,185.322443766,0.8118584156036377,19.169703245162964,125.36809229850769,1123.15875402,0.55657,12349.327506542206,0.0,20.579149961471558,2900.0,1.6582,1.3048126697540283,1900.0,904.642857143,33.1428571429,0.556291,0.0,31.59378957748413,0.0,1400,1400,1.65923
5.25581,0.0753145732697,0.08008170127868652,0.00127122378399,0.533474758881,5.25526,2.34649633057e-09,-0.00127122143749,0.0,42.33800482749939,168.022046658,0.8324182033538818,19.54429841041565,117.13148045539856,1287.64534349,0.55657,12468.688364744186,0.0,21.37222909927368,3000.0,1.65933,1.1723711490631104,1900.0,1257.42857143,24.1428571429,0.556735,0.0068004024215,27.96835470199585,1.49011665229e-08,1400,1400,1.65923
