MeanKLBefore,1MinReturn,0ExplainedVariance,0PolicyExecTime,Time,1MaxReturn,0Entropy,0StdReturn,0MaxReturn,LossBefore,0MinReturn,1ExplainedVariance,1Perplexity,1Entropy,0Perplexity,0ProcessExecTime,0AveragePolicyStd,0EnvExecTime,1AveragePolicyStd,ItrTime,1AverageReturn,1StdReturn,0NumTrajs,dLoss,0AverageReturn,1ProcessExecTime,MeanKL,ComputeUpdatedDistTime,LossAfter,1NumTrajs,1EnvExecTime,1PolicyExecTime
8.41101854832e-10,0.0,0.0401966786119,14.414860248565674,198.86129522323608,11400.0,2.83788,747.480936212,9000.0,2.73575995191e-10,0.0,0.0604000624202,17.1041,2.83932,17.0795,1.8202989101409912,1.0,55.76067519187927,1.00073,198.86129689216614,135.5,880.931183464,400,0.00159876914113,116.5,1.7113819122314453,0.00551719684154,4.756326913833618,-0.00159876886755,400,55.753292083740234,53.74114990234375
-1.67347014024e-09,0.0,0.0928342242315,12.573864698410034,369.86982226371765,10200.0,2.8414,748.505010003,8500.0,3.72529063153e-10,0.0,0.0922519520635,17.1311,2.8409,17.1398,1.549943447113037,1.00177,53.057353019714355,1.00153,170.24272203445435,163.25,874.027709801,400,0.00247070603073,140.5,1.5139260292053223,0.00924250204116,0.3652830123901367,-0.0024707056582,400,47.32837748527527,44.9782977104187
-1.05646946746e-09,0.0,0.0555526651287,13.231249332427979,527.0469062328339,10400.0,2.84708,1124.76386411,14700.0,6.22822016183e-10,0.0,0.0691393047747,17.1946,2.8446,17.2374,1.479773759841919,1.00462,48.85507416725159,1.0034,157.17283582687378,300.25,971.146197799,400,0.00202654131572,272.5,1.4423606395721436,0.0077276462689,0.3516721725463867,-0.0020265406929,400,42.66955018043518,40.71891164779663
3.21306203865e-09,0.0,0.0778362998857,13.300519466400146,681.7261297702789,6000.0,2.85738,1002.3252965,9300.0,2.59024079963e-10,0.0,0.0597529146154,17.441,2.85883,17.4159,1.4222021102905273,1.00989,46.16706323623657,1.01065,153.80861115455627,210.25,639.429384295,400,0.00278402145777,288.0,1.3276567459106445,0.00749516254291,0.3678605556488037,-0.00278402119875,400,42.45874905586243,40.13602042198181
1.07102127167e-09,0.0,0.0684082799583,14.520766735076904,842.3075988292694,8900.0,2.8576,825.960614981,5500.0,8.57107773644e-10,0.0,0.0982979694486,17.4754,2.86079,17.4196,1.529416561126709,1.01008,48.41476082801819,1.01172,160.5747377872467,423.75,1037.04432764,400,0.00240924900427,303.75,1.3648357391357422,0.00926113221794,0.38260865211486816,-0.00240924814716,400,43.278982400894165,41.22405385971069
-7.04312563826e-09,0.0,0.0606546298897,14.795732498168945,1008.0028738975525,11900.0,2.87951,877.233007815,5200.0,-4.89671914128e-10,0.0,0.0789287501517,17.9316,2.88657,17.8056,1.530928134918213,1.02135,49.179157733917236,1.02498,164.88840293884277,615.0,1337.30138712,400,0.00213023039905,371.5,1.390122652053833,0.00980145763606,0.695960521697998,-0.00213023088872,400,43.24125289916992,41.41589689254761
5.01750330173e-09,0.0,0.0891939704977,12.22436785697937,1165.3404777050018,12000.0,2.8917,1637.87209513,10400.0,-1.57160617853e-10,0.0,0.102072482585,17.9924,2.88995,18.024,1.4613032341003418,1.0275,45.59972047805786,1.02659,157.33333706855774,842.25,1994.3018672,400,0.00178922254709,655.0,1.3526229858398438,0.00766307394952,0.33007097244262695,-0.00178922270425,400,42.355790853500366,40.52728772163391
5.76546410613e-09,0.0,0.100984123455,11.58829402923584,1325.6760637760162,20800.0,2.88447,1941.06399624,13000.0,1.03536867968e-09,0.0,0.112390079461,17.8906,2.88428,17.8941,1.522346019744873,1.02381,49.263458251953125,1.02374,159.48490619659424,1292.75,2752.59376543,400,0.00234577535812,893.25,1.2813928127288818,0.00744613260031,0.34269165992736816,-0.00234577432275,400,42.397162675857544,40.63921928405762
-5.45697043108e-09,0.0,0.0474760515334,12.623447895050049,1484.8771245479584,8100.0,2.8936,1109.49985917,5800.0,5.15137821289e-10,0.0,0.0445931713188,18.0426,2.89274,18.0581,1.5256659984588623,1.02863,48.851396799087524,1.02821,159.19659614562988,733.0,1307.19585373,400,0.00264217802614,557.75,1.314709186553955,0.00930080749094,0.38875532150268555,-0.00264217751101,400,42.64852738380432,40.894092082977295
6.37955999139e-09,0.0,0.0530771708026,11.799221992492676,1645.6388969421387,8500.0,2.92246,1267.45404256,7700.0,5.15137821289e-10,0.0,0.0962710514407,18.5653,2.92129,18.5869,1.5386998653411865,1.04354,48.29663276672363,1.04296,159.9877941608429,953.5,1526.85551052,400,0.00290835257911,685.5,1.309990406036377,0.00966596323997,0.42981863021850586,-0.00290835206397,400,42.90948843955994,40.88294529914856
-2.7939595082e-10,0.0,0.0516746113716,12.305257558822632,1802.3421339988708,19600.0,2.91833,1633.30016761,13100.0,-9.05129193818e-10,0.0,0.126688470299,18.5599,2.921,18.5104,1.4288537502288818,1.04123,47.97178554534912,1.04268,156.69376826286316,1495.5,2553.50342667,400,0.00260106919159,829.25,1.3136241436004639,0.00731049617752,0.36702799797058105,-0.00260107009672,400,42.71471953392029,41.190670013427734
1.01514272544e-08,0.0,0.0552727739773,11.99496054649353,1960.1247689723969,18800.0,2.92017,1878.07873903,10400.0,-5.12227427141e-10,0.0,0.110424871187,18.4983,2.91768,18.5444,1.429069995880127,1.04204,49.23980736732483,1.04078,156.865713596344,2030.25,3364.1061127,400,0.00277328579687,1145.5,1.2845487594604492,0.00724813528359,0.8004293441772461,-0.00277328630909,400,42.37768793106079,41.39254403114319
-6.42612185686e-09,0.0,0.0493496050295,12.88632082939148,2117.5155370235443,18100.0,2.91248,1891.67115271,10800.0,-9.31322519104e-11,0.0,0.146853030347,18.4981,2.91767,18.4023,1.4312734603881836,1.03801,47.77353882789612,1.04074,157.38589024543762,2247.75,3055.44512919,400,0.00284776058979,1069.5,1.2805590629577637,0.00858445931226,0.3605196475982666,-0.00284776068293,400,42.26242637634277,39.84267544746399
3.72529118664e-10,0.0,0.0512594297053,11.952329158782959,2274.685905456543,28300.0,2.94545,1620.16781538,9400.0,7.56699702897e-11,0.0,0.110002795531,19.0729,2.94827,19.0192,1.4861071109771729,1.05529,48.129056215286255,1.05678,156.24429488182068,2101.5,3475.74420089,400,0.00275588927907,1032.5,1.326371192932129,0.00720730563626,0.34931278228759766,-0.0027558892034,400,43.01876425743103,41.66081190109253
-9.49949274798e-09,0.0,0.037162483102,11.74531078338623,2431.341229915619,16600.0,2.92969,1537.03202228,10700.0,-4.65661287308e-10,0.0,0.122698775897,18.7585,2.93165,18.7218,1.4328510761260986,1.04699,47.87506365776062,1.04805,156.64636182785034,1820.5,2747.89551293,400,0.00224304548465,902.75,1.3902101516723633,0.00648112036288,0.340313196182251,-0.00224304595031,400,42.661027908325195,41.877583742141724
7.45058126306e-10,0.0,0.0396545547186,12.988792896270752,2588.169184923172,27600.0,2.92131,2073.90308356,11900.0,6.63567312209e-10,0.0,0.110376361079,18.6789,2.92739,18.5656,1.4138691425323486,1.04263,46.394598960876465,1.04583,155.97058534622192,2357.5,3048.09674223,400,0.00351835667389,1226.0,1.2221808433532715,0.00941543467343,0.3893733024597168,-0.00351835601032,400,42.53262710571289,40.91881012916565
4.84288165126e-09,0.0,0.0327654565737,11.795295476913452,2744.2890083789825,14200.0,2.93575,1852.34093447,10700.0,-3.75439457301e-10,0.0,0.125781339163,18.794,2.93354,18.8357,1.438791275024414,1.05018,47.79142761230469,1.04906,156.11552119255066,2198.0,2778.36210743,400,0.00273761255376,1131.75,1.2838587760925293,0.00693256920204,0.34018945693969727,-0.0027376129292,400,42.4646532535553,41.90089797973633
1.09895923472e-08,0.0,0.0406442704694,12.212329626083374,2901.2203521728516,33400.0,2.91422,2379.84616099,13000.0,-1.00699260042e-09,0.0,0.137804828999,18.3864,2.91161,18.4344,1.3899052143096924,1.03891,46.97448682785034,1.03758,156.0935800075531,3522.25,4996.5968356,400,0.00347336467239,1536.5,1.295182704925537,0.00911754276603,0.43412280082702637,-0.00347336567938,400,42.55750060081482,41.5632221698761
4.37721858759e-09,0.0,0.0317569424445,11.765045166015625,3057.1273152828217,13600.0,2.91078,2274.66743448,11000.0,7.10133452042e-10,0.0,0.0651444201452,18.3855,2.91156,18.3711,1.4509663581848145,1.03714,46.650187492370605,1.03757,155.8968470096588,2126.25,2594.86722926,400,0.00320780697512,1425.75,1.216576099395752,0.00683596823364,0.34953832626342773,-0.00320780626498,400,41.96979999542236,40.04963731765747
4.0978203053e-09,0.0,0.0290476948846,11.967064142227173,3215.4157061576843,14500.0,2.90963,2377.98396757,22300.0,-2.3865143195e-10,0.0,0.11228816884,18.3749,2.91098,18.3501,1.3845958709716797,1.03655,48.24073600769043,1.03727,157.39493012428284,2894.0,3305.26307576,400,0.00370450014598,1318.5,1.2030131816864014,0.00883549638093,0.39950084686279297,-0.00370450038463,400,42.26705718040466,41.3042049407959
1.58324853228e-09,0.0,0.027038626684,12.709458589553833,3370.5721526145935,21100.0,2.90769,2651.55421404,16500.0,2.67755206895e-10,0.0,0.122112417425,18.3404,2.90911,18.3145,1.3349230289459229,1.03553,46.52056622505188,1.03628,155.14748334884644,3191.0,4288.49845517,400,0.00327614512062,1539.5,1.2594399452209473,0.00688794348389,0.3268454074859619,-0.00327614485286,400,42.59703493118286,42.21454334259033
5.40167466312e-09,0.0,0.0358473529026,10.789231777191162,3525.0103290081024,22700.0,2.9061,3141.81849213,17700.0,2.09547587615e-10,0.0,0.113830757469,18.3116,2.90754,18.2854,1.2987356185913086,1.03471,47.03006410598755,1.03548,153.7899842262268,3934.0,4872.64753496,400,0.00332942439709,1758.75,1.2388641834259033,0.00653052981943,0.3486597537994385,-0.00332942418754,400,42.12956881523132,41.53588604927063
-2.7939739411e-10,0.0,0.0348067431992,13.493763446807861,3682.227045059204,23400.0,2.90229,2093.77404464,11400.0,2.03726813197e-10,0.0,0.160813644784,18.2249,2.90279,18.2158,1.3422603607177734,1.03274,49.39661908149719,1.03303,157.21227478981018,3417.75,4231.92744946,400,0.00382176597486,1289.5,1.2379529476165771,0.00956427678466,0.36681365966796875,-0.00382176577114,400,42.33006143569946,41.39930987358093
2.79396561442e-10,0.0,0.0540893866692,12.638096570968628,3835.2029073238373,22400.0,2.88988,3111.01173254,19500.0,6.72298494653e-10,0.0,0.1515773349,17.9528,2.88775,17.9911,1.3285160064697266,1.02635,45.79965090751648,1.02527,152.32727813720703,3856.75,4763.32913386,400,0.00338777943689,1434.0,1.234487533569336,0.00705770216882,0.4019618034362793,-0.00338777876459,400,42.15168809890747,41.47876286506653
-6.51925957662e-10,0.0,0.0290748373976,10.902960300445557,3992.8850049972534,26500.0,2.88755,3123.43039581,22100.0,1.10594555736e-09,0.0,0.146086160258,17.9311,2.88653,17.9493,1.3424832820892334,1.02515,48.0139582157135,1.02465,157.67273998260498,4218.25,5093.50487754,400,0.00308909424348,1834.75,1.2344965934753418,0.00651168916374,0.37532925605773926,-0.00308909313753,400,42.70449876785278,42.77364540100098
9.31310861763e-11,0.0,0.0436005372208,14.040867567062378,4155.137743711472,29100.0,2.88811,2649.4395162,13000.0,-1.15978771031e-09,0.0,0.0992810779342,17.9802,2.88927,17.9594,1.4014246463775635,1.02544,50.05239248275757,1.02606,161.52413201332092,3822.5,5796.43370962,400,0.00356323412125,1645.5,1.2064478397369385,0.00925488956273,0.37748122215270996,-0.00356323528104,400,42.24346590042114,42.62199807167053
1.49011392114e-09,0.0,0.0395355170273,12.625931978225708,4308.247597694397,32600.0,2.89388,3007.14877417,20900.0,-1.5716070112e-10,0.0,0.250251660632,18.1443,2.89836,18.0632,1.2607355117797852,1.0284,45.498127698898315,1.03072,153.1005654335022,5327.75,6284.35000119,400,0.00401330863242,1692.5,1.2174298763275146,0.00665252422914,0.3407289981842041,-0.00401330878958,400,42.57590675354004,42.42019724845886
-1.01514192608e-08,0.0,0.0408629970767,10.794602632522583,4463.849863290787,29800.0,2.89521,3776.79904152,22100.0,6.33735952604e-10,0.0,0.161800929318,18.0934,2.89555,18.0873,1.2908236980438232,1.02908,47.24538803100586,1.02928,154.4986777305603,4966.75,6560.57691347,400,0.00270893860652,2333.0,1.2746591567993164,0.00923454202712,0.35472536087036133,-0.00270893797278,400,42.52654218673706,41.91702675819397
6.90419943439e-16,0.0,0.0471572325805,13.500633955001831,4623.589302778244,28900.0,2.89653,3931.31501536,23200.0,1.36788003147e-09,0.0,0.139767382101,18.1102,2.89648,18.1111,1.4424219131469727,1.02976,49.544511795043945,1.02975,159.73478436470032,4475.0,7171.94359989,400,0.00329693892854,2096.5,1.275303840637207,0.00933156721294,0.36867785453796387,-0.00329693756066,400,42.51438283920288,41.94857144355774
7.91625598406e-10,0.0,0.0449730823112,12.46123456954956,4776.54594874382,31600.0,2.87822,3794.46847398,21500.0,-4.56930160375e-10,0.0,0.135289682881,17.826,2.88066,17.7825,1.3283464908599854,1.02037,45.141095876693726,1.02164,152.0948576927185,5196.75,6775.62280809,400,0.00261175819614,2097.0,1.2840311527252197,0.00670348573476,0.35346245765686035,-0.00261175865307,400,42.542330503463745,41.440229177474976
9.31316065933e-11,0.0,0.0449738067968,11.334041595458984,4933.352905988693,33000.0,2.87908,3540.65600384,17800.0,-3.26326715649e-10,0.0,0.136013238487,17.7841,2.87831,17.7978,1.4568445682525635,1.02081,50.065272092819214,1.02043,156.79704666137695,6075.25,7919.39470146,400,0.00317498869226,2152.25,1.2237768173217773,0.00645694229752,0.40385985374450684,-0.00317498901859,400,42.466368198394775,41.172638177871704
-6.79865719277e-09,0.0,0.0228072982841,13.445875883102417,5090.647764205933,33300.0,2.88676,4666.61309195,27300.0,-1.50976092739e-10,0.0,0.141843619727,17.9941,2.89004,17.9351,1.3761115074157715,1.02474,49.353310108184814,1.02645,156.6413803100586,6633.5,8905.09279851,400,0.00304579277326,2558.5,1.2450544834136963,0.00701497728005,0.44483494758605957,-0.00304579292424,400,42.00521993637085,40.95938563346863
9.31320645603e-11,0.0,0.0503405026425,12.58875823020935,5244.502710819244,34400.0,2.89611,3258.26759951,20600.0,-4.6566139833e-11,0.0,0.0939605172483,18.1127,2.89661,18.1036,1.2572636604309082,1.02956,45.22374725341797,1.02985,153.85050129890442,5628.0,8247.11561699,400,0.0029294394888,1506.5,1.261756181716919,0.00708829425275,0.38142991065979004,-0.00292943953536,400,41.710105657577515,41.95321774482727
-3.72529090908e-10,0.0,0.0228444505835,11.094794034957886,5399.1786160469055,37300.0,2.89248,6445.13225233,38100.0,2.9103941479e-12,0.0,0.15510408681,18.0587,2.89363,18.038,1.4172093868255615,1.02774,48.549952268600464,1.02835,153.97091579437256,8583.25,9779.92814071,400,0.00444926973723,2804.5,1.2162649631500244,0.00910995993763,0.4276697635650635,-0.00444926973432,400,41.87032127380371,40.19776010513306
2.28174767969e-09,0.0,0.0204252429192,13.134170532226562,5555.4192225933075,26500.0,2.88524,6532.42382275,30300.0,1.56578616739e-09,0.0,0.214341732493,17.9516,2.88768,17.9078,1.3408386707305908,1.02401,47.66111445426941,1.0253,156.2361090183258,4837.25,6876.95335432,400,0.00272461881978,2667.0,1.1918566226959229,0.00829855166376,0.4640626907348633,-0.00272461725399,400,41.67051911354065,39.137020111083984
-6.05360039874e-10,0.0,0.0462029888267,11.390883207321167,5711.711825847626,33800.0,2.87434,6462.30894785,29700.0,-1.26601673589e-10,0.0,0.211191996094,17.7015,2.87365,17.7138,1.2749605178833008,1.01843,44.901984453201294,1.01813,155.47939920425415,5740.25,9134.63764675,400,0.0029227299281,2988.25,1.229311227798462,0.00676212552935,0.41800975799560547,-0.00292273005471,400,41.86992144584656,38.099180459976196
-1.2619417511e-08,0.0,0.0178476428749,12.016347646713257,5871.840477228165,34600.0,2.87552,4886.77600776,27200.0,-1.3766111584e-09,0.0,0.222186519004,17.7778,2.87795,17.7346,1.4619009494781494,1.019,49.64782929420471,1.02026,160.12260842323303,5815.0,7250.32240662,400,0.00314229938376,1820.5,1.2180776596069336,0.00681854924187,0.5152802467346191,-0.00314230076037,400,41.985729455947876,39.82244634628296
-4.88945417487e-09,0.0,0.0282681189239,13.329570055007935,6028.040001153946,39000.0,2.87766,4621.98485502,23300.0,-1.51339829557e-10,0.0,0.220497137807,17.7896,2.87861,17.7726,1.335930347442627,1.02012,47.63844561576843,1.02063,155.52478957176208,5448.0,8283.91791364,400,0.00469100832706,1766.0,1.267176628112793,0.0097472500056,0.3354196548461914,-0.0046910084784,400,41.889883518218994,40.49306297302246
-4.42378855769e-10,0.0,0.0418960921341,11.302479982376099,6187.144638061523,37500.0,2.8669,5983.36940507,33400.0,2.05182024149e-10,0.0,0.150896126774,17.584,2.86699,17.5824,1.315049409866333,1.01466,45.48615002632141,1.01472,159.09850215911865,8236.5,11116.0342636,400,0.00301002335764,2710.75,1.2355990409851074,0.00959077198058,0.4341404438018799,-0.00301002315246,400,42.30554747581482,39.25696659088135
7.45058181817e-10,0.0,0.0254688252159,12.44821572303772,6348.937952518463,36800.0,2.86201,6371.03342775,27100.0,-5.29689736517e-10,0.0,0.170564798826,17.4756,2.8608,17.4967,1.477604627609253,1.01219,50.536460876464844,1.01158,161.1617226600647,7382.25,9803.66563779,400,0.00251579906908,2944.25,1.2443206310272217,0.00751799624413,0.37284159660339355,-0.00251579959877,400,41.94418382644653,39.58006811141968
5.58793622485e-10,0.0,0.0112643196883,13.720852851867676,6507.151222705841,32400.0,2.87764,4266.00269573,30000.0,-7.35235539118e-10,0.0,0.0956467040839,17.8058,2.87952,17.7724,1.3978486061096191,1.02009,48.26019477844238,1.02106,158.2083330154419,5401.25,8594.95046161,400,0.00292141848295,1389.0,1.2134363651275635,0.00702975038439,0.3320629596710205,-0.00292141921818,400,41.78033232688904,39.57784080505371
7.21775250678e-10,0.0,0.0408232896521,11.086226224899292,6668.407938957214,36200.0,2.87122,4315.85575958,22200.0,7.79982634036e-10,0.0,0.33885456257,17.711,2.87418,17.6585,1.4704594612121582,1.01684,47.145596742630005,1.01838,160.0985608100891,7181.25,10587.6330423,400,0.00373932378134,1883.75,1.229783296585083,0.00740076741204,0.436614990234375,-0.00373932300135,400,42.60300540924072,39.189642906188965
-9.02218244558e-10,0.0,0.0136488232306,12.158189296722412,6829.557651758194,35900.0,2.86499,4633.67413615,24700.0,2.47382669905e-11,0.0,0.154460550833,17.5796,2.86674,17.5489,1.50278902053833,1.01379,50.230039834976196,1.01471,161.13887906074524,7653.0,11248.2972489,400,0.00258871053957,1958.0,1.2752859592437744,0.00771537842229,0.44963598251342773,-0.00258871051483,400,41.843039989471436,41.406617403030396
-6.98493041185e-10,0.0,0.0231040000782,13.112521648406982,6986.657609701157,36600.0,2.85675,6919.90136761,28000.0,-7.94534604776e-10,0.0,0.110967454463,17.4189,2.85755,17.4049,1.3804049491882324,1.00965,47.30323648452759,1.01008,156.33800721168518,6458.5,10039.807157,400,0.00284575475089,3232.25,1.2078747749328613,0.00674545252696,0.3414733409881592,-0.00284575554542,400,41.73443937301636,39.381972789764404
-1.02445540939e-09,0.0,0.0305782699512,10.819370985031128,7142.967729091644,33200.0,2.85013,2655.17000397,16900.0,2.4447219249e-10,0.0,0.202318052663,17.3183,2.85176,17.29,1.4050467014312744,1.00628,45.45440125465393,1.00712,156.30481672286987,7299.75,10275.4184799,400,0.00334442920284,1216.5,1.2622129917144775,0.00976758822799,0.4098329544067383,-0.00334442895837,400,42.17579770088196,38.83417010307312
2.88709722795e-09,0.0,0.0400738207455,12.463680267333984,7303.585784912109,38500.0,2.83838,6536.74529105,35000.0,-1.24564392134e-09,0.0,0.204415991175,17.1478,2.84187,17.0881,1.39717698097229,1.00036,50.16289806365967,1.00213,159.83265805244446,8398.5,11333.3048027,400,0.00252162377583,2019.0,1.188420057296753,0.00767509825528,0.4540748596191406,-0.00252162502147,400,41.790323972702026,41.18375539779663
3.56230978049e-09,0.0,0.061644922888,13.231036901473999,7459.840208292007,35600.0,2.83735,6471.18364366,37800.0,-1.80443748832e-09,0.0,0.11562222571,17.1554,2.84231,17.0704,1.4271576404571533,0.99986,48.89194893836975,1.00239,156.2463240623474,8748.25,11404.4441749,400,0.00364313699538,2763.5,1.2363777160644531,0.00683482130989,0.3521137237548828,-0.00364313879982,400,41.62644338607788,40.985326051712036
-7.96279930881e-09,0.0,0.0154965823927,10.505752563476562,7613.638453245163,34400.0,2.82526,3960.44186297,23400.0,3.89991317018e-10,0.0,0.145126918936,16.8563,2.82472,16.8654,1.334951400756836,0.993866,46.26353120803833,0.99359,152.9493317604065,5929.5,9537.0713403,400,0.00304142238456,1375.5,1.233950138092041,0.00656153028831,0.39037346839904785,-0.00304142199457,400,42.04145050048828,40.60191774368286
-1.95577865014e-09,0.0,0.019992979935,13.546024322509766,7772.668522119522,40100.0,2.81393,6744.73926479,33900.0,-7.8871381648e-10,0.0,0.126316175486,16.6647,2.81329,16.6753,1.4212799072265625,0.988277,49.772921085357666,0.987995,159.02537155151367,9010.5,11988.4815448,400,0.00348036843643,3231.5,1.2473795413970947,0.00741249136627,0.3979787826538086,-0.00348036922514,400,42.287400007247925,40.82229804992676
-3.49246992437e-10,0.0,0.0302574605153,12.885577201843262,7926.895062446594,36600.0,2.81184,5833.40268947,25700.0,1.10594547409e-10,0.0,0.316156146991,16.7255,2.81693,16.6406,1.3580849170684814,0.987253,47.199573040008545,0.989788,153.4629943370819,8603.25,11601.7030835,400,0.00359727057512,2524.25,1.2681782245635986,0.00717068137601,0.393862247467041,-0.00359727046452,400,41.83144950866699,40.829888105392456
-6.02449112819e-09,0.0,0.0306523589843,10.615238189697266,8081.398945569992,38800.0,2.81177,8290.64720031,37000.0,2.32830602021e-10,0.0,0.0966286351114,16.5894,2.80876,16.6394,1.419959545135498,0.987098,46.47592234611511,0.985625,154.49921536445618,6512.0,11582.3229967,400,0.00258317263797,3013.0,1.2048397064208984,0.00709944497794,0.9560613632202148,-0.00258317240514,400,42.389023303985596,41.3582398891449
9.7788876996e-10,0.0,0.036475793148,13.543646335601807,8240.459904432297,37300.0,2.81683,6373.15445835,36000.0,3.49245937725e-10,0.0,0.0888889116641,16.7519,2.81851,16.7237,1.4360315799713135,0.98964,49.23213052749634,0.990495,158.38247060775757,6352.25,11479.1090655,400,0.0027604495408,2151.5,1.3304705619812012,0.00682879099622,0.3557887077331543,-0.00276044919156,400,42.277053117752075,41.20209860801697
-6.26896357048e-09,0.0,0.04328983167,12.765374422073364,8393.274867773056,41500.0,2.80979,7280.47951288,36200.0,-5.12227427141e-10,0.0,0.248035763229,16.5533,2.80658,16.6064,1.339728593826294,0.986164,46.53770661354065,0.984584,152.80998826026917,8916.25,13137.315591,400,0.0029790582601,2545.75,1.2742795944213867,0.0074330130592,0.39140820503234863,-0.00297905877233,400,41.630950689315796,40.96964478492737
3.79659370608e-09,0.0,0.0444378501325,10.82817029953003,8549.49347281456,39300.0,2.83556,4994.19773337,30400.0,5.12227427141e-10,0.0,0.185258442278,17.0831,2.83809,17.04,1.3981733322143555,0.99897,48.04948139190674,1.00025,155.4056465625763,8524.0,12749.8068221,400,0.00272463778965,1683.0,1.230689525604248,0.00738023594022,0.3441605567932129,-0.00272463727742,400,42.37905168533325,41.484265089035034
4.65661037508e-10,0.0,0.052168789417,13.502713680267334,8707.21600317955,40500.0,2.83573,10382.7750505,41500.0,4.19095202986e-10,0.0,0.138004758613,17.0299,2.83497,17.0428,1.4321506023406982,0.999034,49.36451268196106,0.998705,157.7179615497589,11748.25,15547.4112616,400,0.00264927577227,4513.5,1.1935453414916992,0.00678623607382,0.36998915672302246,-0.00264927535318,400,41.76758170127869,41.610835313797
-2.77069212018e-09,0.0,0.0242697199608,12.492398738861084,8860.348504781723,40300.0,2.82638,5407.73603276,38800.0,-1.84518289537e-09,0.0,0.262076628667,16.9228,2.82866,16.8843,1.3331949710845947,0.99446,45.130085945129395,0.995587,152.29682397842407,10859.75,14528.5926689,400,0.00389783412102,1721.0,1.2905950546264648,0.00739522092044,0.3427391052246094,-0.0038978359662,400,42.215559005737305,42.17301678657532
-1.932495719e-09,0.0,0.0140159052548,11.064263582229614,9016.531672239304,39700.0,2.80756,7160.27352393,39400.0,-3.2596292332e-10,0.0,0.215274939881,16.6089,2.80994,16.5695,1.3654701709747314,0.984966,48.66812467575073,0.98615,156.17855215072632,6823.25,12549.178636,400,0.00255685104057,2231.75,1.2347300052642822,0.00709404330701,0.3814878463745117,-0.00255685136653,400,42.3433473110199,41.38150429725647
3.72528952131e-10,0.0,0.0110415256495,13.51904582977295,9173.55899977684,40200.0,2.80499,6427.93621624,32900.0,6.17001227887e-10,0.0,0.197457336158,16.4941,2.803,16.527,1.4392659664154053,0.983692,49.283875942230225,0.982722,156.32407021522522,6379.75,13010.0409276,400,0.00244682530174,1806.0,1.2091805934906006,0.00735424505547,0.3471205234527588,-0.00244682468474,400,41.791236877441406,40.459901571273804
-5.82076298272e-09,0.0,0.0132466664101,12.805517673492432,9331.177004814148,41100.0,2.79658,2297.16367234,17400.0,3.49245771192e-11,0.0,0.380742980467,16.4127,2.79806,16.3885,1.3384153842926025,0.97957,44.376850605010986,0.980306,157.61357998847961,7576.5,12904.2453383,400,0.00228360554902,676.25,1.3280975818634033,0.00775382434949,0.32854580879211426,-0.00228360551409,400,45.25139570236206,41.70619797706604
-2.28174013017e-09,0.0,0.00979830298425,11.90093445777893,9493.32019329071,40100.0,2.81154,5405.45104501,40100.0,4.48199088954e-10,0.0,0.101455218198,16.6341,2.81145,16.6355,1.508991003036499,0.986919,51.07827043533325,0.986884,161.49050760269165,3959.25,8989.28052947,400,0.00271490796586,1607.0,1.2747223377227783,0.00688741356134,0.34560346603393555,-0.00271490751766,400,44.54581117630005,42.7192440032959
1.25728516487e-09,0.0,0.0167228689362,12.512914657592773,9653.07008600235,40700.0,2.80719,7749.5796015,39400.0,-1.62981450558e-09,0.0,0.0410514323661,16.5874,2.80865,16.5634,1.5343563556671143,0.984778,49.91549825668335,0.985508,159.74493217468262,5119.0,11092.1070586,400,0.00199996656738,2404.0,1.2389850616455078,0.00650397920981,0.3541426658630371,-0.0019999681972,400,43.90631604194641,43.05355787277222
4.4237841168e-10,0.0,0.0220385836696,11.319898843765259,9815.927017211914,32000.0,2.79659,8197.60292708,34700.0,-3.7543940179e-10,0.0,0.268241647099,16.3902,2.79668,16.3886,1.4311957359313965,0.979605,49.2952938079834,0.979671,162.1058864593506,3634.75,6936.10246734,400,0.00415772907145,2827.5,1.3555645942687988,0.00800959393382,0.3315749168395996,-0.00415772944689,400,45.760700702667236,44.22893214225769
2.44472109223e-10,0.0,0.0417043524182,13.831787586212158,10001.334135055542,39100.0,2.80469,3308.36723324,35300.0,-2.38651404194e-10,0.0,0.246345008811,16.5421,2.80591,16.5219,1.554032325744629,0.98362,52.69921875,0.984223,185.4024839401245,6274.5,12606.3515638,400,0.00230731046177,872.5,1.5478391647338867,0.00713487714529,0.32581281661987305,-0.00230731070042,400,56.38476777076721,51.68746900558472
1.02445507633e-09,0.0,0.0202639820783,13.010623931884766,10189.229801654816,40900.0,2.79335,7459.17822216,38600.0,1.14378062577e-09,0.0,0.207257490622,16.3168,2.79219,16.3357,1.4994041919708252,0.978028,52.94538164138794,0.97747,187.26955032348633,6860.5,12347.4892083,400,0.00333202581678,2410.5,1.5533463954925537,0.00697085773572,0.3654000759124756,-0.003332024673,400,55.881757974624634,54.29485321044922
-5.1222737163e-10,0.0,0.00712491770581,13.214317560195923,10377.507698774338,37400.0,2.79992,4779.11537316,30000.0,6.69388100505e-10,0.0,0.413586639185,16.4418,2.79983,16.4433,1.6002984046936035,0.981239,54.18472123146057,0.981204,188.27132773399353,6350.25,10920.6249793,400,0.00322142682853,1182.5,1.572465419769287,0.00792396534234,0.346602201461792,-0.00322142615914,400,55.78177070617676,53.97291040420532
4.98257746173e-09,0.0,0.0125100086218,13.31761622428894,10567.22608923912,38700.0,2.80238,2279.42925971,18300.0,1.21071930259e-09,0.0,0.260147293836,16.5274,2.80502,16.4839,1.6046791076660156,0.982522,54.843517780303955,0.983815,188.99146962165833,3223.5,8600.25567934,400,0.00224963952787,498.5,1.563063621520996,0.00658823223785,0.344268798828125,-0.00224963831715,400,55.78139591217041,54.130825996398926
1.16415162232e-10,0.0,0.0170535651953,12.967568635940552,10755.796802520752,38900.0,2.79874,5120.8330377,37600.0,-4.65661363636e-11,0.0,0.204328123628,16.4332,2.7993,16.4239,1.5013577938079834,0.980988,53.398027420043945,0.981293,188.5610899925232,3615.25,8678.00048614,400,0.00260901912116,937.0,1.554175853729248,0.00651541817933,0.38470029830932617,-0.00260901916772,400,56.33095383644104,54.84763312339783
2.82889223158e-09,0.0,0.057438931193,12.853643894195557,10943.26034116745,40600.0,2.77132,7700.05872948,37500.0,-9.31322574615e-10,0.0,0.174359186306,16.0196,2.77381,15.9796,1.5450019836425781,0.967566,52.12201166152954,0.9688,186.78796219825745,8241.5,14466.030131,400,0.00267703668214,2580.75,1.5935742855072021,0.00754259806126,0.37342309951782227,-0.00267703761347,400,56.11477088928223,54.36598753929138
6.33299945818e-09,0.0,0.0178950537707,12.848063230514526,11131.299368143082,40000.0,2.75431,6417.32311307,33800.0,8.73112693256e-12,0.0,0.274644698384,15.7201,2.75494,15.7102,1.5627355575561523,0.959212,52.420217990875244,0.959515,188.033686876297,7095.75,11854.1071759,400,0.00283370680118,2073.75,1.5414187908172607,0.00907072145492,0.32566213607788086,-0.00283370679244,400,56.62750864028931,55.12001633644104
2.51456899747e-09,0.0,0.0354236891807,13.024144172668457,11320.768485069275,39500.0,2.74108,7655.74684469,37400.0,-1.51158019435e-09,0.0,0.348346247251,15.5069,2.74128,15.5037,1.538132667541504,0.952839,53.82230257987976,0.952954,188.73257327079773,6695.5,13070.7375366,400,0.00238688348509,2440.5,1.4853136539459229,0.00935522373766,0.36612820625305176,-0.00238688499667,400,56.11466932296753,54.69014883041382
2.23517160336e-09,0.0,0.0259230122116,13.245205402374268,11510.83768773079,39000.0,2.7443,4300.04528319,38500.0,-2.03726827075e-10,0.0,0.285724992274,15.6073,2.74774,15.5538,1.581315517425537,0.954358,54.916544675827026,0.956013,190.0625295639038,8353.5,13539.2129664,400,0.00427429823321,709.25,1.5978384017944336,0.00960801076144,0.3372495174407959,-0.00427429843694,400,55.79613924026489,55.02493381500244
1.21072041281e-09,0.0,0.0271287154087,13.436354160308838,11703.03321480751,40900.0,2.72744,4964.03502707,38400.0,1.36205935419e-09,0.0,0.412193520839,15.3064,2.72827,15.2938,1.6096065044403076,0.946326,56.171016216278076,0.946733,191.47778058052063,5893.75,13175.6246887,400,0.0027471356676,1287.5,1.5481610298156738,0.00985710322857,0.34954833984375,-0.00274713430554,400,55.968640089035034,55.0430748462677
-1.86264628721e-10,0.0,0.00777456828786,12.928023338317871,11890.776814937592,42000.0,2.7351,7777.50341932,38400.0,1.45519152284e-09,0.0,0.182565857517,15.4744,2.73918,15.4114,1.5385262966156006,0.949968,53.55635333061218,0.951928,187.73571109771729,10382.75,15817.8404796,400,0.00290576630505,2189.25,1.5117979049682617,0.00713796541095,0.3715648651123047,-0.00290576484986,400,55.641581535339355,55.0337188243866
-2.79396727976e-10,0.0,0.0133422649868,12.956990957260132,12082.660146474838,42400.0,2.70894,8204.07425841,39900.0,5.23868948221e-10,0.0,0.329637537288,14.9974,2.70787,15.0134,1.6499333381652832,0.937844,54.319446086883545,0.937386,191.1951184272766,8743.75,14385.7294197,400,0.00422694819281,2776.75,1.6169548034667969,0.00917281862348,0.3273317813873291,-0.00422694766894,400,57.3444139957428,55.583523750305176
8.38189428976e-09,0.0,0.0142809151432,12.707101106643677,12269.182250499725,40900.0,2.7035,8981.73574191,39600.0,-7.15954295849e-10,0.0,0.13294547118,14.9448,2.70436,14.9319,1.5208923816680908,0.935436,52.619818687438965,0.935854,186.51265501976013,8818.75,13464.7827104,400,0.00394831665908,3271.75,1.4586026668548584,0.00687334546819,0.3554069995880127,-0.00394831737503,400,55.590280055999756,54.72908902168274
-1.11758657884e-09,0.0,0.0202476831907,12.841492414474487,12456.731558084488,40700.0,2.71147,6408.81845585,30600.0,-1.23400245577e-09,0.0,0.203285200828,15.0857,2.71375,15.0514,1.4381721019744873,0.939179,53.08392357826233,0.940253,186.86675429344177,7700.25,12510.3347252,400,0.00331713601481,2186.0,1.4869160652160645,0.00688278116286,0.4658024311065674,-0.00331713724881,400,55.632246255874634,54.73087430000305
-1.11758757804e-09,0.0,0.0102165571902,12.728588581085205,12644.16467499733,40200.0,2.69984,6762.03665695,39400.0,-5.58793566974e-10,0.0,0.184309259159,14.8943,2.70098,14.8773,1.4147059917449951,0.934078,52.93055582046509,0.934602,187.41962432861328,4501.5,10703.3942163,400,0.00199901070446,1714.5,1.559142827987671,0.00721425423399,0.3303813934326172,-0.00199901126325,400,56.42422556877136,54.52661681175232
-7.45057238127e-10,0.0,0.0312986602078,12.882871150970459,12834.341272115707,41900.0,2.70946,9440.90763314,40100.0,-2.15368334278e-10,0.0,0.344941711265,15.0006,2.70809,15.0211,1.475020170211792,0.938432,53.59170389175415,0.937781,189.52584791183472,13572.0,17440.8633961,400,0.00340967138181,3611.75,1.5184152126312256,0.00858327560127,0.3418715000152588,-0.00340967159718,400,56.90179920196533,55.46799612045288
-5.77419978498e-09,0.0,0.0330096623689,13.21744418144226,13026.902485132217,39600.0,2.67962,6057.37961085,36800.0,-6.51925791129e-10,0.0,0.306788618388,14.5855,2.68002,14.5795,1.5299437046051025,0.924549,55.37951421737671,0.924713,192.55056023597717,4361.25,11006.151618,400,0.00266297492199,1526.5,1.6144752502441406,0.00692349206656,0.3424537181854248,-0.00266297557391,400,57.408193826675415,55.594475984573364
-9.31326682441e-10,0.0,0.0106667634297,12.824846029281616,13215.587886333466,39500.0,2.69312,3973.19364617,35100.0,3.60887569828e-10,0.0,0.128592399646,14.8419,2.69745,14.7777,1.4937028884887695,0.930703,53.33944225311279,0.932796,188.0285165309906,9360.0,13633.5982044,400,0.00356944896048,1038.5,1.5507643222808838,0.00688387453556,0.37725019454956055,-0.00356944859959,400,55.75995969772339,55.14768123626709
1.11758657884e-09,0.0,0.0107204572698,12.56466555595398,13404.218512058258,41200.0,2.66677,4900.72366467,27000.0,-9.31322574615e-10,0.0,0.188474704928,14.4135,2.66816,14.3934,1.5205883979797363,0.918223,51.85595989227295,0.918879,188.6237976551056,9508.0,15177.7595843,400,0.0031183315441,1584.75,1.58640718460083,0.00727416481823,0.33955931663513184,-0.00311833247542,400,58.839611530303955,54.318135023117065
-7.45058126306e-10,0.0,0.00578988792549,12.821621179580688,13596.86124587059,41900.0,2.65543,3959.78211995,34600.0,-5.70435143565e-10,0.0,0.454039432892,14.2344,2.65566,14.2311,1.4754674434661865,0.912989,53.52847385406494,0.913103,192.01397681236267,8521.75,15197.3847072,400,0.0024413740146,936.75,1.6921164989471436,0.00711729144678,0.3420069217681885,-0.00244137458503,400,58.74373698234558,55.34352159500122
1.86264309532e-10,0.0,0.00952426370534,13.190975189208984,13787.265403747559,41800.0,2.67174,5228.68720976,33500.0,6.62112031868e-11,0.0,0.257192493158,14.4631,2.6716,14.4652,1.5766222476959229,0.920421,55.04738903045654,0.920372,190.39196467399597,9115.5,14716.7594854,400,0.00231692620655,1510.25,1.4557287693023682,0.00770446797833,0.33872056007385254,-0.00231692614034,400,56.00900650024414,55.49075245857239
7.45058070795e-10,0.0,0.0181150223325,12.850629806518555,13975.975865840912,42200.0,2.66432,9473.4225072,41700.0,-8.14907030744e-11,0.0,0.116332163365,14.4026,2.66741,14.3582,1.5045673847198486,0.917361,53.20005512237549,0.918772,187.82182574272156,8595.75,14929.6988227,400,0.00415762040066,3396.0,1.4402568340301514,0.00968074798584,0.33985304832458496,-0.00415762048215,400,56.176132917404175,54.98284339904785
-1.67638047888e-09,0.0,0.0122193359388,12.96777081489563,14164.52932715416,41400.0,2.661,6930.7503021,38600.0,9.09494701773e-11,0.0,0.107440643822,14.3623,2.66461,14.3105,1.5102858543395996,0.916218,54.112910985946655,0.917882,188.54461789131165,7165.0,12263.6811358,400,0.00291083692355,2100.5,1.5620014667510986,0.00675823818892,0.3393073081970215,-0.0029108368326,400,56.9648003578186,53.45228576660156
3.25962878911e-09,0.0,0.0554092437536,12.898587465286255,14357.595555305481,41000.0,2.65074,6303.36901486,35800.0,-2.32830699165e-11,0.0,0.337928620561,14.2029,2.65344,14.1645,1.4824745655059814,0.912204,53.389424324035645,0.913401,192.33781504631042,10726.25,16807.4517979,400,0.00285546339583,2056.25,1.612342357635498,0.00936728622764,0.35602855682373047,-0.00285546341911,400,59.97087025642395,54.8786895275116
-2.98023028478e-09,0.0,0.00540714810995,13.098771810531616,14547.851189136505,42000.0,2.63949,1133.49986215,11600.0,4.65661467719e-11,0.0,0.249689815027,14.036,2.64163,14.006,1.5548975467681885,0.906785,54.81289100646973,0.907755,190.24714732170105,6097.5,13276.4639023,400,0.00277444398962,314.25,1.588888168334961,0.00834569614381,0.33779263496398926,-0.00277444394305,400,57.55252456665039,53.71638226509094
-2.79396816794e-09,0.0,0.0107540575629,13.338956832885742,14742.568613529205,42500.0,2.65628,8110.51587447,39100.0,-1.13686837722e-09,0.0,0.465711282075,14.2273,2.65516,14.2433,1.4604802131652832,0.914032,56.29697847366333,0.913519,194.0546133518219,8231.0,15101.6816613,400,0.00268793364921,2413.5,1.5862903594970703,0.0070289010182,0.3626537322998047,-0.00268793478608,400,57.31417155265808,56.2604706287384
-2.8871014468e-09,0.0,0.093952107336,13.160561323165894,14934.714878559113,41800.0,2.65329,7512.84593214,40100.0,9.08039532455e-10,0.0,0.316355845619,14.1945,2.65286,14.2006,1.514777421951294,0.912664,54.851497173309326,0.912521,192.14031624794006,9141.0,15016.6164298,400,0.00310417867731,2314.0,1.5634686946868896,0.00651479000226,0.38109731674194336,-0.00310417776927,400,58.81284189224243,54.55073547363281
-4.1909502535e-09,0.0,0.0168017550228,13.298189878463745,15128.041428089142,42600.0,2.67324,2803.98640332,26000.0,-3.49245937725e-10,0.0,0.215282502298,14.4961,2.67388,14.4868,1.6217236518859863,0.922132,55.350651025772095,0.922446,192.5191135406494,4335.5,11658.6315556,400,0.00175071822014,635.5,1.5938913822174072,0.00765388831496,0.3509342670440674,-0.00175071856938,400,58.76713252067566,54.160162687301636
-8.00937094425e-09,0.0,0.0219875742062,13.011613845825195,15320.157945156097,38700.0,2.65984,5524.69428453,40800.0,-8.44011249779e-11,0.0,0.46277913965,14.327,2.66214,14.294,1.5162150859832764,0.916084,54.623881340026855,0.917166,192.10804414749146,4209.5,9274.88057875,400,0.00409010789299,1135.75,1.6195766925811768,0.00872733723372,0.36904478073120117,-0.00409010797739,400,58.94000482559204,54.83090949058533
-5.12227538163e-10,0.0,0.0393960993185,12.651839971542358,15510.588996887207,41900.0,2.67141,8670.52558961,39200.0,2.32830629776e-11,0.0,0.0630152258697,14.434,2.66959,14.4603,1.498194932937622,0.922146,52.878649950027466,0.921309,189.73972392082214,3514.5,9868.72533562,400,0.00249923348892,2656.0,1.5575342178344727,0.0072378674522,0.35842180252075195,-0.00249923346564,400,57.08853101730347,55.74215769767761
-1.50175605285e-09,0.0,0.0115013050721,13.131463527679443,15701.870384693146,42400.0,2.69289,7914.01476812,38500.0,-3.52156387384e-10,0.0,0.266078531433,14.7918,2.69407,14.7743,1.5348601341247559,0.932179,55.0205934047699,0.932674,191.2716155052185,12393.75,15788.9798891,400,0.00287505460146,2629.5,1.4861748218536377,0.00948435906321,0.39006900787353516,-0.00287505495362,400,56.66873049736023,55.795854568481445
9.77889325071e-10,0.0,0.017094328373,13.131680011749268,15897.931074619293,42400.0,2.70134,9514.3274066,40600.0,2.08674477697e-09,0.0,0.355365273336,14.874,2.69961,14.8997,1.5299277305603027,0.935207,55.55969715118408,0.934391,195.31491923332214,12562.0,17383.6490991,400,0.00284224212228,3582.0,1.614767074584961,0.00675170589238,0.37279295921325684,-0.00284224003553,400,59.31663489341736,56.2418098449707
3.72530062354e-10,0.0,0.02549009888,12.88572645187378,16088.292759418488,38700.0,2.70191,2313.82042032,14500.0,-6.05359706807e-10,0.0,0.380454474545,14.9268,2.70316,14.9082,1.5329358577728271,0.93491,53.91560077667236,0.935484,190.35417985916138,3566.0,9777.83176374,400,0.00313514899462,620.25,1.5273494720458984,0.00821948796511,0.3550291061401367,-0.00313514959998,400,57.076194524765015,55.86643934249878
1.30385136021e-09,0.0,0.0710698899488,13.05979037284851,16283.625376939774,41900.0,2.69765,7914.18648694,34200.0,-2.79396783487e-10,0.0,0.316128447354,14.874,2.69961,14.8449,1.5353894233703613,0.932841,55.05477428436279,0.933773,194.63336372375488,3779.75,10411.6144251,400,0.00238688169047,3173.5,1.5504183769226074,0.00663952575997,0.3408074378967285,-0.00238688196987,400,58.66836476325989,56.94430232048035
6.98492985673e-10,0.0,0.0136189796982,13.258949518203735,16477.87673521042,42800.0,2.70932,6827.57255088,40000.0,2.21189164207e-10,0.0,0.474302209209,15.0323,2.7102,15.0191,1.688288688659668,0.938477,56.00054335594177,0.938888,194.2453155517578,10862.75,16659.1172466,400,0.00315915675601,2051.75,1.5297980308532715,0.00912931188941,0.3354921340942383,-0.00315915653482,400,57.50158357620239,56.45016527175903
-1.02445485428e-09,0.0,0.0200920883381,12.889392852783203,16671.044162750244,40200.0,2.70534,6342.62524019,36000.0,1.11758702293e-09,0.0,0.15365253515,14.9282,2.70325,14.9595,1.5384886264801025,0.936601,54.58925104141235,0.935646,192.50977683067322,8807.75,14343.8650627,400,0.00304204383865,1739.75,1.6215167045593262,0.00874030869454,0.36057496070861816,-0.00304204272106,400,57.496946573257446,56.50610971450806
-9.68575619709e-09,0.0,0.12258250063,12.944600820541382,16862.976217985153,43200.0,2.68621,9872.20993496,42700.0,7.56699980453e-11,0.0,0.219889760567,14.6867,2.68694,14.676,1.4979445934295654,0.927348,55.20442581176758,0.927692,191.92622756958008,10621.75,15900.168299,400,0.00320172410575,3211.0,1.6050701141357422,0.00772499898449,0.36455392837524414,-0.00320172403008,400,56.91008162498474,56.0256667137146
7.45057682217e-10,0.0,0.0257408477066,12.83974003791809,17055.6070458889,42900.0,2.67262,6746.89699047,37500.0,3.95812133069e-10,0.0,0.161895769743,14.4919,2.67359,14.4778,1.5078911781311035,0.920998,54.48193597793579,0.921451,192.034508228302,7810.5,14890.5872869,400,0.00255495349411,2059.0,1.6195943355560303,0.00646110950038,0.34930992126464844,-0.0025549530983,400,57.52863025665283,56.301719427108765
